id1,affil1,affil_tokens,affil_tokens_labeled
7927,", IBM Almaden Research Center, 650 Harry Road, CA 95120, San Jose, USA",IBM Almaden Research Center; CA; 95120; San Jose; USA,IBM Almaden Research Center<ORG>; CA<GPE>; 95120<CARDINAL>; San Jose<GPE>; USA<GPE>
7930,", IIT Bombay",IIT Bombay,IIT Bombay<ORG>
7987,", University of California, San Diego, USA",University of California; San Diego; USA,University of California<ORG>; San Diego<GPE>; USA<GPE>
5613,"28msec Inc., Zurich, Switzerland",28msec Inc.; Zurich; Switzerland,28msec Inc.<ORG>; Zurich<GPE>; Switzerland<GPE>
9530,"28msec, Inc.","28msec, Inc.","28msec, Inc.<ORG>"
7952,"76 Patision Street, Athens University of Economics and Business, Athens, Greece",Athens University of Economics and Business; Athens; Greece,Athens University of Economics and Business<ORG>; Athens<GPE>; Greece<GPE>
7569,Aalborg Univ.,Aalborg Univ,Aalborg Univ<ORG>
7608,"Aalborg Univ., Aalborg, The Netherlands",Aalborg Univ; Aalborg; The Netherlands,Aalborg Univ<ORG>; Aalborg<GPE>; The Netherlands<GPE>
946,Aalborg University,Aalborg University,Aalborg University<ORG>
2336,"Aalborg University, Aalborg, Denmark",Aalborg University; Aalborg; Denmark,Aalborg University<ORG>; Aalborg<GPE>; Denmark<GPE>
2367,"Aalborg University, Denmark",Aalborg University; Denmark,Aalborg University<ORG>; Denmark<GPE>
8298,"Aalborg University, Denmark, Ost, Denmark",Aalborg University; Denmark; Ost,Aalborg University<ORG>; Denmark<GPE>; Ost<GPE>
651,"Advanced Data Management Technologies Laboratory, Department of Computer Science, University of Pittsburgh, Pittsburgh, PA",Advanced Data Management Technologies Laboratory; Department of Computer Science; University of Pittsburgh; Pittsburgh; PA,Advanced Data Management Technologies Laboratory<ORG>; Department of Computer Science<ORG>; University of Pittsburgh<ORG>; Pittsburgh<GPE>; PA<GPE>
7572,Agricultural Univ. of Athens,Agricultural Univ. of Athens,Agricultural Univ. of Athens<ORG>
8865,"Alma Mater Studiorum—Università di Bologna, Bologna, Italy",Alma Mater Studiorum; Università di Bologna; Bologna; Italy,Alma Mater Studiorum<ORG>; Università di Bologna<ORG>; Bologna<GPE>; Italy<GPE>
8445,Almaden,Almaden,Almaden<PERSON>
5887,"Almaden Research Center, San Jose, CA, USA",Almaden Research Center; San Jose; CA; USA,Almaden Research Center<ORG>; San Jose<GPE>; CA<GPE>; USA<GPE>
672,"Amazon Corp., Seattle",Amazon Corp.; Seattle,Amazon Corp.<ORG>; Seattle<GPE>
8128,"Amazon.com, Seattle",Amazon.com; Seattle,Amazon.com<ORG>; Seattle<GPE>
8425,"Applications Research Laboratory, Corporate Technology Group, Intel Corporation, USA",Applications Research Laboratory; Corporate Technology Group; Intel Corporation; USA,Applications Research Laboratory<ORG>; Corporate Technology Group<ORG>; Intel Corporation<ORG>; USA<GPE>
3893,"Aristotle University, Thessaloniki, Greece",Aristotle University; Thessaloniki; Greece,Aristotle University<ORG>; Thessaloniki<GPE>; Greece<GPE>
2341,"Arizona State Univ., Tempe, AZ",Arizona State Univ; Tempe; AZ,Arizona State Univ<ORG>; Tempe<GPE>; AZ<GPE>
2634,Arizona State University,Arizona State University,Arizona State University<ORG>
494,"Arizona State University, Arizona",Arizona State University; Arizona,Arizona State University<ORG>; Arizona<GPE>
2385,"Arizona State University, Tempe, AZ",Arizona State University; Tempe; AZ,Arizona State University<ORG>; Tempe<GPE>; AZ<GPE>
5629,"Arizona State University, Tempe, AZ, USA",Arizona State University; Tempe; AZ; USA,Arizona State University<ORG>; Tempe<GPE>; AZ<GPE>; USA<GPE>
9469,"Arizona State University, Tempe, USA",Arizona State University; Tempe; USA,Arizona State University<ORG>; Tempe<GPE>; USA<GPE>
3068,Aster Data,Aster Data,Aster Data<PERSON>
9563,Aster Data Systems,Aster Data Systems,Aster Data Systems<ORG>
5130,"ASU, Tempe, AZ",ASU; Tempe; AZ,ASU<ORG>; Tempe<GPE>; AZ<GPE>
4046,AT & T Labs-Research,AT & T Labs,AT & T Labs<ORG>
4168,"AT & T Labs-Research, Florham Park, NJ",AT & T Labs-Research; Florham Park; NJ,AT & T Labs-Research<ORG>; Florham Park<GPE>; NJ<GPE>
9264,"AT & T Labs-Research, Florham Park, USA 07932",AT & T Labs-Research; Florham Park; USA; 07932,AT & T Labs-Research<ORG>; Florham Park<GPE>; USA<GPE>; 07932<CARDINAL>
3435,AT&T,AT&T,AT&T<ORG>
6808,AT&T Laboratories,AT&T Laboratories,AT&T Laboratories<ORG>
6259,"AT&T Laboratories - Research, Florham Park, NJ, USA",AT&T Laboratories -; Florham Park; NJ; USA,AT&T Laboratories -<ORG>; Florham Park<GPE>; NJ<GPE>; USA<GPE>
1635,AT&T Labs,AT&T Labs,AT&T Labs<ORG>
1702,AT&T Labs - Research,AT&T Labs,AT&T Labs<ORG>
4264,"AT&T Labs - Research, Florham Park, NJ",AT&T Labs; Florham Park; NJ,AT&T Labs<ORG>; Florham Park<GPE>; NJ<GPE>
5865,"AT&T Labs - Research, Florham Park, NJ, USA",AT&T Labs -; Florham Park; NJ; USA,AT&T Labs -<ORG>; Florham Park<GPE>; NJ<GPE>; USA<GPE>
7429,AT&T Labs -- Research,AT&T Labs,AT&T Labs<ORG>
7761,"AT&T Labs &ndash;&#8211; Research, 180 Park Avenue, Bldg 103, Florham Park, NJ 07932, USA; E-mail: divesh@research.att.com",Research; Florham Park; NJ; 07932; USA,Research<ORG>; Florham Park<GPE>; NJ<GPE>; 07932<CARDINAL>; USA<GPE>
2240,AT&T Labs Inc.,AT&T Labs Inc.,AT&T Labs Inc.<ORG>
6367,"AT&T Labs Inc. - Research, Florham Park, NJ, USA",AT&T Labs Inc.; Florham Park; NJ; USA,AT&T Labs Inc.<ORG>; Florham Park<GPE>; NJ<GPE>; USA<GPE>
454,AT&T Labs Research,AT&T Labs Research,AT&T Labs Research<ORG>
7730,"AT&T Labs Research, 180 Park Avenue, Room E243, Florham Park, NJ 07932, USA; E-mail: mff@research.att.com",AT&T Labs Research; E243; Florham Park; NJ; 07932; USA,AT&T Labs Research<ORG>; E243<CARDINAL>; Florham Park<GPE>; NJ<GPE>; 07932<CARDINAL>; USA<GPE>
7699,"AT&T Labs Research, Florham Park, N.J., USA; e-mail: divesh@research.att.com",AT&T Labs Research; Florham Park; N.J.; USA,AT&T Labs Research<ORG>; Florham Park<GPE>; N.J.<GPE>; USA<GPE>
1072,"AT&T Labs Research, Florham Park, NJ",AT&T Labs Research; Florham Park; NJ,AT&T Labs Research<ORG>; Florham Park<GPE>; NJ<GPE>
5996,"AT&T Labs Research, Florham Park, NJ, USA",AT&T Labs Research; Florham Park; NJ; USA,AT&T Labs Research<ORG>; Florham Park<GPE>; NJ<GPE>; USA<GPE>
7733,AT&T Labs Research; E-mail: suciu@research.att.com,AT&T Labs Research,AT&T Labs Research<ORG>
7080,AT&T Labs---Research,AT&T Labs,AT&T Labs<ORG>
7659,"AT&T Labs---Research, Florham Park, NJ",AT&T Labs; Research; Florham Park; NJ,AT&T Labs<ORG>; Research<ORG>; Florham Park<GPE>; NJ<GPE>
3142,AT&T Labs--Research,AT&T Labs,AT&T Labs<ORG>
3117,"AT&T Labs--Research, Florham Park, NJ",AT&T Labs; Florham Park; NJ,AT&T Labs<ORG>; Florham Park<GPE>; NJ<GPE>
8034,"AT&T Labs--Research, NJ",AT&T Labs; Research; NJ,AT&T Labs<ORG>; Research<ORG>; NJ<GPE>
8024,"AT&T Labs--Research, USA",AT&T Labs; USA,AT&T Labs<ORG>; USA<GPE>
103,AT&T Labs-Research,AT&T Labs-Research,AT&T Labs-Research<ORG>
7737,"AT&T Labs-Research, 180 Park Ave., Room E 233, Florham Park, NJ 07932-0971, USA; http://www.research.att.com/~suciu",AT&T Labs-Research; 233; Florham Park; NJ; 07932; USA,AT&T Labs-Research<ORG>; 233<CARDINAL>; Florham Park<GPE>; NJ<GPE>; 07932<CARDINAL>; USA<GPE>
7710,"AT&T Labs-Research, 180 Park Avenue, Bldg. 103, Florham Park, NJ 07932, USA; e-mail: {sihem, divesh}@research.att.com",AT&T Labs-Research; Bldg. 103; Florham Park; NJ; 07932; USA,AT&T Labs-Research<ORG>; Bldg. 103<FAC>; Florham Park<GPE>; NJ<GPE>; 07932<CARDINAL>; USA<GPE>
8948,"AT&T Labs-Research, Florham Park NJ",AT&T Labs-Research; Florham Park; NJ,AT&T Labs-Research<ORG>; Florham Park<GPE>; NJ<GPE>
2964,"AT&T Labs-Research, Florham Park, NJ",AT&T Labs-Research; Florham Park; NJ,AT&T Labs-Research<ORG>; Florham Park<GPE>; NJ<GPE>
5773,"AT&T Labs-Research, New Jersey, NJ, USA",AT&T Labs-Research; New Jersey; NJ; USA,AT&T Labs-Research<ORG>; New Jersey<GPE>; NJ<GPE>; USA<GPE>
1456,"AT&T Labs-Research, NJ",AT&T Labs-Research; NJ,AT&T Labs-Research<ORG>; NJ<GPE>
8577,"AT&T Labs-Research, USA",AT&T Labs-Research; USA,AT&T Labs-Research<ORG>; USA<GPE>
9240,"AT&T Labs, Florham Park, NJ",AT&T Labs; Florham Park; NJ,AT&T Labs<ORG>; Florham Park<GPE>; NJ<GPE>
6156,"AT&T Labs, Florham Park, NJ, USA",AT&T Labs; Florham Park; NJ; USA,AT&T Labs<ORG>; Florham Park<GPE>; NJ<GPE>; USA<GPE>
6764,"AT&T Labs, Research",AT&T Labs,AT&T Labs<ORG>
7624,AT&T Labs?Research,AT&T Labs?Research,AT&T Labs?Research<ORG>
9400,"AT&T Labs&mdash;&#8212;Research, Florham Park, NJ",AT&T Labs&mdash;&#8212;Research; Florham Park; NJ,AT&T Labs&mdash;&#8212;Research<ORG>; Florham Park<GPE>; NJ<GPE>
7112,AT&T Research,AT&T Research,AT&T Research<ORG>
7105,"AT&T Research Laboratory, Florham Park, NJ",AT&T Research Laboratory; Florham Park; NJ,AT&T Research Laboratory<ORG>; Florham Park<GPE>; NJ<GPE>
3074,Athens Univ. of Economics and Business,Athens Univ. of Economics and Business,Athens Univ. of Economics and Business<ORG>
5179,"Athens University of Economics and Business, Athens, Greece",Athens University of Economics and Business; Athens; Greece,Athens University of Economics and Business<ORG>; Athens<GPE>; Greece<GPE>
2494,"Athens University of Economics and Business, Greece",Athens University of Economics and Business; Greece,Athens University of Economics and Business<ORG>; Greece<GPE>
5204,"ATT Labs - Research, Florham Park, NJ",ATT Labs - Research; Florham Park; NJ,ATT Labs - Research<ORG>; Florham Park<GPE>; NJ<GPE>
1854,"Basic Research Unit, Helsinki Institute for Information Technology, Department of Computer Science, University of Helsinki, Finland",Basic Research Unit; Helsinki Institute for Information Technology; Department of Computer Science; University of Helsinki; Finland,Basic Research Unit<ORG>; Helsinki Institute for Information Technology<ORG>; Department of Computer Science<ORG>; University of Helsinki<ORG>; Finland<GPE>
1140,"Bayerisches Forschungszentrum für Wissensbasierte Systeme, Orleansstrá, München, Germany",Bayerisches Forschungszentrum für Wissensbasierte Systeme; Orleansstrá; München; Germany,Bayerisches Forschungszentrum für Wissensbasierte Systeme<ORG>; Orleansstrá<GPE>; München<GPE>; Germany<GPE>
3653,BEA Systems,BEA Systems,BEA Systems<ORG>
6321,"BEA Systems Inc, San Jose, CA, USA",BEA Systems Inc; San Jose; CA; USA,BEA Systems Inc<ORG>; San Jose<GPE>; CA<GPE>; USA<GPE>
2587,"BEA Systems, Inc, San Jose","BEA Systems, Inc; San Jose","BEA Systems, Inc<ORG>; San Jose<GPE>"
2465,"BEA Systems, Inc.","BEA Systems, Inc.","BEA Systems, Inc.<ORG>"
1224,"BEA Systems, Inc.,","BEA Systems, Inc.","BEA Systems, Inc.<ORG>"
4616,"BEA Systems, Inc., Burlington, MA","BEA Systems, Inc.; Burlington; MA","BEA Systems, Inc.<ORG>; Burlington<GPE>; MA<GPE>"
5337,"BEA Systems, Inc., San Francisco, CA","BEA Systems, Inc.; San Francisco; CA","BEA Systems, Inc.<ORG>; San Francisco<GPE>; CA<GPE>"
799,"BEA Systems, Inc., San Jose, CA","BEA Systems, Inc.; San Jose; CA","BEA Systems, Inc.<ORG>; San Jose<GPE>; CA<GPE>"
804,"BEA Systems, Inc., San Jose, CA and Computer Science Department at the University of California, San Diego","BEA Systems, Inc.; San Jose; CA; Computer Science Department; the University of California, San Diego","BEA Systems, Inc.<ORG>; San Jose<GPE>; CA<GPE>; Computer Science Department<ORG>; the University of California, San Diego<ORG>"
4627,"BEA Systems, Liberty Corner, NJ",BEA Systems; Liberty Corner; NJ,BEA Systems<ORG>; Liberty Corner<GPE>; NJ<GPE>
9233,"BEA Systems, Redwood Shores, CA",BEA Systems; Redwood Shores; CA,BEA Systems<ORG>; Redwood Shores<GPE>; CA<GPE>
4629,"BEA Systems, San Francisco, CA",BEA Systems; San Francisco; CA,BEA Systems<ORG>; San Francisco<GPE>; CA<GPE>
1583,"BEA Systems, San Jose, CA",BEA Systems; San Jose; CA,BEA Systems<ORG>; San Jose<GPE>; CA<GPE>
1585,"BEA Systems, San Jose, CA and Technical University of Munich, Munich, Germany",BEA Systems; San Jose; CA; Technical University of Munich; Munich; Germany,BEA Systems<ORG>; San Jose<GPE>; CA<GPE>; Technical University of Munich<ORG>; Munich<GPE>; Germany<GPE>
8070,"BEA Systems, USA",BEA Systems; USA,BEA Systems<ORG>; USA<GPE>
4236,"BEA Systems. Inc., San Francisco, CA",BEA Systems. Inc.; San Francisco; CA,BEA Systems. Inc.<ORG>; San Francisco<GPE>; CA<GPE>
3,Bell Laboratories,Bell Laboratories,Bell Laboratories<ORG>
100,Bell Laboratories (India),Bell Laboratories; India,Bell Laboratories<ORG>; India<GPE>
6511,"Bell Laboratories, 600 Mountain Avenue, Murray Hill, NJ",Bell Laboratories; Murray Hill; NJ,Bell Laboratories<ORG>; Murray Hill<GPE>; NJ<GPE>
7861,"Bell Laboratories, 600 Mountain Avenue, Murray Hill, NJ 07974, USA; e-mail: {minos,rastogi}@bell-labs.com",Bell Laboratories; Murray Hill; NJ; 07974; USA,Bell Laboratories<ORG>; Murray Hill<GPE>; NJ<GPE>; 07974<CARDINAL>; USA<GPE>
5671,"Bell Laboratories, Alcatel-Lucent, Lisle, IL, USA",Bell Laboratories; Alcatel-Lucent; Lisle; IL; USA,Bell Laboratories<ORG>; Alcatel-Lucent<ORG>; Lisle<GPE>; IL<GPE>; USA<GPE>
22,"Bell Laboratories, Lucent Technologies",Bell Laboratories; Lucent Technologies,Bell Laboratories<ORG>; Lucent Technologies<ORG>
7913,"Bell Laboratories, Lucent Technologies, 600 Mountain Ave., NJ 07974, Murray Hill, USA",Bell Laboratories; Lucent Technologies; Mountain Ave; NJ; 07974; Murray Hill; USA,Bell Laboratories<ORG>; Lucent Technologies<ORG>; Mountain Ave<FAC>; NJ<GPE>; 07974<CARDINAL>; Murray Hill<GPE>; USA<GPE>
7717,"Bell Laboratories, Lucent Technologies, 600 Mountain Ave., NJ 07974, USA; {cychan, pascal, minos, rastogi}@research.bell-labs.com",Lucent Technologies; NJ; USA; cychan; pascal,Lucent Technologies<ORG>; NJ<GPE>; USA<GPE>; cychan<PERSON>; pascal<PERSON>
7320,"Bell Laboratories, Lucent Technologies, Murray Hill, NJ",Bell Laboratories; Lucent Technologies; Murray Hill; NJ,Bell Laboratories<ORG>; Lucent Technologies<ORG>; Murray Hill<GPE>; NJ<GPE>
8098,"Bell Laboratories, Lucent Technologies, USA",Bell Laboratories; Lucent Technologies; USA,Bell Laboratories<ORG>; Lucent Technologies<ORG>; USA<GPE>
6586,"Bell Laboratories, Murray Hill, NJ",Bell Laboratories; Murray Hill; NJ,Bell Laboratories<ORG>; Murray Hill<GPE>; NJ<GPE>
455,Bell Labs,Bell Labs,Bell Labs<ORG>
4330,Bell Labs Research,Bell Labs,Bell Labs<ORG>
5591,"Bell Labs Research India, India",Bell Labs; India,Bell Labs<ORG>; India<GPE>
5655,"Bell Labs Research, Bangalore, India",Bell Labs Research; Bangalore; India,Bell Labs Research<ORG>; Bangalore<GPE>; India<GPE>
2246,"Bell Labs, Alcatel-Lucent",Bell Labs; Alcatel-Lucent,Bell Labs<ORG>; Alcatel-Lucent<ORG>
7007,"Bell Labs, Lucent",Bell Labs; Lucent,Bell Labs<ORG>; Lucent<ORG>
1,"Bell Labs, Lucent Technologies",Bell Labs; Lucent Technologies,Bell Labs<ORG>; Lucent Technologies<ORG>
7120,"Bell Labs, Lucent Technologies Murray Hill, NJ",Bell Labs; Lucent Technologies; Murray Hill; NJ,Bell Labs<ORG>; Lucent Technologies<ORG>; Murray Hill<GPE>; NJ<GPE>
7999,"Bell Labs, Lucent Technologies, Murray Hill, New Jersey",Bell Labs; Lucent Technologies; Murray Hill; New Jersey,Bell Labs<ORG>; Lucent Technologies<ORG>; Murray Hill<GPE>; New Jersey<GPE>
8206,"Bell Labs, Lucent Technologies, Murray Hill, NJ",Bell Labs; Lucent Technologies; Murray Hill; NJ,Bell Labs<ORG>; Lucent Technologies<ORG>; Murray Hill<GPE>; NJ<GPE>
6487,"Bell Labs, Murray Hill, NJ",Bell Labs; Murray Hill; NJ,Bell Labs<ORG>; Murray Hill<GPE>; NJ<GPE>
6538,Bell Labs.,Bell Labs,Bell Labs<ORG>
543,Berkeley,Berkeley,Berkeley<GPE>
4052,Berufsakademie Stuttgart/IBM Germany,Berufsakademie Stuttgart; IBM; Germany,Berufsakademie Stuttgart<ORG>; IBM<ORG>; Germany<GPE>
8106,"Bilkent University, Ankara, Turkey",Bilkent University; Ankara; Turkey,Bilkent University<ORG>; Ankara<GPE>; Turkey<GPE>
8108,"Bilkent University, Bursa, Turkey",Bilkent University; Bursa; Turkey,Bilkent University<ORG>; Bursa<GPE>; Turkey<GPE>
321,"Biological Data Management and Technology Center, Berkeley, CA",Biological Data Management and Technology Center; Berkeley; CA,Biological Data Management and Technology Center<ORG>; Berkeley<GPE>; CA<GPE>
4246,Boeing Phantom Works,Boeing,Boeing<ORG>
257,Boston University,Boston University,Boston University<ORG>
2331,"Boston University, Boston, MA",Boston University; Boston; MA,Boston University<ORG>; Boston<GPE>; MA<GPE>
5642,"Boston University, Boston, MA, USA",Boston University; Boston; MA; USA,Boston University<ORG>; Boston<GPE>; MA<GPE>; USA<GPE>
9373,"Boston University, Boston, USA",Boston University; Boston; USA,Boston University<ORG>; Boston<GPE>; USA<GPE>
9383,"Boston University, Boston, USA 02215",Boston University; Boston; USA; 02215,Boston University<ORG>; Boston<GPE>; USA<GPE>; 02215<CARDINAL>
1009,Brandeis University,Brandeis University,Brandeis University<ORG>
155,"Brandeis University, Waltham, MA",Brandeis University; Waltham; MA,Brandeis University<ORG>; Waltham<GPE>; MA<GPE>
5706,"Brandeis University, Waltham, MA, USA",Brandeis University; Waltham; MA; USA,Brandeis University<ORG>; Waltham<GPE>; MA<GPE>; USA<GPE>
9625,Brown U,Brown U,Brown U<ORG>
736,Brown University,Brown University,Brown University<ORG>
164,"Brown University, Providence, RI",Brown University; Providence; RI,Brown University<ORG>; Providence<GPE>; RI<GPE>
5999,"Brown University, Providence, RI, USA",Brown University; Providence; RI; USA,Brown University<ORG>; Providence<GPE>; RI<GPE>; USA<GPE>
4644,"Brown University, Providence, RI.",Brown University; Providence; RI,Brown University<ORG>; Providence<GPE>; RI<GPE>
9063,C.M.U.,C. M. U,C. M. U<ORG>
1098,"C&C Research Laboratories - Silicon Valley, NEC USA, INC., Cupertino, California","C&C Research Laboratories; Silicon Valley; NEC USA, INC; Cupertino; California","C&C Research Laboratories<ORG>; Silicon Valley<LOC>; NEC USA, INC<ORG>; Cupertino<GPE>; California<GPE>"
1244,"C&C Research Laboratories - Silicon Valley, NEC USA, Inc., Suite, Cupertino, California","C&C Research Laboratories; Silicon Valley; NEC USA, Inc.; Suite; Cupertino; California","C&C Research Laboratories<ORG>; Silicon Valley<LOC>; NEC USA, Inc.<ORG>; Suite<FAC>; Cupertino<GPE>; California<GPE>"
7777,"C&C Research Laboratories, NEC USA, 110 Rio Robles, M/S SJ100, San Jose, CA 95134, USA; E-mail: {wen,candan,hirata,hara}@ccrl.sj.nec.com",C&C Research Laboratories; NEC USA; San Jose; CA; 95134; USA,C&C Research Laboratories<ORG>; NEC USA<ORG>; San Jose<GPE>; CA<GPE>; 95134<DATE>; USA<GPE>
6883,"C&C Research Laboratories, NEC, Inc., 110 Rio Robles, San Jose, CA","C&C Research Laboratories; NEC, Inc.; 110; San Jose; CA","C&C Research Laboratories<ORG>; NEC, Inc.<ORG>; 110<CARDINAL>; San Jose<GPE>; CA<GPE>"
233,Carnegie Mellon University,Carnegie Mellon University,Carnegie Mellon University<ORG>
9792,"Carnegie Mellon University, 5000 Forbes Ave., Pittsburgh, PA 15213, USA",Carnegie Mellon University; Pittsburgh; PA; 15213; USA,Carnegie Mellon University<ORG>; Pittsburgh<GPE>; PA<GPE>; 15213<CARDINAL>; USA<GPE>
9040,"Carnegie Mellon University, Akamai Technologies",Carnegie Mellon University; Akamai Technologies,Carnegie Mellon University<ORG>; Akamai Technologies<ORG>
9039,"Carnegie Mellon University, EPFL",Carnegie Mellon University; EPFL,Carnegie Mellon University<ORG>; EPFL<ORG>
9041,"Carnegie Mellon University, Intel Research Pittsburgh",Carnegie Mellon University; Intel Research Pittsburgh,Carnegie Mellon University<ORG>; Intel Research Pittsburgh<ORG>
4139,"Carnegie Mellon University, Pittsburgh",Carnegie Mellon University; Pittsburgh,Carnegie Mellon University<ORG>; Pittsburgh<GPE>
18,"Carnegie Mellon University, Pittsburgh, PA",Carnegie Mellon University; Pittsburgh; PA,Carnegie Mellon University<ORG>; Pittsburgh<GPE>; PA<GPE>
5598,"Carnegie Mellon University, Pittsburgh, PA, USA",Carnegie Mellon University; Pittsburgh; PA; USA,Carnegie Mellon University<ORG>; Pittsburgh<GPE>; PA<GPE>; USA<GPE>
896,"Carnegie Mellon University, Pittsburgh, Pennsylvania",Carnegie Mellon University; Pittsburgh; Pennsylvania,Carnegie Mellon University<ORG>; Pittsburgh<GPE>; Pennsylvania<GPE>
8064,"Carnegie Mellon University, USA",Carnegie Mellon University; USA,Carnegie Mellon University<ORG>; USA<GPE>
32,"Case Western Reserve University, Cleveland, OH",Case Western Reserve University; Cleveland; OH,Case Western Reserve University<ORG>; Cleveland<GPE>; OH<GPE>
1651,Cedric-CNAM,Cedric-CNAM,Cedric-CNAM<ORG>
2691,"CEDRIC-CNAM Paris, France",CEDRIC-CNAM; Paris; France,CEDRIC-CNAM<ORG>; Paris<GPE>; France<GPE>
9413,"Cedric, CNAM, Paris, France",Cedric; CNAM; Paris; France,Cedric<ORG>; CNAM<ORG>; Paris<GPE>; France<GPE>
7680,"Cedric/CNAM Paris, France; e-mail: vodislav&commat;cnam.fr",Paris; France,Paris<GPE>; France<GPE>
1416,"Center for Adv. Compu. Studies, Univ. of Louisiana at Lafayette, Lafayette, LA",Center for Adv. Compu. Studies; Univ. of Louisiana at Lafayette; Lafayette; LA,Center for Adv. Compu. Studies<ORG>; Univ. of Louisiana at Lafayette<ORG>; Lafayette<GPE>; LA<GPE>
8057,"Center for Advanced Computer Studies, University of Illinois at Chicago, USA",Center for Advanced Computer Studies; University of Illinois at Chicago; USA,Center for Advanced Computer Studies<ORG>; University of Illinois at Chicago<ORG>; USA<GPE>
9428,"Center for Comprehensive Informatics, Emory University, Atlanta, USA 30322",Center for Comprehensive Informatics; Emory University; Atlanta; USA; 30322,Center for Comprehensive Informatics<ORG>; Emory University<ORG>; Atlanta<GPE>; USA<GPE>; 30322<CARDINAL>
883,"Center for Research in Biological System, University of California, San Diego, CA",Center for Research in Biological System; University of California; San Diego; CA,Center for Research in Biological System<ORG>; University of California<ORG>; San Diego<GPE>; CA<GPE>
2224,"Centrum voor Wiskunde en Informatica, Amsterdam, the Netherlands",Wiskunde en Informatica; Amsterdam; Netherlands,Wiskunde en Informatica<ORG>; Amsterdam<GPE>; Netherlands<GPE>
7082,"Centrum voor Wiskunde en Informatica, Kruislaan 413, 1098 SJ, Amsterdam, The Netherlands",Wiskunde en Informatica; Kruislaan; Amsterdam; The Netherlands,Wiskunde en Informatica<ORG>; Kruislaan<GPE>; Amsterdam<GPE>; The Netherlands<GPE>
2408,"Centrum voor Wiskunde en Informatica, SJ Amsterdam, The Netherlands",Wiskunde en Informatica; Amsterdam; The Netherlands,Wiskunde en Informatica<ORG>; Amsterdam<GPE>; The Netherlands<GPE>
6118,"Centrum Wiskunde en Informatica, Amsterdam, Netherlands",Centrum Wiskunde en Informatica; Amsterdam; Netherlands,Centrum Wiskunde en Informatica<ORG>; Amsterdam<GPE>; Netherlands<GPE>
2095,"CERIA Lab., Université Paris Dauphine, France",CERIA Lab; Université Paris Dauphine; France,CERIA Lab<ORG>; Université Paris Dauphine<ORG>; France<GPE>
8769,"CERIAS and Department of Computer Science, Purdue University, West Lafayette, USA",Department of Computer Science; Purdue University; West Lafayette; USA,Department of Computer Science<ORG>; Purdue University<ORG>; West Lafayette<GPE>; USA<GPE>
7156,CERN,CERN,CERN<ORG>
1027,"CES Dept., UC Riverside",CES Dept; UC Riverside,CES Dept<ORG>; UC Riverside<ORG>
9001,Chinese Academy of Sciences,Chinese Academy of Sciences,Chinese Academy of Sciences<ORG>
2583,"Chinese Academy of Sciences, Beijing, China",Chinese Academy of Sciences; Beijing; China,Chinese Academy of Sciences<ORG>; Beijing<GPE>; China<GPE>
9641,"Chinese Academy of Sciences, China",Chinese Academy of Sciences; China,Chinese Academy of Sciences<ORG>; China<GPE>
3308,Chinese University of Hong Kong,Chinese University of Hong Kong,Chinese University of Hong Kong<ORG>
8992,"Chinese university of Hong Kong, Hong Kong, China",Chinese; Hong Kong; China,Chinese<NORP>; Hong Kong<GPE>; China<GPE>
5280,"Chinese University of Hong Kong, Hong Kong, Hong Kong",Chinese University of Hong Kong; Hong Kong,Chinese University of Hong Kong<ORG>; Hong Kong<GPE>
3223,"Chinese University of Hong Kong, New Territories, Hong Kong",Chinese University of Hong Kong; New Territories; Hong Kong,Chinese University of Hong Kong<ORG>; New Territories<GPE>; Hong Kong<GPE>
9136,"Chinese University of Hong Kong, Sha Tin, New Territories, Hong Kong",Chinese University of Hong Kong; Sha Tin; New Territories; Hong Kong,Chinese University of Hong Kong<ORG>; Sha Tin<GPE>; New Territories<GPE>; Hong Kong<GPE>
3905,Chutney Technologies,Chutney Technologies,Chutney Technologies<ORG>
8037,"Chutney Technologies, Atlanta, GA",Chutney Technologies; Atlanta; GA,Chutney Technologies<ORG>; Atlanta<GPE>; GA<GPE>
6972,"Chutney Technologies, Inc., Atlanta, GA","Chutney Technologies, Inc.; Atlanta; GA","Chutney Technologies, Inc.<ORG>; Atlanta<GPE>; GA<GPE>"
7795,"CIMIC and MSIS Department, Rutgers University, 180 University Avenue, Newark NJ 07102, USA e-mail: adam@adam.rutgers.edu; atluri@andromeda.rutgers.edu",CIMIC and MSIS Department; Rutgers University; Newark; NJ; 07102; USA,CIMIC and MSIS Department<ORG>; Rutgers University<ORG>; Newark<GPE>; NJ<GPE>; 07102<CARDINAL>; USA<GPE>
1348,"CIS Department, Polytechnic University, Brooklyn, NY",CIS Department; Polytechnic University; Brooklyn; NY,CIS Department<ORG>; Polytechnic University<ORG>; Brooklyn<GPE>; NY<GPE>
763,"CISE Department, University of Florida, Gainesville, FL",CISE Department; University of Florida; Gainesville; FL,CISE Department<ORG>; University of Florida<ORG>; Gainesville<GPE>; FL<GPE>
4814,City University of Hong Kong,City University of Hong Kong,City University of Hong Kong<ORG>
75,"City University of Hong Kong, Hong Kong",City University of Hong Kong; Hong Kong,City University of Hong Kong<ORG>; Hong Kong<GPE>
7890,"City University of Hong Kong, Hong Kong, China",City University of Hong Kong; Hong Kong; China,City University of Hong Kong<ORG>; Hong Kong<GPE>; China<GPE>
9292,"City University of Hong Kong, Kowloon, Hong Kong",City University of Hong Kong; Kowloon; Hong Kong,City University of Hong Kong<ORG>; Kowloon<GPE>; Hong Kong<GPE>
9284,"Clausthal University of Technology, Clausthal-Zellerfeld, Germany",Clausthal University of Technology; Clausthal-Zellerfeld; Germany,Clausthal University of Technology<ORG>; Clausthal-Zellerfeld<GPE>; Germany<GPE>
3862,Clustra AS,Clustra AS,Clustra AS<PERSON>
3487,"Clustra, Trondheim, Norway",Clustra; Trondheim; Norway,Clustra<GPE>; Trondheim<GPE>; Norway<GPE>
3406,CMU,CMU,CMU<ORG>
3561,CNAM,CNAM,CNAM<ORG>
3763,CNAM Paris,CNAM; Paris,CNAM<ORG>; Paris<GPE>
2872,"CNAM, France",CNAM; France,CNAM<ORG>; France<GPE>
7938,"College of Business Administration, University of Cincinnati",College of Business Administration; University of Cincinnati,College of Business Administration<ORG>; University of Cincinnati<ORG>
691,"College of Computer and Information Science, Northeastern University, Boston, MA",College of Computer and Information Science; Northeastern University; Boston; MA,College of Computer and Information Science<ORG>; Northeastern University<ORG>; Boston<GPE>; MA<GPE>
8176,"College of Computer and Information Science, Northeastern University, USA",College of Computer and Information Science; Northeastern University; USA,College of Computer and Information Science<ORG>; Northeastern University<ORG>; USA<GPE>
6634,"College of Computing, Georgia Institute of Technology",College of Computing; Georgia Institute of Technology,College of Computing<ORG>; Georgia Institute of Technology<ORG>
7960,"College of Computing, Georgia Institute of Technology, 801 Atlantic Drive, GA, 30332-0280, Atlanta, USA",College of Computing; Georgia Institute of Technology; GA; 30332; Atlanta; USA,College of Computing<ORG>; Georgia Institute of Technology<ORG>; GA<GPE>; 30332<CARDINAL>; Atlanta<GPE>; USA<GPE>
8587,"College of Computing, Georgia Institute of Technology, Atlanta, USA",College of Computing; Georgia Institute of Technology; Atlanta; USA,College of Computing<ORG>; Georgia Institute of Technology<ORG>; Atlanta<GPE>; USA<GPE>
1211,"College of Engineering, School of Computer Engineering, Nanyang Technological University, Singapore",College of Engineering; School of Computer Engineering; Nanyang Technological University; Singapore,College of Engineering<ORG>; School of Computer Engineering<ORG>; Nanyang Technological University<ORG>; Singapore<GPE>
7880,"College of Information Science and Technology, Drexel University, 3141 Chestnut Street, Philadelphia, PA 19104-2875, USA",College of Information Science and Technology; Drexel University; 3141; Philadelphia; PA; 19104-2875; USA,College of Information Science and Technology<ORG>; Drexel University<ORG>; 3141<CARDINAL>; Philadelphia<GPE>; PA<GPE>; 19104-2875<CARDINAL>; USA<GPE>
1161,"College of Information Science and Technology, Drexel University, Philadelphia, Pennsylvania",College of Information Science and Technology; Drexel University; Philadelphia; Pennsylvania,College of Information Science and Technology<ORG>; Drexel University<ORG>; Philadelphia<GPE>; Pennsylvania<GPE>
8545,"College of Information Science and Technology, Drexel University, Philadelphia, USA 19104",College of Information Science and Technology; Drexel University; Philadelphia; USA; 19104,College of Information Science and Technology<ORG>; Drexel University<ORG>; Philadelphia<GPE>; USA<GPE>; 19104<CARDINAL>
861,"College of Information Sciences and Technology, The Pennsylvania State University, University Park, PA",College of Information Sciences and Technology; The Pennsylvania State University; University Park; PA,College of Information Sciences and Technology<ORG>; The Pennsylvania State University<ORG>; University Park<GPE>; PA<GPE>
865,"College of Information Sciences and Technology, The Pennsylvania State University, University Park, PA and Department of Computer Science and Engineering, The Pennsylvania State University, University Park, PA",College of Information Sciences and Technology; The Pennsylvania State University; University Park; PA; Department of Computer Science and Engineering,College of Information Sciences and Technology<ORG>; The Pennsylvania State University<ORG>; University Park<GPE>; PA<GPE>; Department of Computer Science and Engineering<ORG>
12,Columbia University,Columbia University,Columbia University<ORG>
9237,"Columbia University, New York",Columbia University; New York,Columbia University<ORG>; New York<GPE>
8004,"Columbia University, New York, New York",Columbia University; New York,Columbia University<ORG>; New York<GPE>
479,"Columbia University, New York, NY",Columbia University; New York; NY,Columbia University<ORG>; New York<GPE>; NY<GPE>
6026,"Columbia University, New York, NY, USA",Columbia University; New York; NY; USA,Columbia University<ORG>; New York<GPE>; NY<GPE>; USA<GPE>
2935,"Columbia University, NYC, NY",Columbia University; NYC; NY,Columbia University<ORG>; NYC<GPE>; NY<GPE>
968,"Comp. Eng. Dept, Bilkent University, Ankara, Turkey",Comp.; Bilkent University; Ankara; Turkey,Comp.<ORG>; Bilkent University<ORG>; Ankara<GPE>; Turkey<GPE>
1503,"Comp. Sci. Div, Dept EECS, UC Berkeley, Berkeley, CA",Comp. Sci. Div; EECS; UC Berkeley; Berkeley; CA,Comp. Sci. Div<ORG>; EECS<ORG>; UC Berkeley<ORG>; Berkeley<GPE>; CA<GPE>
6483,"Compaq SRC, Palo Alto, CA",Compaq SRC; Palo Alto; CA,Compaq SRC<ORG>; Palo Alto<GPE>; CA<GPE>
7580,Compaq Systems Research Center,Compaq Systems Research Center,Compaq Systems Research Center<ORG>
3497,"Compaq, Il, USA",Compaq; Il; USA,Compaq<ORG>; Il<GPE>; USA<GPE>
6752,"Computer & Information Science Department, University of Pennsylvania, 200 South 33rd Street, Philadelphia, PA",Computer & Information Science Department; University of Pennsylvania; 200; Philadelphia; PA,Computer & Information Science Department<ORG>; University of Pennsylvania<ORG>; 200<CARDINAL>; Philadelphia<GPE>; PA<GPE>
9267,"Computer and Information Science and Engineering Department, University of Florida, Gainesville, USA 32611",Computer and Information Science and Engineering Department; University of Florida; Gainesville; USA; 32611,Computer and Information Science and Engineering Department<ORG>; University of Florida<ORG>; Gainesville<GPE>; USA<GPE>; 32611<CARDINAL>
8795,"Computer and Information Science and Engineering, University of Florida, Gainesville, USA 32611",Computer and Information Science and Engineering; University of Florida; Gainesville; USA; 32611,Computer and Information Science and Engineering<ORG>; University of Florida<ORG>; Gainesville<GPE>; USA<GPE>; 32611<CARDINAL>
7881,"Computer Engineering and Informatics, University of Patras, Greece",Computer Engineering and Informatics; University of Patras; Greece,Computer Engineering and Informatics<ORG>; University of Patras<ORG>; Greece<GPE>
1925,"Computer Laboratory, University of Cambridge",Computer Laboratory; University of Cambridge,Computer Laboratory<ORG>; University of Cambridge<ORG>
2075,"Computer Science & Engineering Department, University of California, Riverside, Riverside, CA",Computer Science & Engineering Department; University of California; Riverside; CA,Computer Science & Engineering Department<ORG>; University of California<ORG>; Riverside<GPE>; CA<GPE>
1126,"Computer Science & Engineering, Indian Institute of Technology, Mumbai, India",Computer Science & Engineering; Indian Institute of Technology; Mumbai; India,Computer Science & Engineering<ORG>; Indian Institute of Technology<ORG>; Mumbai<GPE>; India<GPE>
2176,"Computer Science and Artificial Intelligence Lab., Massachusetts Institute of Technology",Computer Science and Artificial Intelligence Lab; Massachusetts Institute of Technology,Computer Science and Artificial Intelligence Lab<ORG>; Massachusetts Institute of Technology<ORG>
1292,"Computer Science and Engg. Dept., I.I.T., Bombay",Computer Science and Engg. Dept; I.I.T.; Bombay,Computer Science and Engg. Dept<ORG>; I.I.T.<ORG>; Bombay<GPE>
6477,"Computer Science and Engg., Tndian Institiue of Technology, Mumbai 400076,INDIA",Computer Science and Engg.; Tndian Institiue of Technology; Mumbai,Computer Science and Engg.<ORG>; Tndian Institiue of Technology<ORG>; Mumbai<GPE>
7744,"Computer Science and Engineering Department, Arizona State University, Tempe, AZ 85287-5406, USA; e-mail: candan@asu.edu",Computer Science and Engineering Department; Arizona State University; Tempe; AZ; 85287; USA,Computer Science and Engineering Department<ORG>; Arizona State University<ORG>; Tempe<GPE>; AZ<GPE>; 85287<CARDINAL>; USA<GPE>
8823,"Computer Science and Engineering Department, State University of New York at Buffalo, Amherst, USA 14260",Computer Science and Engineering Department; State University of New York at Buffalo; Amherst; USA; 14260,Computer Science and Engineering Department<ORG>; State University of New York at Buffalo<ORG>; Amherst<GPE>; USA<GPE>; 14260<CARDINAL>
7892,"Computer Science and Engineering Department, University of California, Riverside, CA",Computer Science and Engineering Department; University of California; Riverside; CA,Computer Science and Engineering Department<ORG>; University of California<ORG>; Riverside<GPE>; CA<GPE>
8868,"Computer Science and Engineering, Arizona State University, Tempe, USA",Computer Science and Engineering; Arizona State University; Tempe; USA,Computer Science and Engineering<ORG>; Arizona State University<ORG>; Tempe<GPE>; USA<GPE>
6519,Computer Science Department Carnegie Mellon University,Computer Science Department; Carnegie Mellon University,Computer Science Department<ORG>; Carnegie Mellon University<ORG>
8338,"Computer Science Department, Boston University, USA",Computer Science Department; Boston University; USA,Computer Science Department<ORG>; Boston University<ORG>; USA<GPE>
1824,"Computer Science Department, Brown University",Computer Science Department; Brown University,Computer Science Department<ORG>; Brown University<ORG>
943,"Computer Science Department, Carnegie Mellon University, Pittsburgh",Computer Science Department; Carnegie Mellon University; Pittsburgh,Computer Science Department<ORG>; Carnegie Mellon University<ORG>; Pittsburgh<GPE>
1462,"Computer Science Department, Carnegie Mellon University, Pittsburgh, PA",Computer Science Department; Carnegie Mellon University; Pittsburgh; PA,Computer Science Department<ORG>; Carnegie Mellon University<ORG>; Pittsburgh<GPE>; PA<GPE>
8062,"Computer Science Department, Carnegie Mellon University, USA",Computer Science Department; Carnegie Mellon University; USA,Computer Science Department<ORG>; Carnegie Mellon University<ORG>; USA<GPE>
1451,"Computer Science Department, Center for Automation Research and Institute for Advanced Computer Studies, University of Maryland at College Park",Computer Science Department; Center for Automation Research; Institute for Advanced Computer Studies; University of Maryland,Computer Science Department<ORG>; Center for Automation Research<ORG>; Institute for Advanced Computer Studies<ORG>; University of Maryland<ORG>
7805,"Computer Science Department, Center for Automation Research, and Institute for Advanced Computer Studies, University of Maryland, College Park, Maryland 20742, USA; e-mail: hjs&commat;cs.umd.edu",Computer Science Department; Center for Automation Research; Institute for Advanced Computer Studies; University of Maryland; College Park; Maryland; 20742; USA,Computer Science Department<ORG>; Center for Automation Research<ORG>; Institute for Advanced Computer Studies<ORG>; University of Maryland<ORG>; College Park<GPE>; Maryland<GPE>; 20742<CARDINAL>; USA<GPE>
6957,"Computer Science Department, Columbia University",Computer Science Department; Columbia University,Computer Science Department<ORG>; Columbia University<ORG>
7942,"Computer Science Department, Duke University, USA",Computer Science Department; Duke University; USA,Computer Science Department<ORG>; Duke University<ORG>; USA<GPE>
1810,"Computer Science Department, Hong Kong Univ. of Science and Technology, Hong Kong",Computer Science Department; Hong Kong; Univ. of Science and Technology,Computer Science Department<ORG>; Hong Kong<GPE>; Univ. of Science and Technology<ORG>
8588,"Computer Science Department, Illinois Institute of Technology, Chicago, USA",Computer Science Department; Illinois Institute of Technology; Chicago; USA,Computer Science Department<ORG>; Illinois Institute of Technology<ORG>; Chicago<GPE>; USA<GPE>
842,"Computer Science Department, Indiana University, Bloomington",Computer Science Department; Indiana University; Bloomington,Computer Science Department<ORG>; Indiana University<ORG>; Bloomington<GPE>
6709,"Computer Science Department, Stanford University",Computer Science Department; Stanford University,Computer Science Department<ORG>; Stanford University<ORG>
7883,"Computer Science Department, Stanford University, Stanford CA 94305, USA",Computer Science Department; Stanford University; Stanford; 94305; USA,Computer Science Department<ORG>; Stanford University<ORG>; Stanford<GPE>; 94305<CARDINAL>; USA<GPE>
630,"Computer Science Department, Stanford University, Stanford, CA",Computer Science Department; Stanford University; Stanford; CA,Computer Science Department<ORG>; Stanford University<ORG>; Stanford<GPE>; CA<GPE>
7857,"Computer Science Department, Stanford University, Stanford, CA 94305, USA; E-mail: hector@db.stanford.edu",Computer Science Department; Stanford University; Stanford; CA; USA,Computer Science Department<ORG>; Stanford University<ORG>; Stanford<GPE>; CA<GPE>; USA<GPE>
9300,"Computer Science Department, Stanford University, Stanford, USA 94305",Computer Science Department; Stanford University; Stanford; USA; 94305,Computer Science Department<ORG>; Stanford University<ORG>; Stanford<GPE>; USA<GPE>; 94305<CARDINAL>
7943,"Computer Science Department, Stanford University, USA",Computer Science Department; Stanford University; USA,Computer Science Department<ORG>; Stanford University<ORG>; USA<GPE>
6866,"Computer Science Department, TECHNION - Israel Institute of Technology, Technion City, Haifa 32000, Israel",Computer Science Department; TECHNION; Israel Institute of Technology; Technion City; Haifa; 32000; Israel,Computer Science Department<ORG>; TECHNION<ORG>; Israel Institute of Technology<ORG>; Technion City<GPE>; Haifa<GPE>; 32000<CARDINAL>; Israel<GPE>
8766,"Computer Science Department, Technion--Israel Institute of Technology, Haifa, Israel",Computer Science Department; Technion; Israel Institute of Technology; Haifa; Israel,Computer Science Department<ORG>; Technion<ORG>; Israel Institute of Technology<ORG>; Haifa<GPE>; Israel<GPE>
7815,"Computer Science Department, Tel Aviv University, Ramat Aviv, Tel Aviv 69978, Israel; E-mail: {anate, milo}@math.tau.ac.il",Computer Science Department; Tel Aviv University; Ramat Aviv; Tel Aviv; 69978; Israel,Computer Science Department<ORG>; Tel Aviv University<ORG>; Ramat Aviv<GPE>; Tel Aviv<GPE>; 69978<CARDINAL>; Israel<GPE>
8125,"Computer Science Department, University of Arizona, USA",Computer Science Department; University of Arizona; USA,Computer Science Department<ORG>; University of Arizona<ORG>; USA<GPE>
8514,"Computer Science Department, University of California at Santa Barbara, USA",Computer Science Department; University of California at Santa Barbara; USA,Computer Science Department<ORG>; University of California at Santa Barbara<ORG>; USA<GPE>
1964,"Computer Science Department, University of California, Berkeley, CA",Computer Science Department; University of California; Berkeley; CA,Computer Science Department<ORG>; University of California<ORG>; Berkeley<GPE>; CA<GPE>
8888,"Computer Science Department, University of California, Los Angeles, Los Angeles, USA 90095",Computer Science Department; University of California; Los Angeles; USA; 90095,Computer Science Department<ORG>; University of California<ORG>; Los Angeles<GPE>; USA<GPE>; 90095<CARDINAL>
7715,"Computer Science Department, University of California, Riverside, California 92521, USA; e-mail: tsotras@cs.ucr.edu",Computer Science Department; University of California; Riverside; California; 92521; USA,Computer Science Department<ORG>; University of California<ORG>; Riverside<GPE>; California<GPE>; 92521<CARDINAL>; USA<GPE>
8337,"Computer Science Department, University of California, USA",Computer Science Department; University of California; USA,Computer Science Department<ORG>; University of California<ORG>; USA<GPE>
7856,"Computer Science Department, University of Illinois at Urbana-Champaign, Urbana, IL 61801, USA; e-mail: kcchang@cs.uiuc.edu",Computer Science Department; University of Illinois at Urbana-Champaign; Urbana; IL; 61801; USA,Computer Science Department<ORG>; University of Illinois at Urbana-Champaign<ORG>; Urbana<GPE>; IL<GPE>; 61801<CARDINAL>; USA<GPE>
9260,"Computer Science Department, University of Illinois, Chicago, USA 60607",Computer Science Department; University of Illinois; Chicago; USA; 60607,Computer Science Department<ORG>; University of Illinois<ORG>; Chicago<GPE>; USA<GPE>; 60607<CARDINAL>
6924,"Computer Science Department, University of Maryland, College Park, Maryland",Computer Science Department; University of Maryland; College Park; Maryland,Computer Science Department<ORG>; University of Maryland<ORG>; College Park<GPE>; Maryland<GPE>
2043,"Computer Science Department, University of Maryland, College Park, MD",Computer Science Department; University of Maryland; College Park; MD,Computer Science Department<ORG>; University of Maryland<ORG>; College Park<GPE>; MD<GPE>
9489,"Computer Science Department, University of Maryland, College Park, USA 20742",Computer Science Department; University of Maryland; College Park; USA; 20742,Computer Science Department<ORG>; University of Maryland<ORG>; College Park<GPE>; USA<GPE>; 20742<CARDINAL>
6521,"Computer Science Department, University of Sao Paulo at Sao Carlos - Brazil",Computer Science Department; University of Sao Paulo; Brazil,Computer Science Department<ORG>; University of Sao Paulo<ORG>; Brazil<GPE>
723,"Computer Science Department, University of Southern California, Los Angeles, CA",Computer Science Department; University of Southern California; Los Angeles; CA,Computer Science Department<ORG>; University of Southern California<ORG>; Los Angeles<GPE>; CA<GPE>
8756,"Computer Science Department, University of Southern California, Los Angeles, USA 90089-0781",Computer Science Department; University of Southern California; Los Angeles; USA; 90089,Computer Science Department<ORG>; University of Southern California<ORG>; Los Angeles<GPE>; USA<GPE>; 90089<CARDINAL>
8160,"Computer Science Department, University of Southern California, USA",Computer Science Department; University of Southern California; USA,Computer Science Department<ORG>; University of Southern California<ORG>; USA<GPE>
1314,"Computer Science Department, University of Stuttgart, Stuttgart, Germany",Computer Science Department; University of Stuttgart; Stuttgart; Germany,Computer Science Department<ORG>; University of Stuttgart<ORG>; Stuttgart<GPE>; Germany<GPE>
7872,"Computer Science Department, University of Twente, P.O. Box 217, 7500 AE Enschede, The Netherlands; E-mail: {grefen,vonk,apers}@cs.utwente.nl",Computer Science Department; University of Twente; 217; The Netherlands,Computer Science Department<ORG>; University of Twente<ORG>; 217<CARDINAL>; The Netherlands<GPE>
8674,"Computer Science Department, Virginia Tech, Blacksburg, USA 24060",Computer Science Department; Virginia Tech; Blacksburg; USA; 24060,Computer Science Department<ORG>; Virginia Tech<ORG>; Blacksburg<GPE>; USA<GPE>; 24060<CARDINAL>
1673,"Computer Science Dept, UCLA",Computer Science Dept; UCLA,Computer Science Dept<ORG>; UCLA<ORG>
6754,"Computer Science Dept., Columbia University",Computer Science Dept; Columbia University,Computer Science Dept<ORG>; Columbia University<ORG>
6863,"Computer Science Dept., Stanford University, Stanford, CA",Computer Science Dept; Stanford University; Stanford; CA,Computer Science Dept<ORG>; Stanford University<ORG>; Stanford<GPE>; CA<GPE>
705,"Computer Science Dept., SUNY at Binghamton",Computer Science Dept; SUNY at Binghamton,Computer Science Dept<ORG>; SUNY at Binghamton<ORG>
1836,"Computer Science Dept., UCLA, Los Angeles, CA",Computer Science Dept; UCLA; Los Angeles; CA,Computer Science Dept<ORG>; UCLA<ORG>; Los Angeles<GPE>; CA<GPE>
703,"Computer Science Dept., Univ. of Illinois at Chicago",Computer Science Dept; Univ. of Illinois at Chicago,Computer Science Dept<ORG>; Univ. of Illinois at Chicago<ORG>
6825,"Computer Science Division, National Technical University of Athens, 157 73 Athens, Greece",Computer Science Division; National Technical University of Athens; 157 73; Athens; Greece,Computer Science Division<ORG>; National Technical University of Athens<ORG>; 157 73<CARDINAL>; Athens<GPE>; Greece<GPE>
7279,"Computer Science Division, UC Berkeley",Computer Science Division; UC Berkeley,Computer Science Division<ORG>; UC Berkeley<ORG>
7466,"Computer Science Division, UC Berkeley, Berkeley, CA",Computer Science Division; UC Berkeley; Berkeley; CA,Computer Science Division<ORG>; UC Berkeley<ORG>; Berkeley<GPE>; CA<GPE>
6583,"Computer Science Program, School of EECS, University of Central Florida, Orlando, FL",School of EECS; University of Central Florida; Orlando; FL,School of EECS<ORG>; University of Central Florida<ORG>; Orlando<GPE>; FL<GPE>
1858,"Computer Science UC, San Diego, La Jolla, CA",Computer Science; UC; San Diego; La Jolla; CA,Computer Science<ORG>; UC<ORG>; San Diego<GPE>; La Jolla<GPE>; CA<GPE>
1812,"Computer Science, Department Hong Kong Univ. of Science and Technology, Hong Kong",Computer Science; Department Hong Kong Univ. of Science and Technology; Hong Kong,Computer Science<ORG>; Department Hong Kong Univ. of Science and Technology<ORG>; Hong Kong<GPE>
851,"Computer Sciences Department - ICMC/USP, São Carlos, SP, Brazil",Computer Sciences Department; ICMC/USP; São Carlos; Brazil,Computer Sciences Department<ORG>; ICMC/USP<ORG>; São Carlos<GPE>; Brazil<GPE>
1546,"Computer Sciences Department, University of Wisconsin - Madison, Madison, WI",Computer Sciences Department; University of Wisconsin - Madison; Madison; WI,Computer Sciences Department<ORG>; University of Wisconsin - Madison<ORG>; Madison<GPE>; WI<GPE>
6570,"Computer Sciences Department, University of Wisconsin-Madison",Computer Sciences Department; University of Wisconsin-Madison,Computer Sciences Department<ORG>; University of Wisconsin-Madison<ORG>
8684,"Computer Sciences Department, University of Wisconsin-Madison, Madison, USA 53706",Computer Sciences Department; University of Wisconsin-Madison; Madison; USA; 53706,Computer Sciences Department<ORG>; University of Wisconsin-Madison<ORG>; Madison<GPE>; USA<GPE>; 53706<CARDINAL>
616,"Computer Sciences Department, University of Wisconsin, Madison, WI",Computer Sciences Department; University of Wisconsin; Madison; WI,Computer Sciences Department<ORG>; University of Wisconsin<ORG>; Madison<GPE>; WI<GPE>
6506,"Computer Sciences Dept., University of Wisconsin",Computer Sciences Dept; University of Wisconsin,Computer Sciences Dept<ORG>; University of Wisconsin<ORG>
1908,"Computer Sciences, Purdue University",Computer Sciences; Purdue University,Computer Sciences<ORG>; Purdue University<ORG>
3894,"Computer Technology Institute, Patras, Greece",Computer Technology Institute; Patras; Greece,Computer Technology Institute<ORG>; Patras<GPE>; Greece<GPE>
6524,"Computer Technology, Institute, P.O.Box 1122, GR-26110 Patras, Greece",Computer Technology; 1122; Patras; Greece,Computer Technology<ORG>; 1122<CARDINAL>; Patras<GPE>; Greece<GPE>
783,"Computing Science, University of Aberdeen, Aberdeen, UK",Computing Science; University of Aberdeen; Aberdeen; UK,Computing Science<ORG>; University of Aberdeen<ORG>; Aberdeen<GPE>; UK<GPE>
4923,"Cornell Theory Center, Ithaca, NY",Cornell Theory Center; Ithaca; NY,Cornell Theory Center<ORG>; Ithaca<GPE>; NY<GPE>
1105,Cornell University,Cornell University,Cornell University<ORG>
9139,"Cornell University Ithaca, NY",Cornell University; Ithaca; NY,Cornell University<ORG>; Ithaca<GPE>; NY<GPE>
4445,"Cornell University, Ithaca, New York",Cornell University; Ithaca; New York,Cornell University<ORG>; Ithaca<GPE>; New York<GPE>
2513,"Cornell University, Ithaca, NY",Cornell University; Ithaca; NY,Cornell University<ORG>; Ithaca<GPE>; NY<GPE>
5905,"Cornell University, Ithaca, NY, USA",Cornell University; Ithaca; NY; USA,Cornell University<ORG>; Ithaca<GPE>; NY<GPE>; USA<GPE>
6386,"Cornell University, Ithaca, USA",Cornell University; Ithaca; USA,Cornell University<ORG>; Ithaca<GPE>; USA<GPE>
9251,"Cornell University, Ithaca, USA 14853",Cornell University; Ithaca; USA; 14853,Cornell University<ORG>; Ithaca<GPE>; USA<GPE>; 14853<CARDINAL>
1053,"Courant Institute of Mathematical Sciences, Department of Computer Science, New York University",Courant Institute of Mathematical Sciences; Department of Computer Science; New York University,Courant Institute of Mathematical Sciences<ORG>; Department of Computer Science<ORG>; New York University<ORG>
6772,"Courant Institute of Mathematical Sciences, New York University",Courant Institute of Mathematical Sciences; New York University,Courant Institute of Mathematical Sciences<ORG>; New York University<ORG>
6654,"Courant Institute of Mathematical Sciences, New York, University, New York, NY",Courant Institute of Mathematical Sciences; New York; University; NY,Courant Institute of Mathematical Sciences<ORG>; New York<GPE>; University<ORG>; NY<GPE>
7557,"Courant Institute, New York University",Courant Institute; New York University,Courant Institute<ORG>; New York University<ORG>
8226,"Courant Institute, New York, NY",Courant Institute; New York; NY,Courant Institute<ORG>; New York<GPE>; NY<GPE>
6680,"Courant Institute, NY",Courant Institute; NY,Courant Institute<ORG>; NY<GPE>
1026,"CS Dept., UCLA",CS Dept; UCLA,CS Dept<ORG>; UCLA<ORG>
789,"CS Storage Systems Dept., IBM Almaden Research Center",CS Storage Systems Dept; IBM; Almaden Research Center,CS Storage Systems Dept<ORG>; IBM<ORG>; Almaden Research Center<ORG>
2131,"CSE, University of New South Wales, Sydney, Australia",CSE; University of New South Wales; Sydney; Australia,CSE<ORG>; University of New South Wales<ORG>; Sydney<GPE>; Australia<GPE>
8251,"CSIRO ICT Center/E-Health Research Center, Australia",CSIRO ICT Center; Australia,CSIRO ICT Center<ORG>; Australia<GPE>
366,"CSIRO ICT Centre, North Ryde, NSW, Australia",CSIRO ICT Centre; North Ryde; NSW; Australia,CSIRO ICT Centre<ORG>; North Ryde<GPE>; NSW<GPE>; Australia<GPE>
3603,"CTI Patras, Greece",CTI; Patras; Greece,CTI<ORG>; Patras<GPE>; Greece<GPE>
6637,"CTO, QUIQ, and Professor, UW-Madison",CTO; QUIQ; UW-Madison,CTO<PERSON>; QUIQ<PERSON>; UW-Madison<ORG>
3570,CWI,CWI,CWI<ORG>
466,"CWI Amsterdam, The Netherlands",Amsterdam; The Netherlands,Amsterdam<GPE>; The Netherlands<GPE>
5206,"CWI, Amsterdam, Netherlands",CWI; Amsterdam; Netherlands,CWI<ORG>; Amsterdam<GPE>; Netherlands<GPE>
1002,"CWI, Amsterdam, The Netherlands",CWI; Amsterdam; The Netherlands,CWI<ORG>; Amsterdam<GPE>; The Netherlands<GPE>
8614,"CWI, Amsterdam, The Netherlands 1098 SJ",CWI; Amsterdam; The Netherlands,CWI<ORG>; Amsterdam<GPE>; The Netherlands<GPE>
7762,"CWI, Kruislaan 413, 1098 SJ Amsterdam, The Netherlands; E-mail: {S.Manegold,M.L.Kersten}@cwi.nl",Kruislaan; Amsterdam; The Netherlands,Kruislaan<GPE>; Amsterdam<GPE>; The Netherlands<GPE>
1223,"CWI, Kruislaan, GB Amsterdam, The Netherlands",CWI; Kruislaan; GB; Amsterdam; The Netherlands,CWI<ORG>; Kruislaan<GPE>; GB<GPE>; Amsterdam<GPE>; The Netherlands<GPE>
1221,"CWI, Kruislaan, GB, Amsterdam, The Netherlands",CWI; Kruislaan; GB; Amsterdam; The Netherlands,CWI<ORG>; Kruislaan<GPE>; GB<GPE>; Amsterdam<GPE>; The Netherlands<GPE>
6605,"CWI, P.O. Box 94079, 1090 GB Amsterdam & Microsoft Corporation, One Microsoft Way, Redmond, WA",CWI; 94079; Amsterdam & Microsoft Corporation; Redmond; WA,CWI<ORG>; 94079<CARDINAL>; Amsterdam & Microsoft Corporation<ORG>; Redmond<GPE>; WA<GPE>
1885,"CWI, SJ Amsterdam, The Netherlands",CWI; Amsterdam; The Netherlands,CWI<ORG>; Amsterdam<GPE>; The Netherlands<GPE>
1353,"D.E.I.S. - Università della Calabria, Rende, Italy",Rende; Italy,Rende<GPE>; Italy<GPE>
6664,"D.I.A., Università di Roma Tre",Università di Roma Tre,Università di Roma Tre<ORG>
6667,"D.I.F.A., Università della Basilicata",Università della Basilicata,Università della Basilicata<ORG>
7763,"Data Distilleries B.V., Kruislaan 402, 1098 SM Amsterdam, The Netherlands; E-mail: P.Boncz@ddi.nl",Data Distilleries B.V.; Kruislaan; Amsterdam; The Netherlands,Data Distilleries B.V.<ORG>; Kruislaan<GPE>; Amsterdam<GPE>; The Netherlands<GPE>
3571,"Data Distilleries, The Netherlands",Data Distilleries; The Netherlands,Data Distilleries<ORG>; The Netherlands<GPE>
6523,"Data Eng.Lab, Dept.of Informatic, Aristotic University, of Thessaloniki, GR-54006 Greece",Data Eng; Aristotic University; Thessaloniki; Greece,Data Eng<ORG>; Aristotic University<ORG>; Thessaloniki<GPE>; Greece<GPE>
6718,"Data Management Department, IBM T. J. Watson Research Center, P. O. Box 704, Yorktown Heights, NY",Data Management Department; IBM; 704; Yorktown Heights; NY,Data Management Department<ORG>; IBM<ORG>; 704<CARDINAL>; Yorktown Heights<GPE>; NY<GPE>
6574,"Data Management, IBM T. J. Watson Research Center, P. O.Box, 704, Yorktown Heights, NY",IBM; 704; Yorktown Heights; NY,IBM<ORG>; 704<CARDINAL>; Yorktown Heights<GPE>; NY<GPE>
347,"Data Mining Technologies, Oracle",Data Mining Technologies; Oracle,Data Mining Technologies<ORG>; Oracle<ORG>
979,"Database and Artificial Intelligence Group, Technische Universität, Wien, Vienna, Austria",Database and Artificial Intelligence Group; Technische Universität; Wien; Vienna; Austria,Database and Artificial Intelligence Group<ORG>; Technische Universität<ORG>; Wien<GPE>; Vienna<GPE>; Austria<GPE>
1640,"Database Research Group, Swiss Federal Institute of Technology (ETH), Zurich, Switzerland",Database Research Group; Swiss Federal Institute of Technology; ETH; Zurich; Switzerland,Database Research Group<ORG>; Swiss Federal Institute of Technology<ORG>; ETH<ORG>; Zurich<GPE>; Switzerland<GPE>
9756,"Database Security Oracle Corp., Redwood City, CA",Database Security Oracle Corp.; Redwood City; CA,Database Security Oracle Corp.<ORG>; Redwood City<GPE>; CA<GPE>
7021,"Database Systems Lab, Indian Institute of Science, Bangalore, India",Database Systems Lab; Indian Institute of Science; Bangalore; India,Database Systems Lab<ORG>; Indian Institute of Science<ORG>; Bangalore<GPE>; India<GPE>
6476,"Database Systems Lab, SERC, Indian Institue of science, Bangalore 560012,INDIA, Lucent Bell Labs, 600 Mountain Avenue, Murray Hill, NJ",Database Systems Lab; SERC; Indian Institue of science; Bangalore; Lucent Bell Labs; Mountain Avenue; Murray Hill; NJ,Database Systems Lab<ORG>; SERC<ORG>; Indian Institue of science<ORG>; Bangalore<GPE>; Lucent Bell Labs<ORG>; Mountain Avenue<LOC>; Murray Hill<GPE>; NJ<GPE>
1306,"Database Systems Lab, SERC, Indian Institute of Science, Bangalore, India",Database Systems Lab; SERC; Indian Institute of Science; Bangalore; India,Database Systems Lab<ORG>; SERC<ORG>; Indian Institute of Science<ORG>; Bangalore<GPE>; India<GPE>
2142,"Database Systems Lab, SERC/CSA, Indian Institute of Science, Bangalore, India",Database Systems Lab; SERC/CSA; Indian Institute of Science; Bangalore; India,Database Systems Lab<ORG>; SERC/CSA<ORG>; Indian Institute of Science<ORG>; Bangalore<GPE>; India<GPE>
1127,"Database Systems Lab., SERC, Indian Institute of Science, Bangalore, India",Database Systems Lab.; SERC; Indian Institute of Science; Bangalore; India,Database Systems Lab.<ORG>; SERC<ORG>; Indian Institute of Science<ORG>; Bangalore<GPE>; India<GPE>
7827,"Database Systems R& D Center, University of Florida, Gainesville, FL 32611––6125, USA; E-mail: su@cise.ufl.edu",Database Systems R& D Center; University of Florida; Gainesville; FL; USA,Database Systems R& D Center<ORG>; University of Florida<ORG>; Gainesville<GPE>; FL<GPE>; USA<GPE>
1284,"Databases and Distributed Systems Group, Department of Computer Science, Darmstadt University of Technology - Darmstadt, Germany",Databases and Distributed Systems Group; Department of Computer Science; Darmstadt University of Technology; Darmstadt; Germany,Databases and Distributed Systems Group<ORG>; Department of Computer Science<ORG>; Darmstadt University of Technology<ORG>; Darmstadt<GPE>; Germany<GPE>
8748,"David R. Cheriton School of Computer Science, University of Waterloo, Waterloo, Canada",David R. Cheriton School of Computer Science; University of Waterloo; Waterloo; Canada,David R. Cheriton School of Computer Science<ORG>; University of Waterloo<ORG>; Waterloo<GPE>; Canada<GPE>
597,"David R. Cheriton School of Computer Science, University of Waterloo, Waterloo, Ontario, Canada",David R. Cheriton School of Computer Science; University of Waterloo; Waterloo; Ontario; Canada,David R. Cheriton School of Computer Science<ORG>; University of Waterloo<ORG>; Waterloo<GPE>; Ontario<GPE>; Canada<GPE>
4258,"DEI, Politecnico di Milano, Italy",DEI; Politecnico di Milano; Italy,DEI<ORG>; Politecnico di Milano<ORG>; Italy<GPE>
1625,Deis UNICAL,Deis UNICAL,Deis UNICAL<ORG>
7657,"DEIS---CSITE--CNR, University of Bologna, Bologna, Italy",DEIS---CSITE; University of Bologna; Bologna; Italy,DEIS---CSITE<ORG>; University of Bologna<ORG>; Bologna<GPE>; Italy<GPE>
9244,"DEIS, Università della Calabria, Rende (CS), Italy",DEIS; Università della Calabria; Rende; CS; Italy,DEIS<ORG>; Università della Calabria<ORG>; Rende<ORG>; CS<ORG>; Italy<GPE>
9366,"Department of Anthropology, UCR, Riverside, USA",Department of Anthropology; UCR; Riverside; USA,Department of Anthropology<ORG>; UCR<ORG>; Riverside<GPE>; USA<GPE>
758,"Department of Anthropology, University of California - Riverside, Riverside, CA",Department of Anthropology; University of California - Riverside; Riverside; CA,Department of Anthropology<ORG>; University of California - Riverside<ORG>; Riverside<GPE>; CA<GPE>
8237,"Department of Biology, Indiana University, USA",Department of Biology; Indiana University; USA,Department of Biology<ORG>; Indiana University<ORG>; USA<GPE>
8694,"Department of COFM, National University of Singapore, Singapore, Singapore",Department of COFM; National University of Singapore; Singapore,Department of COFM<ORG>; National University of Singapore<ORG>; Singapore<GPE>
8136,"Department of Computer and Information Science, Moore School Building, University of Pennsylvania, USA",Department of Computer and Information Science; Moore School Building; University of Pennsylvania; USA,Department of Computer and Information Science<ORG>; Moore School Building<ORG>; University of Pennsylvania<ORG>; USA<GPE>
1480,"Department of Computer and Information Science, The University of Michigan - Dearborn, Dearborn, MI",Department of Computer and Information Science; The University of Michigan - Dearborn; Dearborn; MI,Department of Computer and Information Science<ORG>; The University of Michigan - Dearborn<ORG>; Dearborn<GPE>; MI<GPE>
8019,"Department of Computer and Information Science, The University of Michigan - Dearborn, MI 48128, Dearborn, USA",Department of Computer and Information Science; The University of Michigan -; Dearborn; MI; 48128; USA,Department of Computer and Information Science<ORG>; The University of Michigan -<ORG>; Dearborn<GPE>; MI<GPE>; 48128<CARDINAL>; USA<GPE>
8677,"Department of Computer and Information Science, University of Michigan, Dearborn, USA 48128",Department of Computer and Information Science; University of Michigan; Dearborn; USA; 48128,Department of Computer and Information Science<ORG>; University of Michigan<ORG>; Dearborn<GPE>; USA<GPE>; 48128<CARDINAL>
1550,"Department of Computer and Information Sciences and Engineering, University of Florida, Gainesville, FL",Department of Computer and Information Sciences and Engineering; University of Florida; Gainesville; FL,Department of Computer and Information Sciences and Engineering<ORG>; University of Florida<ORG>; Gainesville<GPE>; FL<GPE>
8586,"Department of Computer and Information Sciences and Engineering, University of Florida, Gainsville, USA",Department of Computer and Information Sciences and Engineering; University of Florida; Gainsville; USA,Department of Computer and Information Sciences and Engineering<ORG>; University of Florida<ORG>; Gainsville<GPE>; USA<GPE>
8831,"Department of Computer and Information Sciences, University of Pennsylvania, Philadelphia, USA 19104",Department of Computer and Information Sciences; University of Pennsylvania; Philadelphia; USA; 19104,Department of Computer and Information Sciences<ORG>; University of Pennsylvania<ORG>; Philadelphia<GPE>; USA<GPE>; 19104<CARDINAL>
8381,"Department of Computer Engineering & Maths, Rovira i Virgili University of Tarragona, Catalonia",Department of Computer Engineering & Maths; Rovira i Virgili University of Tarragona; Catalonia,Department of Computer Engineering & Maths<ORG>; Rovira i Virgili University of Tarragona<ORG>; Catalonia<GPE>
7935,"Department of Computer Engineering and Information Technology, City University of Hong Kong, Tat Chee Avenue, Kowloon, Hong Kong, China",Department of Computer Engineering and Information Technology; City University of Hong Kong; Tat Chee Avenue; Kowloon; Hong Kong; China,Department of Computer Engineering and Information Technology<ORG>; City University of Hong Kong<ORG>; Tat Chee Avenue<FAC>; Kowloon<GPE>; Hong Kong<GPE>; China<GPE>
7993,"Department of Computer Engineering, Bilkent University, 06800, Bilkent, Ankara, Turkey",Department of Computer Engineering; Bilkent University; 06800; Bilkent; Ankara; Turkey,Department of Computer Engineering<ORG>; Bilkent University<ORG>; 06800<CARDINAL>; Bilkent<GPE>; Ankara<GPE>; Turkey<GPE>
2188,"Department of Computer Engineering, Bilkent University, Ankara, Turkey",Department of Computer Engineering; Bilkent University; Ankara; Turkey,Department of Computer Engineering<ORG>; Bilkent University<ORG>; Ankara<GPE>; Turkey<GPE>
8544,"Department of Computer Engineering, Kyungpook National University, Daegu, South Korea 702-701",Department of Computer Engineering; Kyungpook National University; Daegu; South Korea; 702,Department of Computer Engineering<ORG>; Kyungpook National University<ORG>; Daegu<GPE>; South Korea<GPE>; 702<CARDINAL>
8155,"Department of Computer Engineering, Middle East Technical University, Turkey",Department of Computer Engineering; Middle East Technical University; Turkey,Department of Computer Engineering<ORG>; Middle East Technical University<ORG>; Turkey<GPE>
2091,"Department of Computer Science & Department of Electrical and Computer Engineering, University of Toronto",Department of Computer Science; Department of Electrical and Computer Engineering; University of Toronto,Department of Computer Science<ORG>; Department of Electrical and Computer Engineering<ORG>; University of Toronto<ORG>
8165,"Department of Computer Science & Electrical Engineering, University of Maryland, USA",Department of Computer Science & Electrical Engineering; University of Maryland; USA,Department of Computer Science & Electrical Engineering<ORG>; University of Maryland<ORG>; USA<GPE>
755,"Department of Computer Science & Engineering, University of California - Riverside, Riverside, CA",Department of Computer Science & Engineering; University of California - Riverside; Riverside; CA,Department of Computer Science & Engineering<ORG>; University of California - Riverside<ORG>; Riverside<GPE>; CA<GPE>
8170,"Department of Computer Science & Engineering, University of California Riverside, USA",Department of Computer Science & Engineering; University of California Riverside; USA,Department of Computer Science & Engineering<ORG>; University of California Riverside<ORG>; USA<GPE>
1017,"Department of Computer Science & Engineering, University of California, San Diego","Department of Computer Science & Engineering; University of California, San Diego","Department of Computer Science & Engineering<ORG>; University of California, San Diego<ORG>"
8542,"Department of Computer Science and Advanced Information Technology Research Center (AITrc), Korea Advanced Institute of Science and Technology (KAIST), Daejeon, South Korea 305-701",Department of Computer Science; AITrc; Korea Advanced Institute of Science and Technology; KAIST; Daejeon; South Korea; 305,Department of Computer Science<ORG>; AITrc<ORG>; Korea Advanced Institute of Science and Technology<ORG>; KAIST<ORG>; Daejeon<GPE>; South Korea<GPE>; 305<CARDINAL>
1158,"Department of Computer Science and Advanced Information Technology Research Center (AITrc), Korea Advanced Institute of Science and Technology (KAIST), Taejon, Korea",Department of Computer Science; AITrc; Korea Advanced Institute of Science and Technology; KAIST; Taejon; Korea,Department of Computer Science<ORG>; AITrc<ORG>; Korea Advanced Institute of Science and Technology<ORG>; KAIST<ORG>; Taejon<GPE>; Korea<GPE>
998,"Department of Computer Science and Automation, Indian Institute of Science, Bangalore, India",Department of Computer Science and Automation; Indian Institute of Science; Bangalore; India,Department of Computer Science and Automation<ORG>; Indian Institute of Science<ORG>; Bangalore<GPE>; India<GPE>
8144,"Department of Computer Science and Automation, Technical University of Ilmenau, Germany",Department of Computer Science and Automation; Technical University of Ilmenau; Germany,Department of Computer Science and Automation<ORG>; Technical University of Ilmenau<ORG>; Germany<GPE>
8511,"Department of Computer Science and Computer Engineering, La Trobe University, Australia",Department of Computer Science and Computer Engineering; La Trobe University; Australia,Department of Computer Science and Computer Engineering<ORG>; La Trobe University<ORG>; Australia<GPE>
2093,"Department of Computer Science and Department of Electrical and Computer Engineering, University of Toronto",Department of Computer Science; Department of Electrical and Computer Engineering; University of Toronto,Department of Computer Science<ORG>; Department of Electrical and Computer Engineering<ORG>; University of Toronto<ORG>
1753,"Department of Computer Science and Engineering University of California, Riverside, CA",Department of Computer Science and Engineering; University of California; Riverside; CA,Department of Computer Science and Engineering<ORG>; University of California<ORG>; Riverside<GPE>; CA<GPE>
7992,"Department of Computer Science and Engineering, Arizona State University, AZ 85287-5406, Tempe, USA",Department of Computer Science and Engineering; Arizona State University; AZ; 85287-5406; Tempe; USA,Department of Computer Science and Engineering<ORG>; Arizona State University<ORG>; AZ<GPE>; 85287-5406<CARDINAL>; Tempe<GPE>; USA<GPE>
1656,"Department of Computer Science and Engineering, Arizona State University,Tempe, AZ",Department of Computer Science and Engineering; Arizona State University; Tempe; AZ,Department of Computer Science and Engineering<ORG>; Arizona State University<ORG>; Tempe<GPE>; AZ<GPE>
8150,"Department of Computer Science and Engineering, Bourns College of Engineering, University of California, Riverside, USA",Department of Computer Science and Engineering; Bourns College of Engineering; University of California; Riverside; USA,Department of Computer Science and Engineering<ORG>; Bourns College of Engineering<ORG>; University of California<ORG>; Riverside<GPE>; USA<GPE>
7721,"Department of Computer Science and Engineering, Box 352350, University of Washington, Seattle, WA 98195-2350, USA; e-mail: {zives,alon,weld}@cs.washington.edu",Department of Computer Science and Engineering; 352350; University of Washington; Seattle; WA; 98195; 2350; USA,Department of Computer Science and Engineering<ORG>; 352350<CARDINAL>; University of Washington<ORG>; Seattle<GPE>; WA<GPE>; 98195<CARDINAL>; 2350<CARDINAL>; USA<GPE>
8687,"Department of Computer Science and Engineering, Chinese University of Hong Kong, Hong Kong, China",Department of Computer Science and Engineering; Chinese University of Hong Kong; Hong Kong; China,Department of Computer Science and Engineering<ORG>; Chinese University of Hong Kong<ORG>; Hong Kong<GPE>; China<GPE>
8804,"Department of Computer Science and Engineering, Chinese University of Hong Kong, New Territories, Hong Kong",Department of Computer Science and Engineering; Chinese University of Hong Kong; New Territories; Hong Kong,Department of Computer Science and Engineering<ORG>; Chinese University of Hong Kong<ORG>; New Territories<GPE>; Hong Kong<GPE>
540,"Department of Computer Science and Engineering, Chinese University of Hong Kong, Sha Tin, New Territories, Hong Kong",Department of Computer Science and Engineering; Chinese University of Hong Kong; Sha Tin; New Territories; Hong Kong,Department of Computer Science and Engineering<ORG>; Chinese University of Hong Kong<ORG>; Sha Tin<GPE>; New Territories<GPE>; Hong Kong<GPE>
8173,"Department of Computer Science and Engineering, Helsinki University of Technology, Finland",Department of Computer Science and Engineering; Helsinki University of Technology; Finland,Department of Computer Science and Engineering<ORG>; Helsinki University of Technology<ORG>; Finland<GPE>
1276,"Department of Computer Science and Engineering, Indian Institute of Technology Bombay, Mumbai, India",Department of Computer Science and Engineering; Indian Institute of Technology; Bombay; Mumbai; India,Department of Computer Science and Engineering<ORG>; Indian Institute of Technology<ORG>; Bombay<GPE>; Mumbai<GPE>; India<GPE>
6909,"Department of Computer Science and Engineering, Indian Institute of Technology Bombay, Mumbai, India 400076",Department of Computer Science and Engineering; Indian Institute of Technology; Bombay; Mumbai; India; 400076,Department of Computer Science and Engineering<ORG>; Indian Institute of Technology<ORG>; Bombay<GPE>; Mumbai<GPE>; India<GPE>; 400076<CARDINAL>
1479,"Department of Computer Science and Engineering, Michigan State University, East Lansing, MI",Department of Computer Science and Engineering; Michigan State University; East Lansing; MI,Department of Computer Science and Engineering<ORG>; Michigan State University<ORG>; East Lansing<GPE>; MI<GPE>
1431,"Department of Computer Science and Engineering, State University of New York at Buffalo, Buffalo, NY",Department of Computer Science and Engineering; State University of New York at Buffalo; Buffalo; NY,Department of Computer Science and Engineering<ORG>; State University of New York at Buffalo<ORG>; Buffalo<GPE>; NY<GPE>
7747,"Department of Computer Science and Engineering, The Chinese University of Hong Kong, Hong Kong; e-mail: adafu@cse.cuhk.edu.hk",Department of Computer Science and Engineering; The Chinese University of Hong Kong; Hong Kong,Department of Computer Science and Engineering<ORG>; The Chinese University of Hong Kong<ORG>; Hong Kong<GPE>
8612,"Department of Computer Science and Engineering, The Hong Kong University of Science and Technology, Kowloon, Hong Kong",Department of Computer Science and Engineering; The Hong Kong University of Science and Technology; Kowloon; Hong Kong,Department of Computer Science and Engineering<ORG>; The Hong Kong University of Science and Technology<ORG>; Kowloon<GPE>; Hong Kong<GPE>
9385,"Department of Computer Science and Engineering, The Hong Kong University of Science and Technology, Kowloon, Hong Kong, China",Department of Computer Science and Engineering; The Hong Kong University of Science and Technology; Kowloon; Hong Kong; China,Department of Computer Science and Engineering<ORG>; The Hong Kong University of Science and Technology<ORG>; Kowloon<GPE>; Hong Kong<GPE>; China<GPE>
8355,"Department of Computer Science and Engineering, The Ohio State University, USA",Department of Computer Science and Engineering; The Ohio State University; USA,Department of Computer Science and Engineering<ORG>; The Ohio State University<ORG>; USA<GPE>
859,"Department of Computer Science and Engineering, The Pennsylvania State University, University Park, PA",Department of Computer Science and Engineering; The Pennsylvania State University; University Park; PA,Department of Computer Science and Engineering<ORG>; The Pennsylvania State University<ORG>; University Park<GPE>; PA<GPE>
7665,"Department of Computer Science and Engineering, The Pennsylvania State University, University Park, PA 16802, USA; e-mail: &lcub;gurumurt,anand,vijay,kandemir,mji&rcub;&commat;cse.psu.edu",Department of Computer Science and Engineering; The Pennsylvania State University; University Park; PA; 16802; USA,Department of Computer Science and Engineering<ORG>; The Pennsylvania State University<ORG>; University Park<GPE>; PA<GPE>; 16802<CARDINAL>; USA<GPE>
9362,"Department of Computer Science and Engineering, UCR, Riverside, USA",Department of Computer Science and Engineering; UCR; Riverside; USA,Department of Computer Science and Engineering<ORG>; UCR<ORG>; Riverside<GPE>; USA<GPE>
1682,"Department of Computer Science and Engineering, University of California San Diego",Department of Computer Science and Engineering; University of California San Diego,Department of Computer Science and Engineering<ORG>; University of California San Diego<ORG>
8129,"Department of Computer Science and Engineering, University of California, USA",Department of Computer Science and Engineering; University of California; USA,Department of Computer Science and Engineering<ORG>; University of California<ORG>; USA<GPE>
9487,"Department of Computer Science and Engineering, University of Minnesota-Twin Cities, Minneapolis, USA 55455",Department of Computer Science and Engineering; University of Minnesota-Twin Cities; Minneapolis; USA; 55455,Department of Computer Science and Engineering<ORG>; University of Minnesota-Twin Cities<ORG>; Minneapolis<GPE>; USA<GPE>; 55455<CARDINAL>
725,"Department of Computer Science and Engineering, University of Minnesota, Minneapolis, MN",Department of Computer Science and Engineering; University of Minnesota; Minneapolis; MN,Department of Computer Science and Engineering<ORG>; University of Minnesota<ORG>; Minneapolis<GPE>; MN<GPE>
8799,"Department of Computer Science and Engineering, University of Minnesota, Minneapolis, USA 55455",Department of Computer Science and Engineering; University of Minnesota; Minneapolis; USA; 55455,Department of Computer Science and Engineering<ORG>; University of Minnesota<ORG>; Minneapolis<GPE>; USA<GPE>; 55455<CARDINAL>
960,"Department of Computer Science and Engineering, University of Minnesota, Minnesota, MN",Department of Computer Science and Engineering; University of Minnesota; Minnesota; MN,Department of Computer Science and Engineering<ORG>; University of Minnesota<ORG>; Minnesota<GPE>; MN<GPE>
8377,"Department of Computer Science and Engineering, University of Minnesota, USA",Department of Computer Science and Engineering; University of Minnesota; USA,Department of Computer Science and Engineering<ORG>; University of Minnesota<ORG>; USA<GPE>
9467,"Department of Computer Science and Engineering, University of Washington, Seattle, USA",Department of Computer Science and Engineering; University of Washington; Seattle; USA,Department of Computer Science and Engineering<ORG>; University of Washington<ORG>; Seattle<GPE>; USA<GPE>
6847,"Department of Computer Science and Engineering, University of Washington, Seattle, WA",Department of Computer Science and Engineering; University of Washington; Seattle; WA,Department of Computer Science and Engineering<ORG>; University of Washington<ORG>; Seattle<GPE>; WA<GPE>
7867,"Department of Computer Science and Engineering, University of Washington, Seattle, WA, 98195; E-mail: alon@cs.washington.edu",Department of Computer Science and Engineering; University of Washington; Seattle; WA; 98195,Department of Computer Science and Engineering<ORG>; University of Washington<ORG>; Seattle<GPE>; WA<GPE>; 98195<CARDINAL>
8135,"Department of Computer Science and Engineering, University of Washington, USA",Department of Computer Science and Engineering; University of Washington; USA,Department of Computer Science and Engineering<ORG>; University of Washington<ORG>; USA<GPE>
7948,"Department of Computer Science and Engineering, University of Washington, WA 98195, Seattle, USA",Department of Computer Science and Engineering; University of Washington; WA; 98195; Seattle; USA,Department of Computer Science and Engineering<ORG>; University of Washington<ORG>; WA<GPE>; 98195<CARDINAL>; Seattle<GPE>; USA<GPE>
9505,"Department of Computer Science and Engineering, Wright State University, Dayton, USA",Department of Computer Science and Engineering; Wright State University; Dayton; USA,Department of Computer Science and Engineering<ORG>; Wright State University<ORG>; Dayton<GPE>; USA<GPE>
6969,"Department of Computer Science and Information Engineering, National Taiwan University, Taipei, Taiwan, ROC",Department of Computer Science and Information Engineering; National Taiwan University; Taipei; Taiwan; ROC,Department of Computer Science and Information Engineering<ORG>; National Taiwan University<ORG>; Taipei<GPE>; Taiwan<GPE>; ROC<GPE>
1527,"Department of Computer Science and Information Systems, University of Hong Kong, Hong Kong",Department of Computer Science and Information Systems; University of Hong Kong; Hong Kong,Department of Computer Science and Information Systems<ORG>; University of Hong Kong<ORG>; Hong Kong<GPE>
9351,"Department of Computer Science and Software Engineering, ARC Centre for Perceptive and Intelligent Machines in Complex Environments, The University of Melbourne, Melbourne, Australia",Department of Computer Science and Software Engineering; ARC Centre for Perceptive and Intelligent Machines in Complex Environments; The University of Melbourne; Melbourne; Australia,Department of Computer Science and Software Engineering<ORG>; ARC Centre for Perceptive and Intelligent Machines in Complex Environments<ORG>; The University of Melbourne<ORG>; Melbourne<GPE>; Australia<GPE>
1726,"Department of Computer Science Northeastern University, Liaoning, China",Department of Computer Science; Northeastern University; Liaoning; China,Department of Computer Science<ORG>; Northeastern University<ORG>; Liaoning<GPE>; China<GPE>
6569,"Department of Computer Science University of Maryland, College Park, Also with the Institute for Advanced Computer Studies, University Maryland",Department of Computer Science; University of Maryland; College Park; the Institute for Advanced Computer Studies; University Maryland,Department of Computer Science<ORG>; University of Maryland<ORG>; College Park<GPE>; the Institute for Advanced Computer Studies<ORG>; University Maryland<ORG>
6568,"Department of Computer Science University of Maryland, College Park, Also with the Institute for Systems Research, University of Maryland",Department of Computer Science; University of Maryland; College Park; the Institute for Systems Research,Department of Computer Science<ORG>; University of Maryland<ORG>; College Park<GPE>; the Institute for Systems Research<ORG>
7786,"Department of Computer Science, Aalborg University 9220 Aalborg Øst, Denmark; E-mail: {simas,csj}@cs.auc.dk",Department of Computer Science; Aalborg University; Aalborg Øst; Denmark,Department of Computer Science<ORG>; Aalborg University<ORG>; Aalborg Øst<GPE>; Denmark<GPE>
1595,"Department of Computer Science, Aalborg University, Aalborg Ø, Denmark",Department of Computer Science; Aalborg University; Aalborg Ø; Denmark,Department of Computer Science<ORG>; Aalborg University<ORG>; Aalborg Ø<GPE>; Denmark<GPE>
9360,"Department of Computer Science, Aalborg University, Aalborg, Denmark",Department of Computer Science; Aalborg University; Aalborg; Denmark,Department of Computer Science<ORG>; Aalborg University<ORG>; Aalborg<GPE>; Denmark<GPE>
1476,"Department of Computer Science, Aalborg University, Denmark",Department of Computer Science; Aalborg University; Denmark,Department of Computer Science<ORG>; Aalborg University<ORG>; Denmark<GPE>
7980,"Department of Computer Science, Aalborg University, Fredrik Bajers Vej 7E, 9220, Aalborg Øst, Denmark",Department of Computer Science; Aalborg University; Fredrik Bajers Vej 7E; 9220; Aalborg Øst; Denmark,Department of Computer Science<ORG>; Aalborg University<ORG>; Fredrik Bajers Vej 7E<FAC>; 9220<CARDINAL>; Aalborg Øst<GPE>; Denmark<GPE>
8171,"Department of Computer Science, Boston University, Boston, MA 02215, USA",Department of Computer Science; Boston University; Boston; MA; 02215; USA,Department of Computer Science<ORG>; Boston University<ORG>; Boston<GPE>; MA<GPE>; 02215<CARDINAL>; USA<GPE>
8151,"Department of Computer Science, Boston University, USA",Department of Computer Science; Boston University; USA,Department of Computer Science<ORG>; Boston University<ORG>; USA<GPE>
1539,"Department of Computer Science, Brandeis University",Department of Computer Science; Brandeis University,Department of Computer Science<ORG>; Brandeis University<ORG>
7916,"Department of Computer Science, Brandeis University, MA 02254, Waltham, USA",Department of Computer Science; Brandeis University; MA; 02254; Waltham; USA,Department of Computer Science<ORG>; Brandeis University<ORG>; MA<GPE>; 02254<CARDINAL>; Waltham<GPE>; USA<GPE>
8087,"Department of Computer Science, Brandeis University, USA",Department of Computer Science; Brandeis University; USA,Department of Computer Science<ORG>; Brandeis University<ORG>; USA<GPE>
1533,"Department of Computer Science, Brandeis University, Waltham, MA",Department of Computer Science; Brandeis University; Waltham; MA,Department of Computer Science<ORG>; Brandeis University<ORG>; Waltham<GPE>; MA<GPE>
728,"Department of Computer Science, Brown University",Department of Computer Science; Brown University,Department of Computer Science<ORG>; Brown University<ORG>
7917,"Department of Computer Science, Brown University, RI 02912, Providence, USA",Department of Computer Science; Brown University; RI; 02912; Providence; USA,Department of Computer Science<ORG>; Brown University<ORG>; RI<GPE>; 02912<CARDINAL>; Providence<GPE>; USA<GPE>
8085,"Department of Computer Science, Brown University, USA",Department of Computer Science; Brown University; USA,Department of Computer Science<ORG>; Brown University<ORG>; USA<GPE>
8575,"Department of Computer Science, Carnegie Mellon University, Pittsburgh, USA",Department of Computer Science; Carnegie Mellon University; Pittsburgh; USA,Department of Computer Science<ORG>; Carnegie Mellon University<ORG>; Pittsburgh<GPE>; USA<GPE>
8502,"Department of Computer Science, Center for Automation Research Institute for Advanced Computer Studies, University of Maryland, USA",Department of Computer Science; Center for Automation Research Institute for Advanced Computer Studies; University of Maryland; USA,Department of Computer Science<ORG>; Center for Automation Research Institute for Advanced Computer Studies<ORG>; University of Maryland<ORG>; USA<GPE>
6967,"Department of Computer Science, City University of Hong Kong, 83 Tat Chee Avenue, Kowloon, Hong Kong",Department of Computer Science; City University of Hong Kong; Kowloon; Hong Kong,Department of Computer Science<ORG>; City University of Hong Kong<ORG>; Kowloon<GPE>; Hong Kong<GPE>
1522,"Department of Computer Science, City University of Hong Kong, Hong Kong",Department of Computer Science; City University of Hong Kong; Hong Kong,Department of Computer Science<ORG>; City University of Hong Kong<ORG>; Hong Kong<GPE>
762,"Department of Computer Science, City University of Hong Kong, Kowloon Tong, Hong Kong SAR, China",Department of Computer Science; City University of Hong Kong; Kowloon Tong; Hong Kong SAR; China,Department of Computer Science<ORG>; City University of Hong Kong<ORG>; Kowloon Tong<GPE>; Hong Kong SAR<GPE>; China<GPE>
1274,"Department of Computer Science, City University of Hong Kong, Kowloon, Hong Kong",Department of Computer Science; City University of Hong Kong; Kowloon; Hong Kong,Department of Computer Science<ORG>; City University of Hong Kong<ORG>; Kowloon<GPE>; Hong Kong<GPE>
1750,"Department of Computer Science, Cornell University",Department of Computer Science; Cornell University,Department of Computer Science<ORG>; Cornell University<ORG>
1103,"Department of Computer Science, Darmstadt University of Technology",Department of Computer Science; Darmstadt University of Technology,Department of Computer Science<ORG>; Darmstadt University of Technology<ORG>
8571,"Department of Computer Science, Drop and Statistics, University of São Paulo at São Carlos, São Carlos, Brazil",Department of Computer Science; University of São Paulo; São Carlos; Brazil,Department of Computer Science<ORG>; University of São Paulo<ORG>; São Carlos<GPE>; Brazil<GPE>
510,"Department of Computer Science, Duke University",Department of Computer Science; Duke University,Department of Computer Science<ORG>; Duke University<ORG>
1067,"Department of Computer Science, Duke University, Durham, NC",Department of Computer Science; Duke University; Durham; NC,Department of Computer Science<ORG>; Duke University<ORG>; Durham<GPE>; NC<GPE>
8510,"Department of Computer Science, Fudan University, China",Department of Computer Science; Fudan University; China,Department of Computer Science<ORG>; Fudan University<ORG>; China<GPE>
9332,"Department of Computer Science, Global Scientific Information and Computing Center, Tokyo Institute of Technology, Tokyo, Japan 152-8552",Department of Computer Science; Global Scientific Information and Computing Center; Tokyo Institute of Technology; Tokyo; Japan; 152,Department of Computer Science<ORG>; Global Scientific Information and Computing Center<ORG>; Tokyo Institute of Technology<ORG>; Tokyo<GPE>; Japan<GPE>; 152<CARDINAL>
9306,"Department of Computer Science, Harbin Institute of Technology, Harbin, China",Department of Computer Science; Harbin Institute of Technology; Harbin; China,Department of Computer Science<ORG>; Harbin Institute of Technology<ORG>; Harbin<GPE>; China<GPE>
1915,"Department of Computer Science, Hong Kong University of Science and Technology",Department of Computer Science; Hong Kong University of Science and Technology,Department of Computer Science<ORG>; Hong Kong University of Science and Technology<ORG>
1034,"Department of Computer Science, Hong Kong University of Science and Technology, Clear Water Bay, Hong Kong",Department of Computer Science; Hong Kong; University of Science and Technology; Clear Water Bay,Department of Computer Science<ORG>; Hong Kong<GPE>; University of Science and Technology<ORG>; Clear Water Bay<GPE>
7811,"Department of Computer Science, Hong Kong University of Science and Technology, Clear Water Bay, Kowloon, China; e-mail: luhj&commat;cs.ust.hk",Department of Computer Science; Hong Kong; University of Science and Technology; Clear Water Bay; Kowloon; China,Department of Computer Science<ORG>; Hong Kong<GPE>; University of Science and Technology<ORG>; Clear Water Bay<LOC>; Kowloon<GPE>; China<GPE>
1525,"Department of Computer Science, Hong Kong University of Science and Technology, Clearwater Bay, Hong Kong",Department of Computer Science; Hong Kong; University of Science and Technology; Clearwater Bay,Department of Computer Science<ORG>; Hong Kong<GPE>; University of Science and Technology<ORG>; Clearwater Bay<GPE>
516,"Department of Computer Science, Hong Kong University of Science and Technology, Hong Kong",Department of Computer Science; Hong Kong; University of Science and Technology,Department of Computer Science<ORG>; Hong Kong<GPE>; University of Science and Technology<ORG>
8683,"Department of Computer Science, Hong Kong University of Science and Technology, Kowloon, Hong Kong, China",Department of Computer Science; Hong Kong; University of Science and Technology; Kowloon; China,Department of Computer Science<ORG>; Hong Kong<GPE>; University of Science and Technology<ORG>; Kowloon<GPE>; China<GPE>
7745,"Department of Computer Science, Institute for Advanced Computer Studies & Institute for Systems Research, University of Maryland, College Park, MD 20742, USA; e-mail: {elemar,vs}@cs.umd.edu",Department of Computer Science; Institute for Advanced Computer Studies; Institute for Systems Research; University of Maryland; College Park; MD; 20742; USA,Department of Computer Science<ORG>; Institute for Advanced Computer Studies<ORG>; Institute for Systems Research<ORG>; University of Maryland<ORG>; College Park<GPE>; MD<GPE>; 20742<CARDINAL>; USA<GPE>
8890,"Department of Computer Science, Korea Advanced Institute of Science and Technology (KAIST), Daejeon, South Korea",Department of Computer Science; Korea Advanced Institute of Science and Technology; KAIST; Daejeon; South Korea,Department of Computer Science<ORG>; Korea Advanced Institute of Science and Technology<ORG>; KAIST<ORG>; Daejeon<GPE>; South Korea<GPE>
8012,"Department of Computer Science, Monmouth University, NJ 07764, West Long Branch, USA",Department of Computer Science; Monmouth University; NJ; 07764; West Long Branch; USA,Department of Computer Science<ORG>; Monmouth University<ORG>; NJ<GPE>; 07764<CARDINAL>; West Long Branch<GPE>; USA<GPE>
9345,"Department of Computer Science, National Chengchi University, Taipei, Taiwan, ROC",Department of Computer Science; National Chengchi University; Taipei; Taiwan; ROC,Department of Computer Science<ORG>; National Chengchi University<ORG>; Taipei<GPE>; Taiwan<GPE>; ROC<GPE>
8802,"Department of Computer Science, National Chiao Tung University, Hsinchu, Taiwan, ROC",Department of Computer Science; National Chiao Tung University; Hsinchu; Taiwan; ROC,Department of Computer Science<ORG>; National Chiao Tung University<ORG>; Hsinchu<GPE>; Taiwan<GPE>; ROC<GPE>
9343,"Department of Computer Science, National Tsing Hua University, Hsinchu, Taiwan, ROC",Department of Computer Science; National Tsing Hua University; Hsinchu; Taiwan; ROC,Department of Computer Science<ORG>; National Tsing Hua University<ORG>; Hsinchu<GPE>; Taiwan<GPE>; ROC<GPE>
1914,"Department of Computer Science, National University of Singapore",Department of Computer Science; National University of Singapore,Department of Computer Science<ORG>; National University of Singapore<ORG>
8013,"Department of Computer Science, National University of Singapore, 3 Science Drive 2, 117543, Singapore",Department of Computer Science; National University of Singapore; 117543; Singapore,Department of Computer Science<ORG>; National University of Singapore<ORG>; 117543<CARDINAL>; Singapore<GPE>
6723,"Department of Computer Science, National University of Singapore, 3 Science Drive 2, Singapore",Department of Computer Science; National University of Singapore; Singapore,Department of Computer Science<ORG>; National University of Singapore<ORG>; Singapore<GPE>
7768,"Department of Computer Science, National University of Singapore, 3 Science Drive 2, Singapore 117543; E-mail: tankl@comp.nus.edu.sg",Department of Computer Science; National University of Singapore; Singapore; 117543,Department of Computer Science<ORG>; National University of Singapore<ORG>; Singapore<GPE>; 117543<CARDINAL>
8330,"Department of Computer Science, National University of Singapore, Singapore",Department of Computer Science; National University of Singapore; Singapore,Department of Computer Science<ORG>; National University of Singapore<ORG>; Singapore<GPE>
6918,"Department of Computer Science, National University of Singapore, Singapore 117543",Department of Computer Science; National University of Singapore; Singapore; 117543,Department of Computer Science<ORG>; National University of Singapore<ORG>; Singapore<GPE>; 117543<CARDINAL>
9307,"Department of Computer Science, National University of Singapore, Singapore, Singapore",Department of Computer Science; National University of Singapore; Singapore,Department of Computer Science<ORG>; National University of Singapore<ORG>; Singapore<GPE>
6532,"Department of Computer Science, National University of singapore,SINGAPORE",Department of Computer Science; National University of singapore; SINGAPORE,Department of Computer Science<ORG>; National University of singapore<ORG>; SINGAPORE<GPE>
8379,"Department of Computer Science, Purdue University, USA",Department of Computer Science; Purdue University; USA,Department of Computer Science<ORG>; Purdue University<ORG>; USA<GPE>
727,"Department of Computer Science, Purdue University, West Lafayette, IN",Department of Computer Science; Purdue University; West Lafayette; IN,Department of Computer Science<ORG>; Purdue University<ORG>; West Lafayette<GPE>; IN<GPE>
8800,"Department of Computer Science, Purdue University, West Lafayette, USA 47907",Department of Computer Science; Purdue University; West Lafayette; USA; 47907,Department of Computer Science<ORG>; Purdue University<ORG>; West Lafayette<GPE>; USA<GPE>; 47907<CARDINAL>
7888,"Department of Computer Science, Southwest Texas State University, San Marcos, TX 78666 USA; e-mail: angu@swt.edu",Department of Computer Science; Southwest Texas State University; San Marcos; TX,Department of Computer Science<ORG>; Southwest Texas State University<ORG>; San Marcos<GPE>; TX<GPE>
8078,"Department of Computer Science, Stanford University, USA",Department of Computer Science; Stanford University; USA,Department of Computer Science<ORG>; Stanford University<ORG>; USA<GPE>
6565,"Department of Computer Science, Stanford, CA",Department of Computer Science; Stanford; CA,Department of Computer Science<ORG>; Stanford<GPE>; CA<GPE>
773,"Department of Computer Science, State University of New York at Stony Brook, Stony Brook, NY",Department of Computer Science; State University of New York at Stony Brook; Stony Brook; NY,Department of Computer Science<ORG>; State University of New York at Stony Brook<ORG>; Stony Brook<GPE>; NY<GPE>
8055,"Department of Computer Science, SUNY at Binghamton, USA",Department of Computer Science; SUNY at Binghamton; USA,Department of Computer Science<ORG>; SUNY at Binghamton<ORG>; USA<GPE>
1115,"Department of Computer Science, Swiss Federal Institute of Technology (ETHZ), ETH Zentrum, Zürich, Switzerland",Department of Computer Science; Swiss Federal Institute of Technology; ETHZ; ETH Zentrum; Zürich; Switzerland,Department of Computer Science<ORG>; Swiss Federal Institute of Technology<ORG>; ETHZ<ORG>; ETH Zentrum<ORG>; Zürich<GPE>; Switzerland<GPE>
1055,"Department of Computer Science, The Technion, Haifa, Israel",Department of Computer Science; The Technion; Haifa; Israel,Department of Computer Science<ORG>; The Technion<ORG>; Haifa<GPE>; Israel<GPE>
9330,"Department of Computer Science, Tokyo Institute of Technology, Tokyo, Japan 152-8552",Department of Computer Science; Tokyo Institute of Technology; Tokyo; Japan; 152,Department of Computer Science<ORG>; Tokyo Institute of Technology<ORG>; Tokyo<GPE>; Japan<GPE>; 152<CARDINAL>
6775,"Department of Computer Science, University of Arizona, AZ",Department of Computer Science; University of Arizona; AZ,Department of Computer Science<ORG>; University of Arizona<ORG>; AZ<GPE>
1483,"Department of Computer Science, University of Arizona, Tucson, AZ",Department of Computer Science; University of Arizona; Tucson; AZ,Department of Computer Science<ORG>; University of Arizona<ORG>; Tucson<GPE>; AZ<GPE>
1734,"Department of Computer Science, University of British Columbia",Department of Computer Science; University of British Columbia,Department of Computer Science<ORG>; University of British Columbia<ORG>
6496,"Department of Computer Science, University of British Columbia, Vancouver, BC V6T 1Z4 Canada",Department of Computer Science; University of British Columbia; Vancouver; BC; Canada,Department of Computer Science<ORG>; University of British Columbia<ORG>; Vancouver<GPE>; BC<GPE>; Canada<GPE>
538,"Department of Computer Science, University of British Columbia, Vancouver, Canada",Department of Computer Science; University of British Columbia; Vancouver; Canada,Department of Computer Science<ORG>; University of British Columbia<ORG>; Vancouver<GPE>; Canada<GPE>
8695,"Department of Computer Science, University of Calgary, Calgary, Canada",Department of Computer Science; University of Calgary; Calgary; Canada,Department of Computer Science<ORG>; University of Calgary<ORG>; Calgary<GPE>; Canada<GPE>
8154,"Department of Computer Science, University of Calgary, Canada",Department of Computer Science; University of Calgary; Canada,Department of Computer Science<ORG>; University of Calgary<ORG>; Canada<GPE>
8356,"Department of Computer Science, University of California at Davis, USA",Department of Computer Science; University of California at Davis; USA,Department of Computer Science<ORG>; University of California at Davis<ORG>; USA<GPE>
677,"Department of Computer Science, University of California Santa Barbara, Santa Barbara, CA",Department of Computer Science; University of California Santa Barbara; Santa Barbara; CA,Department of Computer Science<ORG>; University of California Santa Barbara<ORG>; Santa Barbara<GPE>; CA<GPE>
855,"Department of Computer Science, University of California Santa Cruz, Santa Cruz, CA",Department of Computer Science; University of California Santa Cruz; Santa Cruz; CA,Department of Computer Science<ORG>; University of California Santa Cruz<ORG>; Santa Cruz<GPE>; CA<GPE>
7714,"Department of Computer Science, University of California, Los Angeles, California 90095, USA; e-mail: &lcub;csy,zaniolo&rcub;@cs.ucla.edu",Department of Computer Science; University of California; Los Angeles; California; 90095; USA,Department of Computer Science<ORG>; University of California<ORG>; Los Angeles<GPE>; California<GPE>; 90095<CARDINAL>; USA<GPE>
1921,"Department of Computer Science, University of California, Riverside",Department of Computer Science; University of California; Riverside,Department of Computer Science<ORG>; University of California<ORG>; Riverside<GPE>
6860,"Department of Computer Science, University of California, Santa Barbara",Department of Computer Science; University of California; Santa Barbara,Department of Computer Science<ORG>; University of California<ORG>; Santa Barbara<GPE>
6843,"Department of Computer Science, University of California, Santa Barbara, CA",Department of Computer Science; University of California; Santa Barbara; CA,Department of Computer Science<ORG>; University of California<ORG>; Santa Barbara<GPE>; CA<GPE>
7790,"Department of Computer Science, University of Chile, Blanco Encalada 2120, Santiago, Chile; e-mail: gnavarro@dcc.uchile.cl",Department of Computer Science; University of Chile; Blanco Encalada 2120; Santiago; Chile,Department of Computer Science<ORG>; University of Chile<ORG>; Blanco Encalada 2120<FAC>; Santiago<GPE>; Chile<GPE>
8174,"Department of Computer Science, University of Helsinki, Finland",Department of Computer Science; University of Helsinki; Finland,Department of Computer Science<ORG>; University of Helsinki<ORG>; Finland<GPE>
7894,"Department of Computer Science, University of Helsinki, Helsinki, Finland",Department of Computer Science; University of Helsinki; Helsinki; Finland,Department of Computer Science<ORG>; University of Helsinki<ORG>; Helsinki<GPE>; Finland<GPE>
515,"Department of Computer Science, University of Hong Kong, Hong Kong",Department of Computer Science; University of Hong Kong; Hong Kong,Department of Computer Science<ORG>; University of Hong Kong<ORG>; Hong Kong<GPE>
8686,"Department of Computer Science, University of Hong Kong, Hong Kong, China",Department of Computer Science; University of Hong Kong; Hong Kong; China,Department of Computer Science<ORG>; University of Hong Kong<ORG>; Hong Kong<GPE>; China<GPE>
9486,"Department of Computer Science, University of Hong Kong, Hong Kong, Hong Kong",Department of Computer Science; University of Hong Kong; Hong Kong,Department of Computer Science<ORG>; University of Hong Kong<ORG>; Hong Kong<GPE>
8876,"Department of Computer Science, University of Illinois at Chicago, Chicago, USA",Department of Computer Science; University of Illinois at Chicago; Chicago; USA,Department of Computer Science<ORG>; University of Illinois at Chicago<ORG>; Chicago<GPE>; USA<GPE>
8361,"Department of Computer Science, University of Illinois at Chicago, USA",Department of Computer Science; University of Illinois at Chicago; USA,Department of Computer Science<ORG>; University of Illinois at Chicago<ORG>; USA<GPE>
7947,"Department of Computer Science, University of Illinois at Urbana-Champaign, IL 61801, Urbana, USA",Department of Computer Science; University of Illinois at Urbana-Champaign; IL; 61801; Urbana; USA,Department of Computer Science<ORG>; University of Illinois at Urbana-Champaign<ORG>; IL<GPE>; 61801<CARDINAL>; Urbana<GPE>; USA<GPE>
570,"Department of Computer Science, University of Illinois at Urbana-Champaign, Urbana, IL",Department of Computer Science; University of Illinois at Urbana-Champaign; Urbana; IL,Department of Computer Science<ORG>; University of Illinois at Urbana-Champaign<ORG>; Urbana<GPE>; IL<GPE>
8145,"Department of Computer Science, University of Magdeburg, Germany",Department of Computer Science; University of Magdeburg; Germany,Department of Computer Science<ORG>; University of Magdeburg<ORG>; Germany<GPE>
1688,"Department of Computer Science, University of Magdeburg, Magdeburg, Germany",Department of Computer Science; University of Magdeburg; Magdeburg; Germany,Department of Computer Science<ORG>; University of Magdeburg<ORG>; Magdeburg<GPE>; Germany<GPE>
1423,"Department of Computer Science, University of Maryland",Department of Computer Science; University of Maryland,Department of Computer Science<ORG>; University of Maryland<ORG>
6528,"Department of Computer Science, University of Maryland, College Park",Department of Computer Science; University of Maryland; College Park,Department of Computer Science<ORG>; University of Maryland<ORG>; College Park<GPE>
8066,"Department of Computer Science, University of Maryland, USA",Department of Computer Science; University of Maryland; USA,Department of Computer Science<ORG>; University of Maryland<ORG>; USA<GPE>
6912,"Department of Computer Science, University of Massachusetts, Amherst, MA",Department of Computer Science; University of Massachusetts; Amherst; MA,Department of Computer Science<ORG>; University of Massachusetts<ORG>; Amherst<GPE>; MA<GPE>
8242,"Department of Computer Science, University of Massachusetts, USA",Department of Computer Science; University of Massachusetts; USA,Department of Computer Science<ORG>; University of Massachusetts<ORG>; USA<GPE>
6763,"Department of Computer Science, University of Minnesota, Minneapolis, MN",Department of Computer Science; University of Minnesota; Minneapolis; MN,Department of Computer Science<ORG>; University of Minnesota<ORG>; Minneapolis<GPE>; MN<GPE>
1422,"Department of Computer Science, University of Pittsburgh",Department of Computer Science; University of Pittsburgh,Department of Computer Science<ORG>; University of Pittsburgh<ORG>
8065,"Department of Computer Science, University of Pittsburgh, USA",Department of Computer Science; University of Pittsburgh; USA,Department of Computer Science<ORG>; University of Pittsburgh<ORG>; USA<GPE>
7990,"Department of Computer Science, University of Southern California, CA 90088, Los Angeles, USA",Department of Computer Science; University of Southern California; Los Angeles; USA,Department of Computer Science<ORG>; University of Southern California<ORG>; Los Angeles<GPE>; USA<GPE>
1939,"Department of Computer Science, University of Southern California, Los Angeles, CA",Department of Computer Science; University of Southern California; Los Angeles; CA,Department of Computer Science<ORG>; University of Southern California<ORG>; Los Angeles<GPE>; CA<GPE>
8752,"Department of Computer Science, University of Southern Maine, Portland, USA",Department of Computer Science; University of Southern Maine; Portland; USA,Department of Computer Science<ORG>; University of Southern Maine<ORG>; Portland<GPE>; USA<GPE>
7989,"Department of Computer Science, University of Texas at Dallas, TX 75083-0688, Richardson, USA",Department of Computer Science; University of Texas at Dallas; TX; Richardson; USA,Department of Computer Science<ORG>; University of Texas at Dallas<ORG>; TX<GPE>; Richardson<GPE>; USA<GPE>
2071,"Department of Computer Science, University of Toronto",Department of Computer Science; University of Toronto,Department of Computer Science<ORG>; University of Toronto<ORG>
7791,"Department of Computer Science, University of Toronto, 10 King's College Road, Toronto, ON, M5S 1A4, Canada",Department of Computer Science; University of Toronto; 10 King's College Road; Toronto; ON; M5S 1A4; Canada,Department of Computer Science<ORG>; University of Toronto<ORG>; 10 King's College Road<FAC>; Toronto<GPE>; ON<GPE>; M5S 1A4<FAC>; Canada<GPE>
8809,"Department of Computer Science, University of Toronto, Bahen Center for Information Technology, Toronto, Canada M5S 2E4",Department of Computer Science; University of Toronto; Bahen Center for Information Technology; Toronto; Canada,Department of Computer Science<ORG>; University of Toronto<ORG>; Bahen Center for Information Technology<ORG>; Toronto<GPE>; Canada<GPE>
8159,"Department of Computer Science, University of Toronto, Canada",Department of Computer Science; University of Toronto; Canada,Department of Computer Science<ORG>; University of Toronto<ORG>; Canada<GPE>
9480,"Department of Computer Science, University of Toronto, Toronto, Canada",Department of Computer Science; University of Toronto; Toronto; Canada,Department of Computer Science<ORG>; University of Toronto<ORG>; Toronto<GPE>; Canada<GPE>
8679,"Department of Computer Science, University of Toronto, Toronto, Canada M5S 3G4",Department of Computer Science; University of Toronto; Toronto; Canada; M5S 3G4,Department of Computer Science<ORG>; University of Toronto<ORG>; Toronto<GPE>; Canada<GPE>; M5S 3G4<PRODUCT>
7789,"Department of Computer Science, University of Toronto, Toronto, Canada; E-mail: mendel@cs.toronto.edu",Department of Computer Science; University of Toronto; Toronto; Canada,Department of Computer Science<ORG>; University of Toronto<ORG>; Toronto<GPE>; Canada<GPE>
6944,"Department of Computer Science, University of Toronto, Toronto, ON, Canada",Department of Computer Science; University of Toronto; Toronto; ON; Canada,Department of Computer Science<ORG>; University of Toronto<ORG>; Toronto<GPE>; ON<GPE>; Canada<GPE>
7799,"Department of Computer Science, University of Waterloo, 200 University Avenue West, Waterloo, Ontario N2L 3G1, Canada e-mail: {apmarathe,kmsalem}@uwaterloo.ca",Department of Computer Science; University of Waterloo; 200; Waterloo; Ontario; Canada,Department of Computer Science<ORG>; University of Waterloo<ORG>; 200<CARDINAL>; Waterloo<GPE>; Ontario<GPE>; Canada<GPE>
7671,"Department of Computer Science, University of Wisconsin-Madison, 1210 West Dayton Street, Madison, WI 53706-1685, USA; e-mail: &lcub;dewitt, markhill&rcub;&commat;cs.wisc.edu",Department of Computer Science; University of Wisconsin-Madison; Madison; WI; USA,Department of Computer Science<ORG>; University of Wisconsin-Madison<ORG>; Madison<GPE>; WI<GPE>; USA<GPE>
7885,"Department of Computer Science, Virginia Tech, 7054 Haycock Road, Falls Church, VA 22043 USA; e-mail: {brahim,athman}@vt.edu",Department of Computer Science; Virginia Tech; Falls Church; VA,Department of Computer Science<ORG>; Virginia Tech<ORG>; Falls Church<GPE>; VA<GPE>
7956,"Department of Computer Science, Virginia Tech, 7054 Haycock Road, VA 22043, Falls Church, USA",Department of Computer Science; Virginia Tech; VA; 22043; Falls Church; USA,Department of Computer Science<ORG>; Virginia Tech<ORG>; VA<GPE>; 22043<CARDINAL>; Falls Church<GPE>; USA<GPE>
9426,"Department of Computer Science, Virginia Tech, Blacksburg, USA 24061",Department of Computer Science; Virginia Tech; Blacksburg; USA; 24061,Department of Computer Science<ORG>; Virginia Tech<ORG>; Blacksburg<GPE>; USA<GPE>; 24061<CARDINAL>
1356,"Department of Computer Science, Wichita State University, Wichita, KS",Department of Computer Science; Wichita State University; Wichita; KS,Department of Computer Science<ORG>; Wichita State University<ORG>; Wichita<GPE>; KS<GPE>
7984,"Department of Computer Science, Worcester Polytechnic Institute, MA 01609-2280, Worcester, USA",Department of Computer Science; Worcester Polytechnic Institute; MA; 01609; Worcester; USA,Department of Computer Science<ORG>; Worcester Polytechnic Institute<ORG>; MA<GPE>; 01609<CARDINAL>; Worcester<GPE>; USA<GPE>
8243,"Department of Computer Science, Worcester Polytechnic Institute, USA",Department of Computer Science; Worcester Polytechnic Institute; USA,Department of Computer Science<ORG>; Worcester Polytechnic Institute<ORG>; USA<GPE>
907,"Department of Computer Science, Worcester Polytechnic Institute, Worcester, MA",Department of Computer Science; Worcester Polytechnic Institute; Worcester; MA,Department of Computer Science<ORG>; Worcester Polytechnic Institute<ORG>; Worcester<GPE>; MA<GPE>
6740,"Department of Computer Science, Wright State University, Dayton, OH",Department of Computer Science; Wright State University; Dayton; OH,Department of Computer Science<ORG>; Wright State University<ORG>; Dayton<GPE>; OH<GPE>
887,"Department of Computer Science, Zhejiang University, HangZhou, P.R.China",Department of Computer Science; Zhejiang University; HangZhou; P.R.China,Department of Computer Science<ORG>; Zhejiang University<ORG>; HangZhou<GPE>; P.R.China<GPE>
7958,"Department of Computer Sciences, Purdue University, 250 N. University Street, IN 47907, West Lafayette, USA",Department of Computer Sciences; Purdue University; IN; 47907; West Lafayette; USA,Department of Computer Sciences<ORG>; Purdue University<ORG>; IN<GPE>; 47907<CARDINAL>; West Lafayette<GPE>; USA<GPE>
7889,"Department of Computer Sciences, Purdue University, 250 N. University Street, West Lafayette, IN 47907 USA; e-mail: ake@cs.purdue.edu",Department of Computer Sciences; Purdue University; West Lafayette; IN,Department of Computer Sciences<ORG>; Purdue University<ORG>; West Lafayette<GPE>; IN<GPE>
8060,"Department of Computer Sciences, Purdue University, USA",Department of Computer Sciences; Purdue University; USA,Department of Computer Sciences<ORG>; Purdue University<ORG>; USA<GPE>
1512,"Department of Computer Sciences, Purdue University, West Lafayette IN",Department of Computer Sciences; Purdue University; West Lafayette; IN,Department of Computer Sciences<ORG>; Purdue University<ORG>; West Lafayette<GPE>; IN<GPE>
1216,"Department of Computer Sciences, Purdue University, West Lafayette, IN",Department of Computer Sciences; Purdue University; West Lafayette; IN,Department of Computer Sciences<ORG>; Purdue University<ORG>; West Lafayette<GPE>; IN<GPE>
7882,"Department of Computer Sciences, Purdue University, West Lafayette, IN 47907-1398, USA",Department of Computer Sciences; Purdue University; West Lafayette; IN; 47907; USA,Department of Computer Sciences<ORG>; Purdue University<ORG>; West Lafayette<GPE>; IN<GPE>; 47907<CARDINAL>; USA<GPE>
732,"Department of Computer Sciences, Purdue University, West Lafayette, Indiana",Department of Computer Sciences; Purdue University; West Lafayette; Indiana,Department of Computer Sciences<ORG>; Purdue University<ORG>; West Lafayette<GPE>; Indiana<GPE>
8696,"Department of Computer Sciences, Purdue University, West Lafayette, USA",Department of Computer Sciences; Purdue University; West Lafayette; USA,Department of Computer Sciences<ORG>; Purdue University<ORG>; West Lafayette<GPE>; USA<GPE>
9388,"Department of Computer Sciences, Purdue University, West Lafayette, USA 47907-2107",Department of Computer Sciences; Purdue University; West Lafayette; USA; 47907,Department of Computer Sciences<ORG>; Purdue University<ORG>; West Lafayette<GPE>; USA<GPE>; 47907<CARDINAL>
1064,"Department of Computer Sciences, University of Wisconsin-Madison",Department of Computer Sciences; University of Wisconsin-Madison,Department of Computer Sciences<ORG>; University of Wisconsin-Madison<ORG>
7910,"Department of Computer Sciences, University of Wisconsin-Madison, 1210 W. Dayton Street, WI 53706, Madison, USA",Department of Computer Sciences; University of Wisconsin-Madison; 1210; WI; 53706; Madison; USA,Department of Computer Sciences<ORG>; University of Wisconsin-Madison<ORG>; 1210<CARDINAL>; WI<GPE>; 53706<CARDINAL>; Madison<GPE>; USA<GPE>
6851,"Department of Computer Sciences, University of Wisconsin, Madison",Department of Computer Sciences; University of Wisconsin; Madison,Department of Computer Sciences<ORG>; University of Wisconsin<ORG>; Madison<GPE>
1409,"Department of Computer Sciences, University of Wisconsin, Madison, Madison, WI",Department of Computer Sciences; University of Wisconsin; Madison; WI,Department of Computer Sciences<ORG>; University of Wisconsin<ORG>; Madison<GPE>; WI<GPE>
2161,"Department of Computer, Science, Worcester Polytechnic Institute, Worcester, MA","Department of Computer, Science; Worcester Polytechnic Institute; Worcester; MA","Department of Computer, Science<ORG>; Worcester Polytechnic Institute<ORG>; Worcester<GPE>; MA<GPE>"
7788,"Department of Computing Science, University of Alberta, Alberta, Canada; E-mail: drafiei@cs.ualberta.ca",Department of Computing Science; University of Alberta; Alberta; Canada,Department of Computing Science<ORG>; University of Alberta<ORG>; Alberta<GPE>; Canada<GPE>
6727,"Department of Computing Science, University of Alberta, Edmonton, Alberta, Canada",Department of Computing Science; University of Alberta; Edmonton; Alberta; Canada,Department of Computing Science<ORG>; University of Alberta<ORG>; Edmonton<GPE>; Alberta<GPE>; Canada<GPE>
7681,"Department of Computing Science, University of Glasgow, Glasgow, G12 8QQ, UK; e-mail: &lcub;ela,mpa,rwi&rcub;&commat;dcs.gla.ac.uk",Department of Computing Science; University of Glasgow; Glasgow; UK,Department of Computing Science<ORG>; University of Glasgow<ORG>; Glasgow<GPE>; UK<GPE>
7812,"Department of Computing Science, University of Illinois at Urbana-Champaign, 1304 West Springfield Ave, IL 61801 USA; e-mail: hanj&commat;cs.uiuc.edu",Department of Computing Science; University of Illinois at Urbana-Champaign; 1304; IL,Department of Computing Science<ORG>; University of Illinois at Urbana-Champaign<ORG>; 1304<CARDINAL>; IL<GPE>
1039,"Department of CS, ETHZ, Zürich, Switzerland",Department of CS; ETHZ; Zürich; Switzerland,Department of CS<ORG>; ETHZ<ORG>; Zürich<GPE>; Switzerland<GPE>
8692,"Department of CS, National University of Singapore, Singapore, Singapore",Department of CS; National University of Singapore; Singapore,Department of CS<ORG>; National University of Singapore<ORG>; Singapore<GPE>
9681,"Department of CS, Portland State University",Department of CS; Portland State University,Department of CS<ORG>; Portland State University<ORG>
7922,"Department of EECS and Laboratory of Computer Science, M.I.T., MA 02139, Cambridge, USA",Department of EECS; Laboratory of Computer Science; M.I.T.; MA; 02139; Cambridge; USA,Department of EECS<ORG>; Laboratory of Computer Science<ORG>; M.I.T.<ORG>; MA<GPE>; 02139<CARDINAL>; Cambridge<GPE>; USA<GPE>
8083,"Department of EECS and Laboratory of Computer Science, Massachussetts Institute of Technology, USA",Department of EECS; Laboratory of Computer Science; Massachussetts Institute of Technology; USA,Department of EECS<ORG>; Laboratory of Computer Science<ORG>; Massachussetts Institute of Technology<ORG>; USA<GPE>
532,"Department of EECS, University of Michigan",Department of EECS; University of Michigan,Department of EECS<ORG>; University of Michigan<ORG>
1720,"Department of EECS, University of Michigan, Ann Arbor, MI",Department of EECS; University of Michigan; Ann Arbor; MI,Department of EECS<ORG>; University of Michigan<ORG>; Ann Arbor<GPE>; MI<GPE>
8661,"Department of EECS, University of Michigan, Ann Arbor, USA",Department of EECS; University of Michigan; Ann Arbor; USA,Department of EECS<ORG>; University of Michigan<ORG>; Ann Arbor<GPE>; USA<GPE>
8701,"Department of EECS, University of Michigan, Ann Arbor, USA 48109",Department of EECS; University of Michigan; Ann Arbor; USA; 48109,Department of EECS<ORG>; University of Michigan<ORG>; Ann Arbor<GPE>; USA<GPE>; 48109<CARDINAL>
1322,"Department of Electrical and Computer Engineering and Department of Computer Science, Univerity of Toronto, Ontario, Canada",Department of Electrical and Computer Engineering; Department of Computer Science; Univerity of Toronto; Ontario; Canada,Department of Electrical and Computer Engineering<ORG>; Department of Computer Science<ORG>; Univerity of Toronto<ORG>; Ontario<GPE>; Canada<GPE>
1659,"Department of Electrical and Computer Engineering and Department of Computer Science, University of Toronto, Canada",Department of Electrical and Computer Engineering; Department of Computer Science; University of Toronto; Canada,Department of Electrical and Computer Engineering<ORG>; Department of Computer Science<ORG>; University of Toronto<ORG>; Canada<GPE>
8354,"Department of Electrical and Computer Engineering, Carnegie Mellon University, USA",Department of Electrical and Computer Engineering; Carnegie Mellon University; USA,Department of Electrical and Computer Engineering<ORG>; Carnegie Mellon University<ORG>; USA<GPE>
9294,"Department of Electrical Engineering and Computer Science, Case Western Reserve University, Cleveland, USA 44106",Department of Electrical Engineering and Computer Science; Case Western Reserve University; Cleveland; USA; 44106,Department of Electrical Engineering and Computer Science<ORG>; Case Western Reserve University<ORG>; Cleveland<GPE>; USA<GPE>; 44106<CARDINAL>
8363,"Department of Electrical Engineering and Computer Science, Northwestern University, USA",Department of Electrical Engineering and Computer Science; Northwestern University; USA,Department of Electrical Engineering and Computer Science<ORG>; Northwestern University<ORG>; USA<GPE>
6799,"Department of Electrical Engineering and Computer Science, University of Michigan",Department of Electrical Engineering and Computer Science; University of Michigan,Department of Electrical Engineering and Computer Science<ORG>; University of Michigan<ORG>
1117,"Department of Electrical Engineering and Computer Science, University of Michigan, Ann Arbor, MI",Department of Electrical Engineering and Computer Science; University of Michigan; Ann Arbor; MI,Department of Electrical Engineering and Computer Science<ORG>; University of Michigan<ORG>; Ann Arbor<GPE>; MI<GPE>
7925,"Department of Electrical Engineering and Computer Sciences, University of California at Berkeley, CA 94720, Berkeley, USA",Department of Electrical Engineering and Computer Sciences; University of California at Berkeley; 94720; Berkeley; USA,Department of Electrical Engineering and Computer Sciences<ORG>; University of California at Berkeley<ORG>; 94720<CARDINAL>; Berkeley<GPE>; USA<GPE>
8505,"Department of Electrical Engineering, National Taiwan University, ROC",Department of Electrical Engineering; National Taiwan University; ROC,Department of Electrical Engineering<ORG>; National Taiwan University<ORG>; ROC<GPE>
8732,"Department of Electrical Engineering, National Taiwan University, Taipei, Taiwan, ROC",Department of Electrical Engineering; National Taiwan University; Taipei; Taiwan; ROC,Department of Electrical Engineering<ORG>; National Taiwan University<ORG>; Taipei<GPE>; Taiwan<GPE>; ROC<GPE>
7741,"Department of Electronic and Computer Engineering, National Technical University of Athens, Hellas, Greece; e-mail: timos@cs.ntua.gr",Department of Electronic and Computer Engineering; National Technical University of Athens; Hellas; Greece,Department of Electronic and Computer Engineering<ORG>; National Technical University of Athens<ORG>; Hellas<GPE>; Greece<GPE>
920,"Department of Electronic Engineering, National Taiwan University of Science and Technology, Taipei, Taiwan and Institute of Information Science, Academia Sinica, Taipei, Taiwan",Department of Electronic Engineering; National Taiwan University of Science and Technology; Taipei; Taiwan; Institute of Information Science; Academia Sinica,Department of Electronic Engineering<ORG>; National Taiwan University of Science and Technology<ORG>; Taipei<GPE>; Taiwan<GPE>; Institute of Information Science<ORG>; Academia Sinica<ORG>
8742,"Department of Informatics and Telecommunications, University of Athens, Athens, Greece",Department of Informatics and Telecommunications; University of Athens; Athens; Greece,Department of Informatics and Telecommunications<ORG>; University of Athens<ORG>; Athens<GPE>; Greece<GPE>
7807,"Department of Informatics, Aristotle University of Thessaloniki, Greece; e-mail: &lcub;alex,manolopo&rcub;&commat;delab.csd.auth.gr",Department of Informatics; Aristotle University of Thessaloniki; Greece,Department of Informatics<ORG>; Aristotle University of Thessaloniki<ORG>; Greece<GPE>
7742,"Department of Informatics, Athens University of Economics and Business, Hellas, Greece; e-mail: mvazirg@aueb.gr",Department of Informatics; Athens University of Economics and Business; Hellas; Greece,Department of Informatics<ORG>; Athens University of Economics and Business<ORG>; Hellas<GPE>; Greece<GPE>
8387,"Department of Information and Communication Technology, University of Trento, Italy",Department of Information and Communication Technology; University of Trento; Italy,Department of Information and Communication Technology<ORG>; University of Trento<ORG>; Italy<GPE>
9344,"Department of Information and Computer Engineering, Chung Yuan Christian University, Chung Li, Taiwan, ROC",Department of Information and Computer Engineering; Chung Yuan Christian University; Chung Li; Taiwan; ROC,Department of Information and Computer Engineering<ORG>; Chung Yuan Christian University<ORG>; Chung Li<GPE>; Taiwan<GPE>; ROC<GPE>
6779,"Department of Information and Computer Science, University of California, Irvine, California",Department of Information and Computer Science; University of California; Irvine; California,Department of Information and Computer Science<ORG>; University of California<ORG>; Irvine<GPE>; California<GPE>
7785,"Department of Information and Software Engineering, George Mason University, Fairfax, Virginia, USA; E-mail: xywang@gmu.edu",Department of Information and Software Engineering; George Mason University; Fairfax; Virginia; USA,Department of Information and Software Engineering<ORG>; George Mason University<ORG>; Fairfax<GPE>; Virginia<GPE>; USA<GPE>
8153,"Department of Information and Software Engineering, George Mason University, USA",Department of Information and Software Engineering; George Mason University; USA,Department of Information and Software Engineering<ORG>; George Mason University<ORG>; USA<GPE>
8691,"Department of Information Management, National Sun Yat-Sen University, Kaohsiung, Taiwan",Department of Information Management; National Sun Yat-Sen University; Kaohsiung; Taiwan,Department of Information Management<ORG>; National Sun Yat-Sen University<ORG>; Kaohsiung<GPE>; Taiwan<GPE>
922,"Department of Mathematics and Computer Science, Emory University, Atlanta, GA and Institute of Information Science, Academia Sinica, Taipei, Taiwan",Department of Mathematics and Computer Science; Emory University; Atlanta; GA; Institute of Information Science; Academia Sinica; Taipei; Taiwan,Department of Mathematics and Computer Science<ORG>; Emory University<ORG>; Atlanta<GPE>; GA<GPE>; Institute of Information Science<ORG>; Academia Sinica<ORG>; Taipei<GPE>; Taiwan<GPE>
530,"Department of Mathematics and Computer Science, University of Mannheim",Department of Mathematics and Computer Science; University of Mannheim,Department of Mathematics and Computer Science<ORG>; University of Mannheim<ORG>
6673,"Department of Mathematics and Computer Science, University of Marburg, 35032 Marburg, Germany",Department of Mathematics and Computer Science; University of Marburg; 35032; Marburg; Germany,Department of Mathematics and Computer Science<ORG>; University of Marburg<ORG>; 35032<CARDINAL>; Marburg<GPE>; Germany<GPE>
1037,"Department of Mathematics and CS, University of Marburg, Marburg, Germany",Department of Mathematics and CS; University of Marburg; Marburg; Germany,Department of Mathematics and CS<ORG>; University of Marburg<ORG>; Marburg<GPE>; Germany<GPE>
2046,"Department of Mechanical Engineering, Massachusetts Inst. of Technology, Cambridge, MA",Department of Mechanical Engineering; Massachusetts Inst. of Technology; Cambridge; MA,Department of Mechanical Engineering<ORG>; Massachusetts Inst. of Technology<ORG>; Cambridge<GPE>; MA<GPE>
1463,"Department of Statistics, Carnegie Mellon University, Pittsburgh, PA",Department of Statistics; Carnegie Mellon University; Pittsburgh; PA,Department of Statistics<ORG>; Carnegie Mellon University<ORG>; Pittsburgh<GPE>; PA<GPE>
8063,"Department of Statistics, Carnegie Mellon University, USA",Department of Statistics; Carnegie Mellon University; USA,Department of Statistics<ORG>; Carnegie Mellon University<ORG>; USA<GPE>
864,"Department of Statistics, The Pennsylvania State University, University Park, PA and Department of Computer Science and Engineering, The Pennsylvania State University, University Park, PA",Department of Statistics; The Pennsylvania State University; University Park; PA; Department of Computer Science and Engineering,Department of Statistics<ORG>; The Pennsylvania State University<ORG>; University Park<GPE>; PA<GPE>; Department of Computer Science and Engineering<ORG>
1769,"Department of System Engineering and Engineering Management, The Chinese Univ. of Hong Kong, Hong Kong, China",Department of System Engineering and Engineering Management; The Chinese Univ. of Hong Kong; Hong Kong; China,Department of System Engineering and Engineering Management<ORG>; The Chinese Univ. of Hong Kong<ORG>; Hong Kong<GPE>; China<GPE>
7810,"Department of Systems Engineering and Engineering Management, Chinese University of Hong Kong, Shatin, N.T., China; e-mail: yu&commat;se.cuhk.edu.hk",Department of Systems Engineering and Engineering Management; Chinese University of Hong Kong; Shatin; N.T.; China,Department of Systems Engineering and Engineering Management<ORG>; Chinese University of Hong Kong<ORG>; Shatin<GPE>; N.T.<GPE>; China<GPE>
840,"Department of Systems Engineering and Engineering Management, The Chinese Univ. of Hong Kong, Hong Kong, China",Department of Systems Engineering and Engineering Management; The Chinese Univ. of Hong Kong; Hong Kong; China,Department of Systems Engineering and Engineering Management<ORG>; The Chinese Univ. of Hong Kong<ORG>; Hong Kong<GPE>; China<GPE>
1094,"Dept of Computer Science, University of Massachusetts, Amherst, MA",University of Massachusetts; Amherst; MA,University of Massachusetts<ORG>; Amherst<GPE>; MA<GPE>
1970,"Dept of EECS, UC Berkeley",EECS; UC Berkeley,EECS<ORG>; UC Berkeley<ORG>
895,"Dept. de Computação, Inst. de Ciências Matemáticas e de Computação, Universidade de São Paulo, São Carlos, SP, Brazil",Inst. de Ciências Matemáticas e de Computação; Universidade de São Paulo; São Carlos; SP; Brazil,Inst. de Ciências Matemáticas e de Computação<ORG>; Universidade de São Paulo<ORG>; São Carlos<GPE>; SP<ORG>; Brazil<GPE>
6653,"Dept. of CIS, NJIT, NJ",CIS; NJIT; NJ,CIS<ORG>; NJIT<ORG>; NJ<GPE>
6658,"Dept. of Computer Science & Engineering, University of, Washington, Seattle, WA","Computer Science & Engineering; University of, Washington; Seattle; WA","Computer Science & Engineering<ORG>; University of, Washington<ORG>; Seattle<GPE>; WA<GPE>"
1309,"Dept. of Computer Science and Engg., I.I.T., Bombay",Dept. of Computer Science and Engg.; I.I.T.; Bombay,Dept. of Computer Science and Engg.<ORG>; I.I.T.<ORG>; Bombay<GPE>
694,"Dept. of Computer Science and Engineering, Chinese University of Hong Kong, New Territories, Hong Kong",Computer Science and Engineering; Chinese University of Hong Kong; New Territories; Hong Kong,Computer Science and Engineering<ORG>; Chinese University of Hong Kong<ORG>; New Territories<GPE>; Hong Kong<GPE>
760,"Dept. of Computer Science and Engineering, Hong Kong Univ. of Science and Technology, Clear Water Bay, Hong Kong SAR, China",Dept. of Computer Science and Engineering; Hong Kong; Univ. of Science and Technology; Clear Water Bay; Hong Kong SAR; China,Dept. of Computer Science and Engineering<ORG>; Hong Kong<GPE>; Univ. of Science and Technology<ORG>; Clear Water Bay<LOC>; Hong Kong SAR<GPE>; China<GPE>
6809,"Dept. of Computer Science and Engineering, University of California, San Diego, La Jolla, CA",Computer Science and Engineering; University of California; San Diego; La Jolla; CA,Computer Science and Engineering<ORG>; University of California<ORG>; San Diego<GPE>; La Jolla<GPE>; CA<GPE>
655,"Dept. of Computer Science, Cornell University",Cornell University,Cornell University<ORG>
1417,"Dept. of Computer Science, Duke University, Durham, NC",Duke University; Durham; NC,Duke University<ORG>; Durham<GPE>; NC<GPE>
1767,"Dept. of Computer Science, Hong Kong Univ. of Sci. & Tech., Hong Kong, China",Dept.; Hong Kong; Univ. of Sci. & Tech.; China,Dept.<ORG>; Hong Kong<GPE>; Univ. of Sci. & Tech.<ORG>; China<GPE>
1347,"Dept. of Computer Science, SUNY at Binghamton, Binghamton, NY",SUNY at Binghamton; Binghamton; NY,SUNY at Binghamton<ORG>; Binghamton<GPE>; NY<GPE>
1387,"Dept. of Computer Science, The Hong Kong Univ. of Science and Technology, Hong Kong, China",Dept.; The Hong Kong Univ. of Science and Technology; Hong Kong; China,Dept.<ORG>; The Hong Kong Univ. of Science and Technology<ORG>; Hong Kong<GPE>; China<GPE>
2179,"Dept. of Computer Science, Tufts University",Tufts University,Tufts University<ORG>
1345,"Dept. of Computer Science, U. of Illinois at Chicago, Chicago, IL",Dept. of Computer Science; U. of Illinois at; Chicago; IL,Dept. of Computer Science<ORG>; U. of Illinois at<ORG>; Chicago<GPE>; IL<GPE>
6791,"Dept. of Computer Science, UIUC",Dept. of Computer Science; UIUC,Dept. of Computer Science<ORG>; UIUC<ORG>
1415,"Dept. of Computer Science, Univ. of Illinois at Chicago, Chicago, IL",Dept. of Computer Science; Univ. of Illinois at Chicago; Chicago; IL,Dept. of Computer Science<ORG>; Univ. of Illinois at Chicago<ORG>; Chicago<GPE>; IL<GPE>
6686,"Dept. of Computer Science, Univ. of Manchester, United Kingdom",Dept.; Univ. of Manchester; United Kingdom,Dept.<ORG>; Univ. of Manchester<ORG>; United Kingdom<GPE>
6563,"Dept. of Computer Science, University of Arizona, Tucson, AZ",University of Arizona; Tucson; AZ,University of Arizona<ORG>; Tucson<GPE>; AZ<GPE>
788,"Dept. of Computer Science, University of Illinois at Urbana-Champaign",University of Illinois at Urbana-Champaign,University of Illinois at Urbana-Champaign<ORG>
1851,"Dept. of Computer Science, University of Maryland",University of Maryland,University of Maryland<ORG>
1826,"Dept. of Computer Science, University of Toronto",University of Toronto,University of Toronto<ORG>
6505,"Dept. of Computer Science, University of Waterloo",University of Waterloo,University of Waterloo<ORG>
6790,"Dept. of CS, SUNY at Binghamton, Binghamton, NY",CS; SUNY; Binghamton; NY,CS<ORG>; SUNY<ORG>; Binghamton<GPE>; NY<GPE>
6789,"Dept. of CS, U. of Illinois at Chicago, Chicago, IL",CS; U. of Illinois; Chicago; IL,CS<ORG>; U. of Illinois<ORG>; Chicago<GPE>; IL<GPE>
6687,"Dept. of Electrical and Computer Eng., National Technical University of Athens, Greece",Dept. of Electrical and Computer Eng.; National Technical University of Athens; Greece,Dept. of Electrical and Computer Eng.<ORG>; National Technical University of Athens<ORG>; Greece<GPE>
1144,"Dept. of Electrical Engineering & Computer Science, Korea Advanced Institute of Science and Technology (KAIST)",Dept. of Electrical Engineering & Computer Science; Korea Advanced Institute of Science and Technology; KAIST,Dept. of Electrical Engineering & Computer Science<ORG>; Korea Advanced Institute of Science and Technology<ORG>; KAIST<ORG>
1087,"Dept. of Info. & Software Eng., George Mason University",Info. & Software Eng.; George Mason University,Info. & Software Eng.<ORG>; George Mason University<ORG>
8315,"Dept. of Informatics and Telecommunications, University of Athens, Athens, Hellas",Dept. of Informatics and Telecommunications; University of Athens; Athens; Hellas,Dept. of Informatics and Telecommunications<ORG>; University of Athens<ORG>; Athens<GPE>; Hellas<GPE>
6845,"Dept. of Information and Computer Science, University of California, Irvine",University of California,University of California<ORG>
657,"Dept. of Mechanical & Aerospace Engineering, Cornell University",Dept. of Mechanical & Aerospace Engineering; Cornell University,Dept. of Mechanical & Aerospace Engineering<ORG>; Cornell University<ORG>
6590,"Dept. of Physics and Astronomy, The Johns Hopkins University, Baltimore, MD",The Johns Hopkins University; Baltimore; MD,The Johns Hopkins University<ORG>; Baltimore<GPE>; MD<GPE>
1390,"Dept. of Systems Engineering and Engineering Management, The Chinese Univ. of Hong Kong, Hong Kong, China",Dept. of Systems Engineering and Engineering Management; The Chinese Univ. of Hong Kong; Hong Kong; China,Dept. of Systems Engineering and Engineering Management<ORG>; The Chinese Univ. of Hong Kong<ORG>; Hong Kong<GPE>; China<GPE>
1645,"DIA - Università Roma Tre, Roma, Italy",DIA; Università Roma Tre; Roma; Italy,DIA<ORG>; Università Roma Tre<ORG>; Roma<GPE>; Italy<GPE>
9496,"DII, Univ. di Modena e Reggio Emilia, Modena, Italy",DII; Univ. di Modena e Reggio Emilia; Modena; Italy,DII<ORG>; Univ. di Modena e Reggio Emilia<ORG>; Modena<GPE>; Italy<GPE>
8790,"DIMET Department, University """"Mediterranea"""" of Reggio Calabria, Reggio Calabria, Italy",DIMET Department; Reggio Calabria; Italy,DIMET Department<ORG>; Reggio Calabria<GPE>; Italy<GPE>
8871,"Dip. di Informatica, Univ. di Torino, Torino, Italy",Dip. di Informatica; Univ. di Torino; Torino; Italy,Dip. di Informatica<ORG>; Univ. di Torino<ORG>; Torino<GPE>; Italy<GPE>
7817,"Dipartimento di Elettronica e Informazione, Politecnico di Milano, Piazza Leonardo da Vinci 32, 20133 Milan, Italy; E-mail: {bonifati,ceri,parabosc}@elet.polimi.it",Dipartimento di Elettronica e Informazione; Politecnico di Milano; Piazza Leonardo da Vinci; Milan; Italy,Dipartimento di Elettronica e Informazione<ORG>; Politecnico di Milano<ORG>; Piazza Leonardo da Vinci<FAC>; Milan<GPE>; Italy<GPE>
6684,"Dipartimento di Informatica e Sistemistica, Università di Roma """"La Sapienza"""", Italy",Dipartimento di Informatica e Sistemistica; Università di Roma; La Sapienza; Italy,Dipartimento di Informatica e Sistemistica<ORG>; Università di Roma<ORG>; La Sapienza<ORG>; Italy<GPE>
6949,"Dipartimento di Informatica e Sistemistica, Università di Roma """"La Sapienza"""", Via Salaria, 113, Roma, Italy",Dipartimento di Informatica e Sistemistica; Università di Roma; Via Salaria; 113; Roma; Italy,Dipartimento di Informatica e Sistemistica<ORG>; Università di Roma<ORG>; Via Salaria<FAC>; 113<CARDINAL>; Roma<GPE>; Italy<GPE>
6554,"Dipartimento di Matematica Pure ed Applicata, Universita, Degli Studi di L'Aquila, L'Aquila, Italy",Dipartimento di Matematica Pure ed Applicata; Universita; Degli Studi di L'Aquila; L'Aquila; Italy,Dipartimento di Matematica Pure ed Applicata<ORG>; Universita<ORG>; Degli Studi di L'Aquila<ORG>; L'Aquila<GPE>; Italy<GPE>
7794,"Dipartimento di Scienze dell'Informazione, Università degli Studi di Milano, Via Comelico 39/41, 20135 Milano, Italy e-mail: bertino@dsi.unimi.it, ugo_capuozzo@rcm.inet.it",Dipartimento di Scienze dell'Informazione; Università degli Studi di Milano; Via Comelico 39/41; Milano; Italy,Dipartimento di Scienze dell'Informazione<ORG>; Università degli Studi di Milano<ORG>; Via Comelico 39/41<FAC>; Milano<GPE>; Italy<GPE>
8884,"Distributed Information Systems Laboratory, School of Computer and Communication Sciences, EPFL, EPFL-IC-LSIR, Lausanne, Switzerland 1015",Distributed Information Systems Laboratory; School of Computer and Communication Sciences; EPFL; EPFL-IC-LSIR; Lausanne; Switzerland; 1015,Distributed Information Systems Laboratory<ORG>; School of Computer and Communication Sciences<ORG>; EPFL<ORG>; EPFL-IC-LSIR<ORG>; Lausanne<GPE>; Switzerland<GPE>; 1015<CARDINAL>
8017,"Division of Computer Science, Department of Mathematical Sciences, University of North Carolina at Greensboro, Bryan 383, NC 27402-6170, Greensboro, USA",Division of Computer Science; Department of Mathematical Sciences; University of North Carolina at Greensboro; Bryan; 383; NC; 27402-6170; Greensboro; USA,Division of Computer Science<ORG>; Department of Mathematical Sciences<ORG>; University of North Carolina at Greensboro<ORG>; Bryan<GPE>; 383<CARDINAL>; NC<GPE>; 27402-6170<CARDINAL>; Greensboro<GPE>; USA<GPE>
977,"Division of Computer Science, Korea Advanced Institute of Science and Technology",Division of Computer Science; Korea Advanced Institute of Science and Technology,Division of Computer Science<ORG>; Korea Advanced Institute of Science and Technology<ORG>
7953,"Domaine de Voluceau, INRIA, 78153, Le Chesnay, France",Domaine de Voluceau; INRIA; 78153; Le Chesnay; France,Domaine de Voluceau<ORG>; INRIA<GPE>; 78153<CARDINAL>; Le Chesnay<GPE>; France<GPE>
536,Dortmund University,Dortmund University,Dortmund University<ORG>
5136,"Dresden Technical University, Dresden, Germany",Dresden Technical University; Dresden; Germany,Dresden Technical University<ORG>; Dresden<GPE>; Germany<GPE>
443,Dresden University of Technology,Dresden University of Technology,Dresden University of Technology<ORG>
2180,"Dresden University of Technology, Database Technology Group",Dresden University of Technology; Database Technology Group,Dresden University of Technology<ORG>; Database Technology Group<ORG>
807,"Dresden University of Technology, Database Technology Group, Dresden, Germany",Dresden University of Technology; Database Technology Group; Dresden; Germany,Dresden University of Technology<ORG>; Database Technology Group<ORG>; Dresden<GPE>; Germany<GPE>
5241,"Dresden University of Technology, Dresden, Germany",Dresden University of Technology; Dresden; Germany,Dresden University of Technology<ORG>; Dresden<GPE>; Germany<GPE>
953,"Dresden University of Technology, Software Engineering Group, Dresden, Germany",Dresden University of Technology; Software Engineering Group; Dresden; Germany,Dresden University of Technology<ORG>; Software Engineering Group<ORG>; Dresden<GPE>; Germany<GPE>
4842,Drexel University,Drexel University,Drexel University<ORG>
6934,"DSI-Università di Milano, Via Comelico, 39/41, 20135 Milano Italy","DSI-Università di Milano; Via Comelico; 39/41, 20135; Milano; Italy","DSI-Università di Milano<ORG>; Via Comelico<FAC>; 39/41, 20135<DATE>; Milano<GPE>; Italy<GPE>"
6933,"DSI-Università di Milano, Via Comelico, 39/41, 20135 Milano, Italy","DSI-Università di Milano; Via Comelico; 39/41, 20135; Milano; Italy","DSI-Università di Milano<ORG>; Via Comelico<FAC>; 39/41, 20135<DATE>; Milano<GPE>; Italy<GPE>"
1086,"DSI, Università di Milano, Italy",DSI; Università di Milano; Italy,DSI<ORG>; Università di Milano<ORG>; Italy<GPE>
604,Duke University,Duke University,Duke University<ORG>
2456,"Duke University, Durham, NC",Duke University; Durham; NC,Duke University<ORG>; Durham<GPE>; NC<GPE>
6009,"Duke University, Durham, NC, USA",Duke University; Durham; NC; USA,Duke University<ORG>; Durham<GPE>; NC<GPE>; USA<GPE>
3344,"Duke University, Durham, North Carolina",Duke University; Durham; North Carolina,Duke University<ORG>; Durham<GPE>; North Carolina<GPE>
8469,"E-Health Research Centre/CSIRO ICT, Australia",E-Health Research Centre; CSIRO ICT; Australia,E-Health Research Centre<ORG>; CSIRO ICT<ORG>; Australia<GPE>
6756,"E.piphany, Inc.","E.piphany, Inc.","E.piphany, Inc.<ORG>"
1411,"Ecole Nationale Superieure, de Telecommunications, Paris, France","Ecole Nationale Superieure, de Telecommunications; Paris; France","Ecole Nationale Superieure, de Telecommunications<ORG>; Paris<GPE>; France<GPE>"
581,"École Normale Supérieure de Paris, France",École Normale Supérieure de Paris; France,École Normale Supérieure de Paris<ORG>; France<GPE>
8941,"Ecole Polytechnique Fédéral de Lausanne & Google, LTAA, Lausanne, Switzerland",Ecole Polytechnique Fédéral de Lausanne; Google; LTAA; Lausanne; Switzerland,Ecole Polytechnique Fédéral de Lausanne<ORG>; Google<ORG>; LTAA<ORG>; Lausanne<GPE>; Switzerland<GPE>
8940,"Ecole Polytechnique Fédéral de Lausanne, LTAA, Lausanne, Switzerland",Ecole Polytechnique Fédéral de Lausanne; LTAA; Lausanne; Switzerland,Ecole Polytechnique Fédéral de Lausanne<ORG>; LTAA<ORG>; Lausanne<GPE>; Switzerland<GPE>
205,"Ecole Polytechnique Fédérale de Lausanne (EPFL), Lausanne, Switzerland",Ecole Polytechnique Fédérale de Lausanne; EPFL; Lausanne; Switzerland,Ecole Polytechnique Fédérale de Lausanne<ORG>; EPFL<ORG>; Lausanne<GPE>; Switzerland<GPE>
2927,"École Polytechnique Fédérale de Lausanne, Lausanne, Switzerland",École Polytechnique Fédérale de Lausanne; Lausanne; Switzerland,École Polytechnique Fédérale de Lausanne<ORG>; Lausanne<GPE>; Switzerland<GPE>
3133,"École Polytechnique Fédérale de Lausanne, Switzerland",École Polytechnique Fédérale de Lausanne; Switzerland,École Polytechnique Fédérale de Lausanne<ORG>; Switzerland<GPE>
1403,"EECS Computer Science Division, UC Berkeley",EECS Computer Science Division; UC Berkeley,EECS Computer Science Division<ORG>; UC Berkeley<ORG>
903,"EECS Computer Science Division, University of California Berkeley, Berkeley, CA",EECS Computer Science Division; University of California; Berkeley; CA,EECS Computer Science Division<ORG>; University of California<ORG>; Berkeley<GPE>; CA<GPE>
7893,"EECS Department, Tufts University, Medford, MA",EECS Department; Tufts University; Medford; MA,EECS Department<ORG>; Tufts University<ORG>; Medford<GPE>; MA<GPE>
1795,"EECS Department, UC Berkeley",EECS Department; UC Berkeley,EECS Department<ORG>; UC Berkeley<ORG>
966,"EECS Dept, Case Western Reserve University, Cleveland, Ohio",EECS Dept; Case Western Reserve University; Cleveland; Ohio,EECS Dept<ORG>; Case Western Reserve University<ORG>; Cleveland<GPE>; Ohio<GPE>
2167,"EECS Dept., UC Berkeley",EECS Dept; UC Berkeley,EECS Dept<ORG>; UC Berkeley<ORG>
8448,"Eindhoven Technical University, Eindhoven, The Netherlands",Eindhoven Technical University; Eindhoven; The Netherlands,Eindhoven Technical University<ORG>; Eindhoven<GPE>; The Netherlands<GPE>
1119,"Electrical Engineering and Computer Science, University of Michigan, Ann Arbor, MI",Electrical Engineering and Computer Science; University of Michigan; Ann Arbor; MI,Electrical Engineering and Computer Science<ORG>; University of Michigan<ORG>; Ann Arbor<GPE>; MI<GPE>
9262,"Electrical Engineering and Computer Science, University of Michigan, Ann Arbor, USA 48109",Electrical Engineering and Computer Science; University of Michigan; Ann Arbor; USA; 48109,Electrical Engineering and Computer Science<ORG>; University of Michigan<ORG>; Ann Arbor<GPE>; USA<GPE>; 48109<CARDINAL>
1340,"Electrical Engineering Department, National Taiwan University, Taipei, Taiwan, ROC",Electrical Engineering Department; National Taiwan University; Taipei; Taiwan; ROC,Electrical Engineering Department<ORG>; National Taiwan University<ORG>; Taipei<GPE>; Taiwan<GPE>; ROC<GPE>
8763,"Electrical Engineering Department, National Taiwan University, Taipei, Taiwan, ROC and Department of Engineering Science, National Cheng Kung University, Tainen city, Taiwan, ROC 701",Electrical Engineering Department; National Taiwan University; Taipei; Taiwan; ROC; Department of Engineering Science; National Cheng Kung University; Tainen city,Electrical Engineering Department<ORG>; National Taiwan University<ORG>; Taipei<GPE>; Taiwan<GPE>; ROC<GPE>; Department of Engineering Science<ORG>; National Cheng Kung University<ORG>; Tainen city<GPE>
955,"Embedded System Technology Group, Information Technology Lab., LG Electronics Institute of Technology, Seocho-Gu, Seoul, Korea",Embedded System Technology Group; Information Technology Lab.; LG Electronics Institute of Technology; Seocho-Gu; Seoul; Korea,Embedded System Technology Group<ORG>; Information Technology Lab.<ORG>; LG Electronics Institute of Technology<ORG>; Seocho-Gu<GPE>; Seoul<GPE>; Korea<GPE>
7962,"Embrapa - Brazilian Agricultural Research Corporation, Av. Dr. Andre Torsello, 209, SP, 13083-886, Campinas, Brazil",Embrapa; Andre Torsello; 209; SP; 13083; Campinas; Brazil,Embrapa<ORG>; Andre Torsello<PERSON>; 209<CARDINAL>; SP<ORG>; 13083<CARDINAL>; Campinas<GPE>; Brazil<GPE>
8590,"Emory University, Atlanta, GA",Emory University; Atlanta; GA,Emory University<ORG>; Atlanta<GPE>; GA<GPE>
3034,EPFL,EPFL,EPFL<PERSON>
5739,"EPFL, Lausanne, Switzerland",EPFL; Lausanne; Switzerland,EPFL<ORG>; Lausanne<GPE>; Switzerland<GPE>
3005,"EPFL, Switzerland",EPFL; Switzerland,EPFL<GPE>; Switzerland<GPE>
6585,"Epiphany Inc., Palo Alto, CA",Epiphany Inc.; Palo Alto; CA,Epiphany Inc.<ORG>; Palo Alto<GPE>; CA<GPE>
3576,"Epiphany, USA",Epiphany; USA,Epiphany<GPE>; USA<GPE>
1303,ETH Zurich,ETH Zurich,ETH Zurich<GPE>
2625,"ETH Zurich, CH",ETH Zurich,ETH Zurich<GPE>
7345,"ETH Zürich, CH 8092 Zürich, Switzerland",ETH; Zürich; 8092; Switzerland,ETH<GPE>; Zürich<GPE>; 8092<CARDINAL>; Switzerland<GPE>
308,"ETH Zurich, Switzerland",ETH Zurich; Switzerland,ETH Zurich<GPE>; Switzerland<GPE>
182,"ETH Zurich, Zurich",ETH Zurich; Zurich,ETH Zurich<GPE>; Zurich<GPE>
607,"ETH Zurich, Zurich, Switzerland",ETH Zurich; Zurich; Switzerland,ETH Zurich<GPE>; Zurich<GPE>; Switzerland<GPE>
8746,"ETH Zurich, Zurich, Switzerland 8092",ETH Zurich; Zurich; Switzerland; 8092,ETH Zurich<GPE>; Zurich<GPE>; Switzerland<GPE>; 8092<CARDINAL>
1198,"European Organization for Nuclear Research (CERN), Geneva, Switzerland",European Organization for Nuclear Research; CERN; Geneva; Switzerland,European Organization for Nuclear Research<ORG>; CERN<ORG>; Geneva<GPE>; Switzerland<GPE>
9768,Facebook Data Infrastructure Team,Facebook,Facebook<ORG>
5881,"Facebook, Palo Alto, CA, USA",Facebook; Palo Alto; CA; USA,Facebook<ORG>; Palo Alto<GPE>; CA<GPE>; USA<GPE>
6520,Fachbereich Mathematik und Informatik Universität Marburg - Germany,Fachbereich Mathematik und Informatik Universität; Marburg; Germany,Fachbereich Mathematik und Informatik Universität<ORG>; Marburg<GPE>; Germany<GPE>
6530,faculty at the University of Wisconsin-Madison,the University of Wisconsin-Madison,the University of Wisconsin-Madison<ORG>
772,"Faculty of Computer Science, Free University of Bozen-Bolzano, Bolzano, Italy",Free University of Bozen-Bolzano; Bolzano; Italy,Free University of Bozen-Bolzano<ORG>; Bolzano<GPE>; Italy<GPE>
9460,"Faculty of EEMCS, University of Twente, Enschede, The Netherlands 7500AE",EEMCS; University of Twente; Enschede; The Netherlands,EEMCS<ORG>; University of Twente<ORG>; Enschede<GPE>; The Netherlands<GPE>
9499,"Faculty of Mathematics and Computer Science, University of Hagen, Hagen, Germany 58084",University of Hagen; Hagen; Germany; 58084,University of Hagen<ORG>; Hagen<GPE>; Germany<GPE>; 58084<CARDINAL>
1487,"Fakultät für Mathematik und Informatik, University of Mannheim, Germany",University of Mannheim; Germany,University of Mannheim<ORG>; Germany<GPE>
7568,FernUniv. Hagen,FernUniv,FernUniv<ORG>
8284,"FernUniversität Hagen, Hagen, Germany",Hagen; Germany,Hagen<GPE>; Germany<GPE>
4867,FIU,FIU,FIU<ORG>
9100,Florida International University,Florida International University,Florida International University<ORG>
5094,"Florida International University, Miami, FL",Florida International University; Miami; FL,Florida International University<ORG>; Miami<GPE>; FL<GPE>
6392,"Florida International University, Miami, FL, USA",Florida International University; Miami; FL; USA,Florida International University<ORG>; Miami<GPE>; FL<GPE>; USA<GPE>
3378,"Florida International University, University Park, Miami, FL, USA",Florida International University; University Park; Miami; FL; USA,Florida International University<ORG>; University Park<FAC>; Miami<GPE>; FL<GPE>; USA<GPE>
9399,"Florida State University, Tallahassee, FL",Florida State University; Tallahassee; FL,Florida State University<ORG>; Tallahassee<GPE>; FL<GPE>
6135,"Florida State University, Tallahassee, FL, USA",Florida State University; Tallahassee; FL; USA,Florida State University<ORG>; Tallahassee<GPE>; FL<GPE>; USA<GPE>
5764,"Florida State University, Tallahassee, USA",Florida State University; Tallahassee; USA,Florida State University<ORG>; Tallahassee<GPE>; USA<GPE>
7945,"Forschungszentrum Informatik (FZI), University of Karlsruhe, 76131, Karlsruhe, Germany",Forschungszentrum Informatik; FZI; University of Karlsruhe; 76131; Karlsruhe; Germany,Forschungszentrum Informatik<ORG>; FZI<ORG>; University of Karlsruhe<ORG>; 76131<CARDINAL>; Karlsruhe<GPE>; Germany<GPE>
3532,FORWISS,FORWISS,FORWISS<PERSON>
8141,"France Telecom R&D , France",France Telecom R&D; France,France Telecom R&D<ORG>; France<GPE>
8530,"Free University of Bozen-Bolzano, Bozen-Bolzano BZ, Italy",Free University of Bozen-Bolzano; Bozen-Bolzano BZ; Italy,Free University of Bozen-Bolzano<ORG>; Bozen-Bolzano BZ<GPE>; Italy<GPE>
892,"Free University of Bozen-Bolzano, Bozen-Bolzano, Italy",Free University of Bozen-Bolzano; Bozen-Bolzano; Italy,Free University of Bozen-Bolzano<ORG>; Bozen-Bolzano<GPE>; Italy<GPE>
86,"Free University of Bozen-Bolzano, Bozen, Italy",Free University of Bozen-Bolzano; Bozen; Italy,Free University of Bozen-Bolzano<ORG>; Bozen<GPE>; Italy<GPE>
2087,"Free University of Bozen-Bolzano, Faculty of Computer Science, Italy",Free University of Bozen-Bolzano; Faculty of Computer Science; Italy,Free University of Bozen-Bolzano<ORG>; Faculty of Computer Science<ORG>; Italy<GPE>
1178,Fudan University,Fudan University,Fudan University<ORG>
4516,"Fudan University, China",Fudan University; China,Fudan University<ORG>; China<GPE>
915,"Fudan University, Shanghai, China",Fudan University; Shanghai; China,Fudan University<ORG>; Shanghai<GPE>; China<GPE>
7613,"George Mason Univ., Fairfax. VA",George Mason Univ; Fairfax; VA,George Mason Univ<ORG>; Fairfax<GPE>; VA<GPE>
264,George Mason University,George Mason University,George Mason University<ORG>
2233,"George Mason University, Fairfax, VA",George Mason University; Fairfax; VA,George Mason University<ORG>; Fairfax<GPE>; VA<GPE>
7900,"George Mason University, Fairfax, Virginia",George Mason University; Fairfax; Virginia,George Mason University<ORG>; Fairfax<GPE>; Virginia<GPE>
6373,"George Mason University, Fairfax, VT, USA",George Mason University; Fairfax; VT; USA,George Mason University<ORG>; Fairfax<GPE>; VT<GPE>; USA<GPE>
6076,"George Washington University, Washington D.C., DC, USA",George Washington University; Washington D.C.; DC; USA,George Washington University<ORG>; Washington D.C.<GPE>; DC<GPE>; USA<GPE>
6449,"George Washington University, Washington, D.C., DC, USA",George Washington University; Washington; D.C.; DC; USA,George Washington University<ORG>; Washington<GPE>; D.C.<GPE>; DC<GPE>; USA<GPE>
3012,Georgia Institute of Technology,Georgia Institute of Technology,Georgia Institute of Technology<ORG>
7840,"Georgia Institute of Technology, 30332 Atlanta, GA, USA",Georgia Institute of Technology; 30332; Atlanta; GA; USA,Georgia Institute of Technology<ORG>; 30332<CARDINAL>; Atlanta<GPE>; GA<GPE>; USA<GPE>
6927,"Georgia Institute of Technology, Atlanta, GA",Georgia Institute of Technology; Atlanta; GA,Georgia Institute of Technology<ORG>; Atlanta<GPE>; GA<GPE>
5864,"Georgia Institute of Technology, Atlanta, GA, USA",Georgia Institute of Technology; Atlanta; GA; USA,Georgia Institute of Technology<ORG>; Atlanta<GPE>; GA<GPE>; USA<GPE>
6712,"Georgia Institute of Technology, College of Computing",Georgia Institute of Technology; College of Computing,Georgia Institute of Technology<ORG>; College of Computing<ORG>
8410,"Georgia State University, Atlanta, GA",Georgia State University; Atlanta; GA,Georgia State University<ORG>; Atlanta<GPE>; GA<GPE>
3596,Georgia Tech,Georgia Tech,Georgia Tech<ORG>
6482,"Gigabeat, Inc. Palo Alto CA","Gigabeat, Inc.; Palo Alto CA","Gigabeat, Inc.<ORG>; Palo Alto CA<GPE>"
9331,"Global Scientific Information and Computing Center, Tokyo Institute of Technology, Tokyo, Japan 152-8552",Global Scientific Information and Computing Center; Tokyo Institute of Technology; Tokyo; Japan; 152,Global Scientific Information and Computing Center<ORG>; Tokyo Institute of Technology<ORG>; Tokyo<GPE>; Japan<GPE>; 152<CARDINAL>
2551,Google,Google,Google<ORG>
776,Google Inc.,Google Inc.,Google Inc.<ORG>
2401,"Google Inc., Mountain View, CA",Google Inc.; Mountain View; CA,Google Inc.<ORG>; Mountain View<GPE>; CA<GPE>
5771,"Google Inc., Mountain View, CA, USA",Google Inc.; Mountain View; CA; USA,Google Inc.<ORG>; Mountain View<GPE>; CA<GPE>; USA<GPE>
2322,"Google Inc., Mountain View, California",Google Inc.; Mountain View; California,Google Inc.<ORG>; Mountain View<GPE>; California<GPE>
8644,"Google Inc., Mountain View, USA",Google Inc.; Mountain View; USA,Google Inc.<ORG>; Mountain View<GPE>; USA<GPE>
8798,"Google Inc., Mountain View, USA 94043",Google Inc.; Mountain View; USA; 94043,Google Inc.<ORG>; Mountain View<GPE>; USA<GPE>; 94043<CARDINAL>
3337,"Google, Inc.",Google,Google<ORG>
3297,"Google, Inc., Mountain View, CA",Google; Mountain View; CA,Google<ORG>; Mountain View<GPE>; CA<GPE>
6411,"Google, Inc., Mountain View, CA, USA",Google; Mountain View; CA; USA,Google<ORG>; Mountain View<GPE>; CA<GPE>; USA<GPE>
9432,"Google, Inc., Mountain View, USA 94043",Google; Mountain View; USA; 94043,Google<ORG>; Mountain View<GPE>; USA<GPE>; 94043<CARDINAL>
8855,"Google, Inc., New York, NY",Google; New York; NY,Google<ORG>; New York<GPE>; NY<GPE>
5774,"Google, Mountain View, CA, USA",Google; Mountain View; CA; USA,Google<ORG>; Mountain View<GPE>; CA<GPE>; USA<GPE>
9600,Greenplum,Greenp,Greenp<PER>
6277,"Greenplum Inc., San Mateo, CA, USA",Greenplum Inc.; San Mateo; CA; USA,Greenplum Inc.<ORG>; San Mateo<GPE>; CA<GPE>; USA<GPE>
4837,Haifa University,Haifa University,Haifa University<ORG>
8599,"Haifa University, Haifa, Israel",Haifa University; Haifa; Israel,Haifa University<ORG>; Haifa<GPE>; Israel<GPE>
8910,"Haifa, Israel",Haifa; Israel,Haifa<GPE>; Israel<GPE>
9020,Harbin Institute of Tech.,Harbin Institute of Tech,Harbin Institute of Tech<ORG>
3111,Harbin Institute of Technology,Harbin Institute of Technology,Harbin Institute of Technology<ORG>
42,"Harbin Institute of Technology, China",Harbin Institute of Technology; China,Harbin Institute of Technology<ORG>; China<GPE>
3038,"Harbin Institute of Technology, Harbin, China",Harbin Institute of Technology; Harbin; China,Harbin Institute of Technology<ORG>; Harbin<GPE>; China<GPE>
2655,"Hasso-Plattner-Institut, Potsdam",Hasso-Plattner-Institut; Potsdam,Hasso-Plattner-Institut<ORG>; Potsdam<GPE>
2744,"Hasso-Plattner-Institut, Potsdam, Germany",Hasso-Plattner-Institut; Potsdam; Germany,Hasso-Plattner-Institut<ORG>; Potsdam<GPE>; Germany<GPE>
393,Hebrew University,Hebrew University,Hebrew University<ORG>
9458,"Hebrew University of Jerusalem, Jerusalem, Israel",Hebrew University of Jerusalem; Jerusalem; Israel,Hebrew University of Jerusalem<ORG>; Jerusalem<GPE>; Israel<GPE>
5491,"Hebrew University, Jerusalem, Israel",Hebrew University; Jerusalem; Israel,Hebrew University<ORG>; Jerusalem<GPE>; Israel<GPE>
1212,"HeliXense Pte Ltd, Singapore",HeliXense Pte Ltd; Singapore,HeliXense Pte Ltd<ORG>; Singapore<GPE>
1210,"HeliXense Pte Ltd., Singapore",HeliXense Pte Ltd.; Singapore,HeliXense Pte Ltd.<ORG>; Singapore<GPE>
8285,"Helsinki University of Technology, HUT, Finland",Helsinki University of Technology; HUT; Finland,Helsinki University of Technology<ORG>; HUT<GPE>; Finland<GPE>
5198,"Hewlett Packard Laboratories, Palo Alto, CA",Hewlett Packard Laboratories; Palo Alto; CA,Hewlett Packard Laboratories<ORG>; Palo Alto<GPE>; CA<GPE>
6056,"Hewlett Packard Laboratories, Palo Alto, CA, USA",Hewlett Packard Laboratories; Palo Alto; CA; USA,Hewlett Packard Laboratories<ORG>; Palo Alto<GPE>; CA<GPE>; USA<GPE>
1218,"Hewlett Packard, Palo Alto, CA",Hewlett Packard; Palo Alto; CA,Hewlett Packard<ORG>; Palo Alto<GPE>; CA<GPE>
6940,"Hewlett-Packard Company, 1501 Page Mill Road, Palo Alto, CA",Hewlett-Packard Company; 1501 Page Mill Road; Palo Alto; CA,Hewlett-Packard Company<ORG>; 1501 Page Mill Road<FAC>; Palo Alto<GPE>; CA<GPE>
805,"Hewlett-Packard Company, Houston, TX",Hewlett-Packard Company; Houston; TX,Hewlett-Packard Company<ORG>; Houston<GPE>; TX<GPE>
320,"Hewlett-Packard Company, Tomball Parkway, Houston, TX",Hewlett-Packard Company; Tomball Parkway; Houston; TX,Hewlett-Packard Company<ORG>; Tomball Parkway<FAC>; Houston<GPE>; TX<GPE>
2140,"Hewlett-Packard Laboratories, Palo Alto, CA",Hewlett-Packard Laboratories; Palo Alto; CA,Hewlett-Packard Laboratories<ORG>; Palo Alto<GPE>; CA<GPE>
6471,"Hewlett-Packard Laboratories, Palo Alto, California",Hewlett-Packard Laboratories; Palo Alto; California,Hewlett-Packard Laboratories<ORG>; Palo Alto<GPE>; California<GPE>
3755,Hewlett-Packard Labs,Hewlett-Packard Labs,Hewlett-Packard Labs<ORG>
2488,"Hewlett-Packard Labs, Palo Alto, CA",Hewlett-Packard Labs; Palo Alto; CA,Hewlett-Packard Labs<ORG>; Palo Alto<GPE>; CA<GPE>
1185,"Hewlett-Packard, Palo Alto, CA",Hewlett-Packard; Palo Alto; CA,Hewlett-Packard<ORG>; Palo Alto<GPE>; CA<GPE>
9441,"Highbridge Capital Management LLC, USA",Highbridge Capital Management LLC; USA,Highbridge Capital Management LLC<ORG>; USA<GPE>
5678,"Highbridge Capital Management LLC, USA, USA",Highbridge Capital Management LLC; USA,Highbridge Capital Management LLC<ORG>; USA<GPE>
3372,HKUST,HKUST,HKUST<ORG>
4140,"HKUST, Clear Water bay, Hong Kong",HKUST; Clear Water bay; Hong Kong,HKUST<ORG>; Clear Water bay<LOC>; Hong Kong<GPE>
5403,"HKUST, Hong Kong, China",HKUST; Hong Kong; China,HKUST<GPE>; Hong Kong<GPE>; China<GPE>
4502,Hong Kong Baptist University,Hong Kong Baptist University,Hong Kong Baptist University<ORG>
5083,"Hong Kong Baptist University, Hong Kong",Hong Kong Baptist University; Hong Kong,Hong Kong Baptist University<ORG>; Hong Kong<GPE>
268,"Hong Kong Polytechnic University, Hung Hom, Hong Kong",Hong Kong Polytechnic University; Hung Hom; Hong Kong,Hong Kong Polytechnic University<ORG>; Hung Hom<GPE>; Hong Kong<GPE>
8558,"Hong Kong Polytechnic University, Kowloon, Hong Kong",Hong Kong Polytechnic University; Kowloon; Hong Kong,Hong Kong Polytechnic University<ORG>; Kowloon<GPE>; Hong Kong<GPE>
5676,"Hong Kong Univ. of Science and Technology, Hong Kong, China",Hong Kong Univ. of Science and Technology; Hong Kong; China,Hong Kong Univ. of Science and Technology<ORG>; Hong Kong<GPE>; China<GPE>
4501,Hong Kong University of Science & Technology,Hong Kong University of Science & Technology,Hong Kong University of Science & Technology<ORG>
3826,"Hong Kong University of Science & Technology, Hong Kong, China",Hong Kong; China,Hong Kong<GPE>; China<GPE>
3244,Hong Kong University of Science and Technology,Hong Kong University of Science and Technology,Hong Kong University of Science and Technology<ORG>
41,"Hong Kong University of Science and Technology, China",Hong Kong University of Science and Technology; China,Hong Kong University of Science and Technology<ORG>; China<GPE>
2236,"Hong Kong University of Science and Technology, Clear Water Bay, Hong Kong",Hong Kong; Clear Water Bay,Hong Kong<GPE>; Clear Water Bay<LOC>
4795,"Hong Kong University of Science and Technology, Clear Water Bay, Kowloon, Hong Kong",Hong Kong; Clear Water Bay; Kowloon,Hong Kong<GPE>; Clear Water Bay<LOC>; Kowloon<GPE>
3260,"Hong Kong University of Science and Technology, Hong Kong",Hong Kong University of Science and Technology; Hong Kong,Hong Kong University of Science and Technology<ORG>; Hong Kong<GPE>
2323,"Hong Kong University of Science and Technology, Hong Kong, China",Hong Kong; China,Hong Kong<GPE>; China<GPE>
5325,"Hong Kong University of Science and Technology, Hong Kong, Hong Kong",Hong Kong,Hong Kong<GPE>
5604,"Hong Kong University of Science and Technology, Kowloon, Hong Kong",Hong Kong University of Science and Technology; Kowloon; Hong Kong,Hong Kong University of Science and Technology<ORG>; Kowloon<GPE>; Hong Kong<GPE>
6166,"Hong Kong University, Hong Kong, Hong Kong",Hong Kong University; Hong Kong,Hong Kong University<ORG>; Hong Kong<GPE>
9057,"HP Laboratories, Palo Alto, CA",HP Laboratories; Palo Alto; CA,HP Laboratories<ORG>; Palo Alto<GPE>; CA<GPE>
2530,"HP Labs, Palo Alto, CA",HP Labs; Palo Alto; CA,HP Labs<ORG>; Palo Alto<GPE>; CA<GPE>
5805,"HP Labs, Palo Alto, CA, USA",HP Labs; Palo Alto; CA; USA,HP Labs<ORG>; Palo Alto<GPE>; CA<GPE>; USA<GPE>
3419,"HP, Palo Alto, CA, USA",HP; Palo Alto; CA; USA,HP<ORG>; Palo Alto<GPE>; CA<GPE>; USA<GPE>
3242,"Huazhong University of Science and Technology, Hong Kong",Huazhong University of Science and Technology; Hong Kong,Huazhong University of Science and Technology<ORG>; Hong Kong<GPE>
3241,"Huazhong University of Science and Technology, Wuhan, China",Huazhong University of Science and Technology; Wuhan; China,Huazhong University of Science and Technology<ORG>; Wuhan<GPE>; China<GPE>
1764,"Humboldt Universität zu Berlin, Berlin, Germany",Humboldt Universität; Berlin; Germany,Humboldt Universität<ORG>; Berlin<GPE>; Germany<GPE>
1278,"Humboldt-Universität und Fachhochschule für Technik und Wirtschaft, Germany",Humboldt-Universität und Fachhochschule; Germany,Humboldt-Universität und Fachhochschule<ORG>; Germany<GPE>
3079,Humboldt-Universität zu Berlin,Humboldt-Universität; Berlin,Humboldt-Universität<ORG>; Berlin<GPE>
4488,"Humboldt-Universität zu Berlin, Berlin, Germany",Humboldt-Universität; Berlin; Germany,Humboldt-Universität<ORG>; Berlin<GPE>; Germany<GPE>
388,"Humboldt-Universität zu Berlin, Germany",Humboldt-Universität; Berlin; Germany,Humboldt-Universität<ORG>; Berlin<GPE>; Germany<GPE>
1277,"Humboldt-Universität zu Berlin, Kelman GmbH, Berlin, Germany",Humboldt-Universität; Berlin; Kelman GmbH; Germany,Humboldt-Universität<ORG>; Berlin<GPE>; Kelman GmbH<ORG>; Germany<GPE>
5240,"Humboldt-University zu Berlin, Berlin, Germany",Humboldt-University; Berlin; Germany,Humboldt-University<ORG>; Berlin<GPE>; Germany<GPE>
310,"i-TV-T AG, Germany",i-TV-T AG; Germany,i-TV-T AG<ORG>; Germany<GPE>
180,"i-TV-T AG, Unterföhring",i-TV-T AG; Unterföhring,i-TV-T AG<ORG>; Unterföhring<GPE>
2596,I.I.T. Bombay,I. I. T. Bombay,I. I. T. Bombay<ORG>
4664,"I.N.R.I.A. Rocquencourt, Cedex, France",Cedex; France,Cedex<GPE>; France<GPE>
7676,"I.N.R.I.A., Rocquencourt, France; e-mail: &lcub;Vincent.Aguilera,Pierangelo.Veltri&rcub;&commat;inria.fr",I.N.R.I.A.; Rocquencourt; France,I.N.R.I.A.<ORG>; Rocquencourt<GPE>; France<GPE>
3969,IBM,IBM,IBM<ORG>
3276,IBM Almaden,IBM,IBM<ORG>
2900,"IBM Almaden RC, San Jose, CA",IBM Almaden RC; San Jose; CA,IBM Almaden RC<ORG>; San Jose<GPE>; CA<GPE>
9064,IBM Almaden Res. Ctr.,IBM Almaden Res. Ctr,IBM Almaden Res. Ctr<ORG>
38,IBM Almaden Research Center,IBM Almaden Research Center,IBM Almaden Research Center<ORG>
6549,"IBM Almaden Research Center San Jose , CA",IBM Almaden Research Center; San Jose; CA,IBM Almaden Research Center<ORG>; San Jose<GPE>; CA<GPE>
6588,"IBM Almaden Research Center, 650 Harry Road, San Jose, CA",IBM Almaden Research Center; Harry Road; San Jose; CA,IBM Almaden Research Center<ORG>; Harry Road<FAC>; San Jose<GPE>; CA<GPE>
7849,"IBM Almaden Research Center, 650 Harry Road, San Jose, CA 95120, USA; E-mail: {shanmuga, shekita, bgl, pirahesh, reinwald}@almaden.ibm.com; barr@cs.cornell.edu; carey@propel.com",IBM Almaden Research Center; San Jose; CA; USA; shanmuga; shekita; bgl; pirahesh,IBM Almaden Research Center<ORG>; San Jose<GPE>; CA<GPE>; USA<GPE>; shanmuga<PERSON>; shekita<ORG>; bgl<ORG>; pirahesh<PERSON>
6150,"IBM Almaden Research Center, San Jos, CA, USA",IBM Almaden Research Center; San Jos; CA; USA,IBM Almaden Research Center<ORG>; San Jos<GPE>; CA<GPE>; USA<GPE>
6440,"IBM Almaden Research Center, San Jose , CA, USA",IBM Almaden Research Center; San Jose; CA; USA,IBM Almaden Research Center<ORG>; San Jose<GPE>; CA<GPE>; USA<GPE>
1715,"IBM Almaden Research Center, San Jose CA",IBM Almaden Research Center; San Jose; CA,IBM Almaden Research Center<ORG>; San Jose<GPE>; CA<GPE>
15,"IBM Almaden Research Center, San Jose, CA",IBM Almaden Research Center; San Jose; CA,IBM Almaden Research Center<ORG>; San Jose<GPE>; CA<GPE>
3865,"IBM Almaden Research Center, San Jose, CA, USA",IBM Almaden Research Center; San Jose; CA; USA,IBM Almaden Research Center<ORG>; San Jose<GPE>; CA<GPE>; USA<GPE>
681,"IBM Almaden Research Center, San Jose, California",IBM Almaden Research Center; San Jose; California,IBM Almaden Research Center<ORG>; San Jose<GPE>; California<GPE>
5767,"IBM Almaden Research Center, San Jose, USA",IBM Almaden Research Center; San Jose; USA,IBM Almaden Research Center<ORG>; San Jose<GPE>; USA<GPE>
9338,"IBM Almaden Research Center, San Jose, USA 95120",IBM Almaden Research Center; San Jose; USA; 95120,IBM Almaden Research Center<ORG>; San Jose<GPE>; USA<GPE>; 95120<CARDINAL>
8069,"IBM Almaden Research Center, USA",IBM Almaden Research Center; USA,IBM Almaden Research Center<ORG>; USA<GPE>
5371,"IBM Almaden Research Lab, San Jose, CA",IBM Almaden Research Lab; San Jose; CA,IBM Almaden Research Lab<ORG>; San Jose<GPE>; CA<GPE>
8853,"IBM Almaden Research, Almaden, CA",IBM Almaden Research; Almaden; CA,IBM Almaden Research<ORG>; Almaden<GPE>; CA<GPE>
7139,"IBM Almaden Research, Center",IBM Almaden Research,IBM Almaden Research<ORG>
2886,"IBM Almaden Research, San Jose, CA",IBM Almaden Research; San Jose; CA,IBM Almaden Research<ORG>; San Jose<GPE>; CA<GPE>
1856,"IBM Almaden, Research Center, San Jose, CA",IBM; San Jose; CA,IBM<ORG>; San Jose<GPE>; CA<GPE>
5574,"IBM Almaden, San Jose, CA, USA",IBM; Almaden; San Jose; CA; USA,IBM<ORG>; Almaden<GPE>; San Jose<GPE>; CA<GPE>; USA<GPE>
878,"IBM Boeblingen Lab, Böblingen, Germany",IBM Boeblingen Lab; Böblingen; Germany,IBM Boeblingen Lab<ORG>; Böblingen<GPE>; Germany<GPE>
5062,"IBM Boeblingen Laboratory, Boeblingen, Germany",IBM Boeblingen Laboratory; Boeblingen; Germany,IBM Boeblingen Laboratory<ORG>; Boeblingen<GPE>; Germany<GPE>
6904,"IBM Canada Ltd., 1150 Eglinton Ave. E., Toronto, Ontario M3C 1H7, Canada",IBM Canada Ltd.; Toronto; Ontario; Canada,IBM Canada Ltd.<ORG>; Toronto<GPE>; Ontario<GPE>; Canada<GPE>
3867,"IBM Canada, Toronto, ON, Canada",IBM Canada; Toronto; ON; Canada,IBM Canada<ORG>; Toronto<GPE>; ON<GPE>; Canada<GPE>
5889,"IBM China Research Lab, BeiJing, China",IBM China Research Lab; BeiJing; China,IBM China Research Lab<ORG>; BeiJing<GPE>; China<GPE>
9721,"IBM China Research Lab, China",IBM China Research Lab; China,IBM China Research Lab<ORG>; China<GPE>
6210,"IBM China Research Laboratory, Beijing, China",IBM China Research Laboratory; Beijing; China,IBM China Research Laboratory<ORG>; Beijing<GPE>; China<GPE>
2706,"IBM China Research Laboratory, ShangDi, Beijing, China",IBM China Research Laboratory; ShangDi; Beijing; China,IBM China Research Laboratory<ORG>; ShangDi<GPE>; Beijing<GPE>; China<GPE>
7162,"IBM Corporation, San Jose, CA",IBM Corporation; San Jose; CA,IBM Corporation<ORG>; San Jose<GPE>; CA<GPE>
7186,"IBM Database Tech. Inst., Austin, TX",IBM Database Tech. Inst.; Austin; TX,IBM Database Tech. Inst.<ORG>; Austin<GPE>; TX<GPE>
2376,"IBM Deutschland, Böblingen, Germany",IBM; Böblingen; Germany,IBM<ORG>; Böblingen<GPE>; Germany<GPE>
1600,"IBM Entwicklung GmbH, Böblingen, Germany",IBM Entwicklung GmbH; Böblingen; Germany,IBM Entwicklung GmbH<ORG>; Böblingen<GPE>; Germany<GPE>
110,IBM Germany,IBM; Germany,IBM<ORG>; Germany<GPE>
8439,"IBM Germany, Boeblingen",IBM; Germany; Boeblingen,IBM<ORG>; Germany<GPE>; Boeblingen<GPE>
2902,"IBM Germany, Germany",IBM; Germany,IBM<ORG>; Germany<GPE>
8368,"IBM Haifa Labs, Israel",IBM; Haifa Labs; Israel,IBM<ORG>; Haifa Labs<ORG>; Israel<GPE>
8931,"IBM Haifa Research Lab, Haifa, Israel",IBM; Haifa Research Lab; Haifa; Israel,IBM<ORG>; Haifa Research Lab<ORG>; Haifa<GPE>; Israel<GPE>
9522,"IBM India Research Lab, India",IBM India Research Lab; India,IBM India Research Lab<ORG>; India<GPE>
699,"IBM India Research Lab, New Delhi, India",IBM India Research Lab; New Delhi; India,IBM India Research Lab<ORG>; New Delhi<GPE>; India<GPE>
612,"IBM India Research Lab, SIRC",IBM India Research Lab; SIRC,IBM India Research Lab<ORG>; SIRC<ORG>
963,"IBM India Research Lab., Hauz Khas, New Delhi, India",IBM India Research Lab.; Hauz Khas; New Delhi; India,IBM India Research Lab.<ORG>; Hauz Khas<GPE>; New Delhi<GPE>; India<GPE>
4126,IBM Indian Research Laboratory,IBM Indian Research Laboratory,IBM Indian Research Laboratory<ORG>
2005,IBM Portland,IBM; Portland,IBM<ORG>; Portland<GPE>
555,IBM Research,IBM,IBM<ORG>
8022,"IBM Research Laboratory, Haifa, Israel",IBM Research Laboratory; Haifa; Israel,IBM Research Laboratory<ORG>; Haifa<GPE>; Israel<GPE>
3447,"IBM Research, Haifa, Israel",IBM Research; Haifa; Israel,IBM Research<ORG>; Haifa<GPE>; Israel<GPE>
4424,"IBM Research, New Delhi, India",IBM Research; New Delhi; India,IBM Research<ORG>; New Delhi<GPE>; India<GPE>
8861,"IBM Research, Yorktown Heights, NY",IBM Research; Yorktown Heights; NY,IBM Research<ORG>; Yorktown Heights<GPE>; NY<GPE>
8444,IBM San Jose CA USA,IBM; San Jose; CA,IBM<ORG>; San Jose<GPE>; CA<GPE>
111,IBM Silicon Valley Lab,IBM; Silicon Valley,IBM<ORG>; Silicon Valley<LOC>
4456,"IBM Silicon Valley Lab, San Jose CA",IBM; Silicon Valley Lab; San Jose; CA,IBM<ORG>; Silicon Valley Lab<ORG>; San Jose<GPE>; CA<GPE>
350,"IBM Silicon Valley Lab, San Jose, CA",IBM; San Jose; CA,IBM<ORG>; San Jose<GPE>; CA<GPE>
9429,"IBM Silicon Valley Lab, San Jose, USA 95141",IBM Silicon Valley Lab; San Jose; USA; 95141,IBM Silicon Valley Lab<ORG>; San Jose<GPE>; USA<GPE>; 95141<CARDINAL>
8442,"IBM Silicon Valley Lab, USA",IBM Silicon Valley Lab; USA,IBM Silicon Valley Lab<ORG>; USA<GPE>
7055,"IBM Silicon Valley Lab., San Jose, CA",IBM Silicon Valley Lab.; San Jose; CA,IBM Silicon Valley Lab.<ORG>; San Jose<GPE>; CA<GPE>
7356,IBM Silicon Valley Laboratory,IBM; Silicon Valley Laboratory,IBM<ORG>; Silicon Valley Laboratory<LOC>
1579,"IBM Silicon Valley Laboratory, San Jose, CA",IBM; San Jose; CA,IBM<ORG>; San Jose<GPE>; CA<GPE>
4606,"IBM Silicon Valley Laboratory, San Jose, California",IBM; Silicon Valley Laboratory; San Jose; California,IBM<ORG>; Silicon Valley Laboratory<ORG>; San Jose<GPE>; California<GPE>
4601,IBM Silicon Valley Labs,IBM,IBM<ORG>
7141,"IBM Silicon Valley, Laboratory",IBM; Silicon Valley,IBM<ORG>; Silicon Valley<LOC>
5837,"IBM Sillicon Valley Lab, San Jose, CA, USA",IBM Sillicon Valley Lab; San Jose; CA; USA,IBM Sillicon Valley Lab<ORG>; San Jose<GPE>; CA<GPE>; USA<GPE>
9524,IBM Software Group,IBM Software Group,IBM Software Group<ORG>
9725,"IBM Software Group, Canada",IBM Software Group; Canada,IBM Software Group<ORG>; Canada<GPE>
9526,"IBM Software Group, India",IBM Software Group; India,IBM Software Group<ORG>; India<GPE>
7125,"IBM Software Lab, India, Golden Enclave, Bangalore 560017 India",IBM Software Lab; India; Golden Enclave; Bangalore,IBM Software Lab<ORG>; India<GPE>; Golden Enclave<FAC>; Bangalore<GPE>
627,IBM T. J. Watson Res. Center,IBM T. J. Watson Res. Center,IBM T. J. Watson Res. Center<ORG>
448,IBM T. J. Watson Research Center,IBM T. J. Watson Research Center,IBM T. J. Watson Research Center<ORG>
682,"IBM T. J. Watson Research Center, Hawhorne, NY",IBM T. J. Watson Research Center; Hawhorne; NY,IBM T. J. Watson Research Center<ORG>; Hawhorne<GPE>; NY<GPE>
1068,"IBM T. J. Watson Research Center, Hawthorne NY",IBM T. J. Watson Research Center; Hawthorne NY,IBM T. J. Watson Research Center<ORG>; Hawthorne NY<GPE>
2038,"IBM T. J. Watson Research Center, Hawthorne, New York",IBM T. J. Watson Research Center; Hawthorne; New York,IBM T. J. Watson Research Center<ORG>; Hawthorne<GPE>; New York<GPE>
363,"IBM T. J. Watson Research Center, Hawthorne, NY",IBM T. J. Watson Research Center; Hawthorne; NY,IBM T. J. Watson Research Center<ORG>; Hawthorne<GPE>; NY<GPE>
5583,"IBM T. J. Watson Research Center, Hawthorne, NY, USA",IBM T. J. Watson Research Center; Hawthorne; NY; USA,IBM T. J. Watson Research Center<ORG>; Hawthorne<GPE>; NY<GPE>; USA<GPE>
6762,"IBM T. J. Watson Research Center, P.O. Box 704, Yorktown Heights, NY",IBM T. J. Watson Research Center; 704; Yorktown Heights; NY,IBM T. J. Watson Research Center<ORG>; 704<CARDINAL>; Yorktown Heights<GPE>; NY<GPE>
7098,"IBM T. J. Watson Research Center, Road, Hawthorne, NY",IBM T. J. Watson Research Center; Road; Hawthorne; NY,IBM T. J. Watson Research Center<ORG>; Road<FAC>; Hawthorne<GPE>; NY<GPE>
5656,"IBM T. J. Watson Research Center, Westchester, NY, USA",IBM T. J. Watson Research Center; Westchester; NY; USA,IBM T. J. Watson Research Center<ORG>; Westchester<GPE>; NY<GPE>; USA<GPE>
263,"IBM T. J. Watson Research Center, Yorktown Heights, NY",IBM T. J. Watson Research Center; Yorktown Heights; NY,IBM T. J. Watson Research Center<ORG>; Yorktown Heights<GPE>; NY<GPE>
6254,"IBM T. J. Watson Research Center, Yorktown Heights, NY, USA",IBM T. J. Watson Research Center; Yorktown Heights; NY; USA,IBM T. J. Watson Research Center<ORG>; Yorktown Heights<GPE>; NY<GPE>; USA<GPE>
1342,"IBM T. J. Watson Research Center, Yorktown, NY",IBM T. J. Watson Research Center; Yorktown; NY,IBM T. J. Watson Research Center<ORG>; Yorktown<GPE>; NY<GPE>
1837,"IBM T. J. Watson Research, Hawthorne, NY",IBM T. J. Watson Research; Hawthorne; NY,IBM T. J. Watson Research<ORG>; Hawthorne<GPE>; NY<GPE>
4109,"IBM T. J. Watson, Research Center",IBM,IBM<ORG>
791,IBM T.J. Watson Research Center,IBM T.J. Watson Research Center,IBM T.J. Watson Research Center<ORG>
2330,"IBM T.J. Watson Research Center Hawthorne, NY",IBM T.J. Watson Research Center; Hawthorne; NY,IBM T.J. Watson Research Center<ORG>; Hawthorne<GPE>; NY<GPE>
7422,"IBM T.J. Watson Research Center, Hawthorne, New York",IBM T.J. Watson Research Center; Hawthorne; New York,IBM T.J. Watson Research Center<ORG>; Hawthorne<GPE>; New York<GPE>
2573,"IBM T.J. Watson Research Center, Hawthorne, NY",IBM T.J. Watson Research Center; Hawthorne; NY,IBM T.J. Watson Research Center<ORG>; Hawthorne<GPE>; NY<GPE>
9315,"IBM T.J. Watson Research Center, Hawthorne, USA",IBM T.J. Watson Research Center; Hawthorne; USA,IBM T.J. Watson Research Center<ORG>; Hawthorne<GPE>; USA<GPE>
8896,"IBM T.J. Watson Research Center, New York",IBM T.J. Watson Research Center; New York,IBM T.J. Watson Research Center<ORG>; New York<GPE>
8163,"IBM T.J. Watson Research Center, USA",IBM T.J. Watson Research Center; USA,IBM T.J. Watson Research Center<ORG>; USA<GPE>
6490,"IBM T.J. Watson Research Center, Yorktown Heights, NY",IBM T.J. Watson Research Center; Yorktown Heights; NY,IBM T.J. Watson Research Center<ORG>; Yorktown Heights<GPE>; NY<GPE>
8737,"IBM T.J. Watson Research Center, Yorktown Heights, USA",IBM T.J. Watson Research Center; Yorktown Heights; USA,IBM T.J. Watson Research Center<ORG>; Yorktown Heights<GPE>; USA<GPE>
2268,"IBM T.J. Watson Research Ctr., Hawthorne, NY",IBM T.J. Watson Research Ctr; Hawthorne; NY,IBM T.J. Watson Research Ctr<ORG>; Hawthorne<GPE>; NY<GPE>
9341,"IBM T.J. Watson Research Labs, Yorktown Heights, USA 10598",IBM T.J. Watson Research Labs; Yorktown Heights; USA; 10598,IBM T.J. Watson Research Labs<ORG>; Yorktown Heights<GPE>; USA<GPE>; 10598<CARDINAL>
2065,"IBM T.J. Watson Research, Hawthorne, NY",IBM T.J. Watson Research; Hawthorne; NY,IBM T.J. Watson Research<ORG>; Hawthorne<GPE>; NY<GPE>
5636,"IBM T.J. Watson Research, Hawthorne, NY, USA",IBM T.J. Watson Research; Hawthorne; NY; USA,IBM T.J. Watson Research<ORG>; Hawthorne<GPE>; NY<GPE>; USA<GPE>
7287,"IBM Thomas J. Watson Research Center, Hawthorne, NY",IBM Thomas J. Watson Research Center; Hawthorne; NY,IBM Thomas J. Watson Research Center<ORG>; Hawthorne<GPE>; NY<GPE>
5860,"IBM Thomas J. Watson Research Center, Hawthorne, NY, USA",IBM; Thomas J. Watson Research Center; Hawthorne; NY; USA,IBM<ORG>; Thomas J. Watson Research Center<ORG>; Hawthorne<GPE>; NY<GPE>; USA<GPE>
8765,"IBM Thomas J. Watson Research Centre, Yorktown, USA 10598",IBM Thomas J. Watson Research Centre; Yorktown; USA; 10598,IBM Thomas J. Watson Research Centre<ORG>; Yorktown<GPE>; USA<GPE>; 10598<CARDINAL>
816,IBM TJ Watson Research Center,IBM,IBM<ORG>
7609,"IBM Tokyo Research Lab, Tokyo, Japan",IBM Tokyo Research Lab; Tokyo; Japan,IBM Tokyo Research Lab<ORG>; Tokyo<GPE>; Japan<GPE>
2725,IBM Tokyo Research Laboratory,IBM Tokyo Research Laboratory,IBM Tokyo Research Laboratory<ORG>
4161,IBM Toronto,IBM; Toronto,IBM<ORG>; Toronto<GPE>
2031,"IBM Toronto Development Lab, Markham, ON, Canada",IBM Toronto Development Lab; Markham; ON; Canada,IBM Toronto Development Lab<ORG>; Markham<GPE>; ON<GPE>; Canada<GPE>
4740,"IBM Toronto Development Laboratory, Markham, ON, Canada",IBM Toronto Development Laboratory; Markham; ON; Canada,IBM Toronto Development Laboratory<ORG>; Markham<GPE>; ON<GPE>; Canada<GPE>
4737,"IBM Toronto Development Laboratory, ON, Canada",IBM; Toronto Development Laboratory; ON; Canada,IBM<ORG>; Toronto Development Laboratory<ORG>; ON<GPE>; Canada<GPE>
2056,IBM Toronto Lab,IBM Toronto Lab,IBM Toronto Lab<ORG>
2610,"IBM Toronto Lab, Markham, ON",IBM Toronto Lab; Markham; ON,IBM Toronto Lab<ORG>; Markham<GPE>; ON<GPE>
1974,"IBM Toronto Lab, Markham, ON, Canada",IBM Toronto Lab; Markham; ON; Canada,IBM Toronto Lab<ORG>; Markham<GPE>; ON<GPE>; Canada<GPE>
7036,"IBM Toronto Lab, Markham, Ontario, Canada",IBM Toronto Lab; Markham; Ontario; Canada,IBM Toronto Lab<ORG>; Markham<GPE>; Ontario<GPE>; Canada<GPE>
4158,"IBM Toronto Lab, Toronto, Canada",IBM Toronto Lab; Toronto; Canada,IBM Toronto Lab<ORG>; Toronto<GPE>; Canada<GPE>
5800,"IBM Toronto Lab, Toronto, ON, Canada",IBM Toronto Lab; Toronto; ON; Canada,IBM Toronto Lab<ORG>; Toronto<GPE>; ON<GPE>; Canada<GPE>
3710,IBM Toronto Laboratories,IBM Toronto Laboratories,IBM Toronto Laboratories<ORG>
1572,"IBM Toronto Laboratories, Markham, Ontario, Canada",IBM Toronto Laboratories; Markham; Ontario; Canada,IBM Toronto Laboratories<ORG>; Markham<GPE>; Ontario<GPE>; Canada<GPE>
1999,IBM Toronto Laboratory,IBM Toronto Laboratory,IBM Toronto Laboratory<ORG>
2037,"IBM Toronto Laboratory, Markham, Ontario, Canada",IBM Toronto Laboratory; Markham; Ontario; Canada,IBM Toronto Laboratory<ORG>; Markham<GPE>; Ontario<GPE>; Canada<GPE>
9593,"IBM Toronto Labs, Markham, Ontario, Canada",IBM Toronto Labs; Markham; Ontario; Canada,IBM Toronto Labs<ORG>; Markham<GPE>; Ontario<GPE>; Canada<GPE>
1184,"IBM Toronto Software Lab., Markham, Ontario, Canada",IBM Toronto Software Lab.; Markham; Ontario; Canada,IBM Toronto Software Lab.<ORG>; Markham<GPE>; Ontario<GPE>; Canada<GPE>
1980,"IBM Toronto Software Laboratory, Markham, Ontario, Canada",IBM Toronto Software Laboratory; Markham; Ontario; Canada,IBM Toronto Software Laboratory<ORG>; Markham<GPE>; Ontario<GPE>; Canada<GPE>
4951,IBM Watson,IBM,IBM<ORG>
2356,IBM Watson Research Center,IBM Watson Research Center,IBM Watson Research Center<ORG>
4266,"IBM Watson Research Center, Hawthorne, NY",IBM Watson Research Center; Hawthorne; NY,IBM Watson Research Center<ORG>; Hawthorne<GPE>; NY<GPE>
9016,"IBM Watson, Hawthorne, NY",IBM Watson; Hawthorne; NY,IBM Watson<ORG>; Hawthorne<GPE>; NY<GPE>
2727,IBM Yamato Software Laboratory,IBM Yamato Software Laboratory,IBM Yamato Software Laboratory<ORG>
5340,"IBM, Beijing, China",IBM; Beijing; China,IBM<ORG>; Beijing<GPE>; China<GPE>
6892,"IBM, Hawthorne",IBM; Hawthorne,IBM<ORG>; Hawthorne<GPE>
5339,"IBM, San Jose, CA",IBM; San Jose; CA,IBM<ORG>; San Jose<GPE>; CA<GPE>
5780,"IBM, San Jose, CA, USA",IBM; San Jose; CA; USA,IBM<ORG>; San Jose<GPE>; CA<GPE>; USA<GPE>
7434,"IBM, San Jose, California",IBM; San Jose; California,IBM<ORG>; San Jose<GPE>; California<GPE>
5675,"IBM, Toronto, Canada",IBM; Toronto; Canada,IBM<ORG>; Toronto<GPE>; Canada<GPE>
1355,"ICAR - CNR, Rende, Italy",ICAR; CNR; Rende; Italy,ICAR<ORG>; CNR<ORG>; Rende<GPE>; Italy<GPE>
1621,Icar CNR,Icar CNR,Icar CNR<PERSON>
406,"Icar CNR, Italy",Icar CNR; Italy,Icar CNR<ORG>; Italy<GPE>
9245,"ICAR-CNR, Rende (CS), Italy",ICAR-CNR; Rende; CS; Italy,ICAR-CNR<ORG>; Rende<ORG>; CS<ORG>; Italy<GPE>
5346,"IIIT-H: Hyderabad, Hyderabad, India",IIIT-H; Hyderabad; India,IIIT-H<ORG>; Hyderabad<GPE>; India<GPE>
237,IIT Bombay,IIT; Bombay,IIT<ORG>; Bombay<GPE>
3069,"IIT Bombay, India",IIT; Bombay; India,IIT<ORG>; Bombay<GPE>; India<GPE>
3994,"IIT Bombay, Mumbaî, India",IIT; Bombay; Mumbaî; India,IIT<ORG>; Bombay<GPE>; Mumbaî<GPE>; India<GPE>
6821,IIT-Bombay,IIT-Bombay,IIT-Bombay<ORG>
1121,"IIT, Bombay",IIT; Bombay,IIT<ORG>; Bombay<GPE>
381,"Indian Institute of Science, Bangalore, India",Indian Institute of Science; Bangalore; India,Indian Institute of Science<ORG>; Bangalore<GPE>; India<GPE>
3619,Indian Institute of Technology Bombay,Indian Institute of Technology Bombay,Indian Institute of Technology Bombay<ORG>
202,"Indian Institute of Technology Bombay, Mumbai, India",Indian Institute of Technology; Bombay; Mumbai; India,Indian Institute of Technology<ORG>; Bombay<GPE>; Mumbai<GPE>; India<GPE>
8041,"Indian Institute of Technology---Mumbai, Mumbai, India",Indian Institute of Technology; Mumbai; India,Indian Institute of Technology<ORG>; Mumbai<GPE>; India<GPE>
7022,"Indian Institute of Technology-Bombay, Powai, Mumbai, India",Indian Institute of Technology; Bombay; Powai; Mumbai; India,Indian Institute of Technology<ORG>; Bombay<GPE>; Powai<GPE>; Mumbai<GPE>; India<GPE>
132,"Indian Institute of Technology, Bombay",Indian Institute of Technology; Bombay,Indian Institute of Technology<ORG>; Bombay<GPE>
779,"Indian Institute of Technology, Bombay, India",Indian Institute of Technology; Bombay; India,Indian Institute of Technology<ORG>; Bombay<GPE>; India<GPE>
7864,"Indian Institute of Technology, Bombay, India; E-mail: sunita@it.iitb.ac.in",Indian Institute of Technology; Bombay; India,Indian Institute of Technology<ORG>; Bombay<GPE>; India<GPE>
4481,"Indian Institute of Technology, Bombay, Powai, Mumbai",Indian Institute of Technology; Bombay; Powai; Mumbai,Indian Institute of Technology<ORG>; Bombay<GPE>; Powai<GPE>; Mumbai<GPE>
5076,"Indian Institute of Technology, Mumbai, India",Indian Institute of Technology; Mumbai; India,Indian Institute of Technology<ORG>; Mumbai<GPE>; India<GPE>
8207,"Indian Institute of Technology, New Delhi, India",Indian Institute of Technology; New Delhi; India,Indian Institute of Technology<ORG>; New Delhi<GPE>; India<GPE>
4694,Indiana University at Bloomington,Indiana University at Bloomington,Indiana University at Bloomington<ORG>
5222,"Indiana University, Bloomington, IN",Indiana University; Bloomington; IN,Indiana University<ORG>; Bloomington<GPE>; IN<GPE>
2795,"Infobright Inc., Canada",Infobright Inc.; Canada,Infobright Inc.<ORG>; Canada<GPE>
2793,"Infobright Inc., Poland",Infobright Inc.; Poland,Infobright Inc.<ORG>; Poland<GPE>
6258,"Infobright Inc., Toronto, Canada",Infobright Inc.; Toronto; Canada,Infobright Inc.<ORG>; Toronto<GPE>; Canada<GPE>
6257,"Infobright Inc., Warsaw, Poland",Infobright Inc.; Warsaw; Poland,Infobright Inc.<ORG>; Warsaw<GPE>; Poland<GPE>
7809,"Infolab, Department of Information Systems and Management, Tilburg University, PO Box 90153, 5000 LE Tilburg, The Netherlands; e-mail: ling&commat;kub.nl",Infolab; Department of Information Systems and Management; Tilburg University; 90153; Tilburg; The Netherlands,Infolab<ORG>; Department of Information Systems and Management<ORG>; Tilburg University<ORG>; 90153<CARDINAL>; Tilburg<GPE>; The Netherlands<GPE>
8540,"INFOLAB, Tilburg University, Tilburg, The Netherlands 5000 LE",INFOLAB; Tilburg University; Tilburg; The Netherlands; 5000 LE,INFOLAB<ORG>; Tilburg University<ORG>; Tilburg<GPE>; The Netherlands<GPE>; 5000 LE<QUANTITY>
6627,InFomix Software,InFomix Software,InFomix Software<ORG>
8504,"Informatics Laboratory, Agricultural University of Athens, Greece",Informatics Laboratory; Agricultural University of Athens; Greece,Informatics Laboratory<ORG>; Agricultural University of Athens<ORG>; Greece<GPE>
6682,"Informatik V, RWTH Aachen, Germany",Informatik V; RWTH Aachen; Germany,Informatik V<ORG>; RWTH Aachen<GPE>; Germany<GPE>
1811,"Information Management & System, Group Microsoft Research Asia, Beijing, China",Information Management & System; Microsoft Research Asia; Beijing; China,Information Management & System<ORG>; Microsoft Research Asia<ORG>; Beijing<GPE>; China<GPE>
1607,"Information School, Renmin University of China, Beijing, China",Information School; Renmin University of China; Beijing; China,Information School<ORG>; Renmin University of China<ORG>; Beijing<GPE>; China<GPE>
7991,"Information Sciences Institute, University of Southern California, CA 90292, Marina del Rey, USA",Information Sciences Institute; University of Southern California; CA; Marina del Rey; USA,Information Sciences Institute<ORG>; University of Southern California<ORG>; CA<GPE>; Marina del Rey<GPE>; USA<GPE>
8244,"Information Sciences Institute, University of Southern California, USA",Information Sciences Institute; University of Southern California; USA,Information Sciences Institute<ORG>; University of Southern California<ORG>; USA<GPE>
8029,"Information Sciences Institute, USC, Marina del Rey, California, CA",Information Sciences Institute; USC; Marina del Rey; California; CA,Information Sciences Institute<ORG>; USC<ORG>; Marina del Rey<GPE>; California<GPE>; CA<GPE>
6602,"Information Sciences Research Center, Bell Laboratories, 600 Mountain Avenue, Murray Hill NJ",Information Sciences Research Center; Bell Laboratories; 600; Murray Hill; NJ,Information Sciences Research Center<ORG>; Bell Laboratories<ORG>; 600<CARDINAL>; Murray Hill<GPE>; NJ<GPE>
6804,"Information Sciences Research Center, Bell Laboratories, Murray Hill, NJ",Information Sciences Research Center; Bell Laboratories; Murray Hill; NJ,Information Sciences Research Center<ORG>; Bell Laboratories<ORG>; Murray Hill<GPE>; NJ<GPE>
8373,"Information Systems Department, University of Maryland Baltimore County, USA",Information Systems Department; University of Maryland; Baltimore County; USA,Information Systems Department<ORG>; University of Maryland<ORG>; Baltimore County<GPE>; USA<GPE>
976,"Information Technology Lab., LG Electronics Institute of Technology",Information Technology Lab.; LG Electronics Institute of Technology,Information Technology Lab.<ORG>; LG Electronics Institute of Technology<ORG>
3503,"Informix Software Inc, Los Gatos, USA",Informix Software Inc; Los Gatos; USA,Informix Software Inc<ORG>; Los Gatos<GPE>; USA<GPE>
3731,"Informix Software, Los Gatos, CA, USA",Informix Software; Los Gatos; CA; USA,Informix Software<ORG>; Los Gatos<GPE>; CA<GPE>; USA<GPE>
3413,"Informix, Menlo Park, CA, USA",Informix; Menlo Park; CA; USA,Informix<ORG>; Menlo Park<GPE>; CA<GPE>; USA<GPE>
1300,INRIA,INRIA,INRIA<GPE>
3770,INRIA  Rocquencourt,INRIA  Rocquencourt,INRIA  Rocquencourt<PERSON>
3823,INRIA - CNAM,INRIA; CNAM,INRIA<ORG>; CNAM<ORG>
475,INRIA Futurs,INRIA Futur,INRIA Futur<ORG>
2222,"INRIA Futurs, France",INRIA Futurs; France,INRIA Futurs<ORG>; France<GPE>
3754,INRIA Lorraine,INRIA Lorraine,INRIA Lorraine<PERSON>
3407,INRIA Rocquencourt,INRIA Rocquencourt,INRIA Rocquencourt<PERSON>
7793,"INRIA Rocquencourt, 78153 Le Chesnay, France",INRIA Rocquencourt; 78153; Le Chesnay; France,INRIA Rocquencourt<PERSON>; 78153<CARDINAL>; Le Chesnay<GPE>; France<GPE>
1723,"INRIA Rocquencourt, Domaine de Voluceau, Le Chesnay - France",INRIA Rocquencourt; Domaine de Voluceau; Le Chesnay; France,INRIA Rocquencourt<PERSON>; Domaine de Voluceau<ORG>; Le Chesnay<GPE>; France<GPE>
1496,"INRIA Rocquencourt, France",INRIA Rocquencourt; France,INRIA Rocquencourt<PERSON>; France<GPE>
2649,"INRIA Rocquencourt, Le Chesnay, France",INRIA Rocquencourt; Le Chesnay; France,INRIA Rocquencourt<PERSON>; Le Chesnay<GPE>; France<GPE>
6510,"INRIA Rooquencourt, BP 105,78153, Le Chesnay Cedex, France","INRIA Rooquencourt; 105,78153; Le Chesnay Cedex; France","INRIA Rooquencourt<PERSON>; 105,78153<CARDINAL>; Le Chesnay Cedex<FAC>; France<GPE>"
7731,INRIA Roquencourt; E-mail: dana@rodin.inria.fr,INRIA Roquencourt,INRIA Roquencourt<PERSON>
8295,"INRIA-Futurs, Orsay, Orsay Cedex, France",INRIA-Futurs; Orsay; Orsay Cedex; France,INRIA-Futurs<ORG>; Orsay<GPE>; Orsay Cedex<GPE>; France<GPE>
2687,"INRIA-Orsay, France",INRIA-Orsay; France,INRIA-Orsay<GPE>; France<GPE>
1225,"INRIA-Rocquencourt, Le Chesnay Cedex, France",INRIA-Rocquencourt; Le Chesnay Cedex; France,INRIA-Rocquencourt<FAC>; Le Chesnay Cedex<FAC>; France<GPE>
6607,"INRIA, BP 105, 78153 Le Chesnay, France",105; Le Chesnay; France,105<CARDINAL>; Le Chesnay<GPE>; France<GPE>
6856,"INRIA, Domaine de Voluceau BP 105, 78153 Le Chesnay Cedex, France",INRIA; Domaine de Voluceau; 105; Le Chesnay Cedex; France,INRIA<GPE>; Domaine de Voluceau<ORG>; 105<CARDINAL>; Le Chesnay Cedex<FAC>; France<GPE>
8025,"INRIA, France",INRIA; France,INRIA<GPE>; France<GPE>
5148,"INRIA, Nantes, France",INRIA; Nantes; France,INRIA<GPE>; Nantes<GPE>; France<GPE>
8179,"INRIA, Orsay Cedex, France",INRIA; Orsay Cedex; France,INRIA<GPE>; Orsay Cedex<GPE>; France<GPE>
7328,INRIA&Tel-Aviv U.,INRIA&Tel-Aviv U.,INRIA&Tel-Aviv U.<ORG>
1143,"Institut förmatik, TU-München, Orleansstraße, München, Germany",Institut förmatik; TU-München; Orleansstraße; München; Germany,Institut förmatik<ORG>; TU-München<ORG>; Orleansstraße<GPE>; München<GPE>; Germany<GPE>
1603,"Institut für Informatik, Ludwig-Maximilians-Universität München",Institut für Informatik; Ludwig-Maximilians-Universität,Institut für Informatik<ORG>; Ludwig-Maximilians-Universität<ORG>
7593,"Institut fur Informatik, Technical University of Munich, Orleanstr. 34, Munich, D-81667, Germany",Institut fur Informatik; Technical University of Munich; Orleanstr. 34; Munich; D-81667; Germany,Institut fur Informatik<ORG>; Technical University of Munich<ORG>; Orleanstr. 34<FAC>; Munich<GPE>; D-81667<FAC>; Germany<GPE>
2648,"Institut für Informatik, TU München, Germany",Institut für Informatik; TU München; Germany,Institut für Informatik<ORG>; TU München<ORG>; Germany<GPE>
7655,"Institut für Informatik, Universität Freiburg, Freiburg, Germany",Institut für Informatik; Universität Freiburg; Freiburg; Germany,Institut für Informatik<ORG>; Universität Freiburg<ORG>; Freiburg<GPE>; Germany<GPE>
1965,"Institut für Informatik, University of Tübingen, Tübingen, Germany",Institut für Informatik; University of Tübingen; Tübingen; Germany,Institut für Informatik<ORG>; University of Tübingen<ORG>; Tübingen<GPE>; Germany<GPE>
9459,"Institut Télécom, Télécom ParisTech, CNRS LTCI, Paris, France",Institut Télécom; Télécom ParisTech; CNRS LTCI; Paris; France,Institut Télécom<ORG>; Télécom ParisTech<ORG>; CNRS LTCI<ORG>; Paris<GPE>; France<GPE>
6459,"Institute AIFB, Universität Karlsruhe, Karlsruhe, Germany",AIFB; Universität Karlsruhe; Karlsruhe; Germany,AIFB<ORG>; Universität Karlsruhe<ORG>; Karlsruhe<GPE>; Germany<GPE>
6697,"Institute for Advanced Computer Studies and Department of Computer Science, University of Maryland, College Park",Institute for Advanced Computer Studies; Department of Computer Science; University of Maryland; College Park,Institute for Advanced Computer Studies<ORG>; Department of Computer Science<ORG>; University of Maryland<ORG>; College Park<GPE>
6839,"Institute for Computer Science, University of Munich, Oettingenstr. 67, D-80538 München, Germany",Institute for Computer Science; University of Munich; Oettingenstr. 67; München; Germany,Institute for Computer Science<ORG>; University of Munich<ORG>; Oettingenstr. 67<FAC>; München<GPE>; Germany<GPE>
6494,"Institute for Computer Science, University of Munich, Oettingenstr. 67, D-80538 Munich, Germany",Institute for Computer Science; University of Munich; Oettingenstr. 67; Munich; Germany,Institute for Computer Science<ORG>; University of Munich<ORG>; Oettingenstr. 67<FAC>; Munich<GPE>; Germany<GPE>
831,"Institute for Program Structures and Data Organisation, Universität Karlsruhe (TH), Karlsruhe, Germany",Institute for Program Structures and Data Organisation; Universität Karlsruhe; TH; Karlsruhe; Germany,Institute for Program Structures and Data Organisation<ORG>; Universität Karlsruhe<ORG>; TH<ORG>; Karlsruhe<GPE>; Germany<GPE>
1135,"Institute of Communication and Computer Systems and Department of Electrical and Computer Engineering, National Technical University of Athens, Zographou, Athens, Hellas",Institute of Communication and Computer Systems; Department of Electrical and Computer Engineering; National Technical University of Athens; Zographou; Athens; Hellas,Institute of Communication and Computer Systems<ORG>; Department of Electrical and Computer Engineering<ORG>; National Technical University of Athens<ORG>; Zographou<GPE>; Athens<GPE>; Hellas<GPE>
8744,"Institute of Communication and Computer Systems and School of Electrical and Computer Engineering, National Technical University of Athens, Athens, Greece 15773",Institute of Communication and Computer Systems; School of Electrical and Computer Engineering; National Technical University of Athens; Athens; Greece; 15773,Institute of Communication and Computer Systems<ORG>; School of Electrical and Computer Engineering<ORG>; National Technical University of Athens<ORG>; Athens<GPE>; Greece<GPE>; 15773<CARDINAL>
1485,"Institute of Communication and Computer Systems and School of Electrical and Computer Engineering, National Technical University of Athens, Zographou, Athens, Hellas",Institute of Communication and Computer Systems; School of Electrical and Computer Engineering; National Technical University of Athens; Zographou; Athens; Hellas,Institute of Communication and Computer Systems<ORG>; School of Electrical and Computer Engineering<ORG>; National Technical University of Athens<ORG>; Zographou<GPE>; Athens<GPE>; Hellas<GPE>
7783,"Institute of Computer Science and Information Engineering, National Chiayi University, Chiayi, Taiwan; E-mail: ychen@sun11.ncytc.edu.tw",Institute of Computer Science and Information Engineering; National Chiayi University; Chiayi; Taiwan,Institute of Computer Science and Information Engineering<ORG>; National Chiayi University<ORG>; Chiayi<GPE>; Taiwan<GPE>
6509,"Institute of Computer Science, Forth, P.O, Box 1385, Heraldion, Greece",Institute of Computer Science; Forth; 1385; Heraldion; Greece,Institute of Computer Science<ORG>; Forth<ORG>; 1385<CARDINAL>; Heraldion<GPE>; Greece<GPE>
1041,"Institute of Computer Science, University of Augsburg, Augsburg, Germany",Institute of Computer Science; University of Augsburg; Augsburg; Germany,Institute of Computer Science<ORG>; University of Augsburg<ORG>; Augsburg<GPE>; Germany<GPE>
8459,"Institute of Computing Technology, Chinese Academy of Sciences and Graduate School, Chinese Academy of Sciences, Zhongguancun, Beijing, P.R.China",Institute of Computing Technology; Chinese Academy of Sciences; Zhongguancun; Beijing; P.R.China,Institute of Computing Technology<ORG>; Chinese Academy of Sciences<ORG>; Zhongguancun<GPE>; Beijing<GPE>; P.R.China<GPE>
7963,"Institute of Computing, University of Campinas, Caixa Postal 6176, SP, 13081-970, Campinas, Brazil",Institute of Computing; University of Campinas; 6176; 13081; Campinas; Brazil,Institute of Computing<ORG>; University of Campinas<ORG>; 6176<CARDINAL>; 13081<CARDINAL>; Campinas<GPE>; Brazil<GPE>
6531,"Institute of Industrial Science, University of Tokyo, JAPAN",Institute of Industrial Science; University of Tokyo; JAPAN,Institute of Industrial Science<ORG>; University of Tokyo<ORG>; JAPAN<GPE>
1240,"Institute of Industrial Science, University of Tokyo, Komaba, Meguro-ku, Tokyo",Institute of Industrial Science; University of Tokyo; Komaba; Meguro-ku; Tokyo,Institute of Industrial Science<ORG>; University of Tokyo<ORG>; Komaba<GPE>; Meguro-ku<GPE>; Tokyo<GPE>
7781,"Institute of Information Engineering, National Cheng Kung University, Tainan, Taiwan; E-mail: leec@dblab.iie.ncku.edu.tw",Institute of Information Engineering; National Cheng Kung University; Tainan; Taiwan,Institute of Information Engineering<ORG>; National Cheng Kung University<ORG>; Tainan<GPE>; Taiwan<GPE>
921,"Institute of Information Science, Academia Sinica, Taipei, Taiwan",Institute of Information Science; Academia Sinica; Taipei; Taiwan,Institute of Information Science<ORG>; Academia Sinica<ORG>; Taipei<GPE>; Taiwan<GPE>
923,"Institute of Information Science, Academia Sinica, Taipei, Taiwan and Department of Computer Science and Information Engineering, National Taiwan University of Science and Technology, Taipei, Taiwan",Institute of Information Science; Academia Sinica; Taipei; Taiwan; Department of Computer Science and Information Engineering; National Taiwan University of Science and Technology,Institute of Information Science<ORG>; Academia Sinica<ORG>; Taipei<GPE>; Taiwan<GPE>; Department of Computer Science and Information Engineering<ORG>; National Taiwan University of Science and Technology<ORG>
4416,"Institute of Information Systems, ETH Zurich, Switzerland",Institute of Information Systems; ETH Zurich; Switzerland,Institute of Information Systems<ORG>; ETH Zurich<GPE>; Switzerland<GPE>
450,"Institute of Information Systems, ETH Zurich, Zurich, Switzerland",Institute of Information Systems; ETH Zurich; Zurich; Switzerland,Institute of Information Systems<ORG>; ETH Zurich<ORG>; Zurich<GPE>; Switzerland<GPE>
7735,"Institute of Information Systems, Faculty of Economics, Humboldt University Berlin, 10178 Berlin, Germany; e-mail: myra@wiwi.hu-berlin.de",Institute of Information Systems; Faculty of Economics; Humboldt University; Berlin; 10178; Germany,Institute of Information Systems<ORG>; Faculty of Economics<ORG>; Humboldt University<ORG>; Berlin<GPE>; 10178<CARDINAL>; Germany<GPE>
167,"Institute of Information Systems, Switzerland",Institute of Information Systems; Switzerland,Institute of Information Systems<ORG>; Switzerland<GPE>
2154,"Institute of Parallel and Distributed Systems, University of Stuttgart, Stuttgart, Germany",Institute of Parallel and Distributed Systems; University of Stuttgart; Stuttgart; Germany,Institute of Parallel and Distributed Systems<ORG>; University of Stuttgart<ORG>; Stuttgart<GPE>; Germany<GPE>
7734,"Institute of Pedagogy and Informatics, Faculty of Philosophy IV, Humboldt University Berlin, 10117 Berlin, Germany; e-mail: berendt@educat.hu-berlin.de",Institute of Pedagogy and Informatics; Faculty of Philosophy IV; Humboldt University; Berlin; Germany,Institute of Pedagogy and Informatics<ORG>; Faculty of Philosophy IV<ORG>; Humboldt University<ORG>; Berlin<GPE>; Germany<GPE>
4342,"Institute of Remote Sensing Applications, Chinese Academy of Sciences, Beijing",Institute of Remote Sensing Applications; Chinese Academy of Sciences; Beijing,Institute of Remote Sensing Applications<ORG>; Chinese Academy of Sciences<ORG>; Beijing<GPE>
9461,"Institute of Technical Medicine, Faculty of Science and Technology, University of Twente, Enschede, The Netherlands 7500AE",Institute of Technical Medicine; Faculty of Science and Technology; University of Twente; Enschede; The Netherlands,Institute of Technical Medicine<ORG>; Faculty of Science and Technology<ORG>; University of Twente<ORG>; Enschede<GPE>; The Netherlands<GPE>
1778,"Instituto de Informática, Universidade Federal do Rio Grande do Sul - UFRGS, Brazil",Instituto de Informática; Universidade Federal do Rio Grande do Sul; Brazil,Instituto de Informática<ORG>; Universidade Federal do Rio Grande do Sul<ORG>; Brazil<GPE>
8887,"Integrated Data System Department, Siemens Corporate Research, Princeton, USA 08540",Integrated Data System Department; Siemens Corporate Research; Princeton; USA; 08540,Integrated Data System Department<ORG>; Siemens Corporate Research<ORG>; Princeton<GPE>; USA<GPE>; 08540<CARDINAL>
2183,"Integrated Media Systems Center & Computer Science Department, University of Southern California, Los Angeles, CA",Integrated Media Systems Center; Computer Science Department; University of Southern California; Los Angeles; CA,Integrated Media Systems Center<ORG>; Computer Science Department<ORG>; University of Southern California<ORG>; Los Angeles<GPE>; CA<GPE>
2780,Intel Corporation,Intel Corporation,Intel Corporation<ORG>
176,"Intel Corporation, Santa Clara, CA",Intel Corporation; Santa Clara; CA,Intel Corporation<ORG>; Santa Clara<GPE>; CA<GPE>
548,Intel Research Berkeley,Intel,Intel<ORG>
5486,"Intel Research Berkeley, Berkeley, CA",Intel Research; Berkeley; CA,Intel Research<ORG>; Berkeley<ORG>; Berkeley<GPE>; CA<GPE>
7509,"Intel Research Laboratory, Berkeley, CA",Intel Research Laboratory; Berkeley; CA,Intel Research Laboratory<ORG>; Berkeley<GPE>; CA<GPE>
1698,Intel Research Pittsburgh,Intel Research; Pittsburgh,Intel Research<ORG>; Pittsburgh<GPE>
246,"Intel Research Pittsburgh, Pittsburgh, PA",Intel Research; Pittsburgh; PA,Intel Research<ORG>; Pittsburgh<GPE>; PA<GPE>
6059,"Intel Research Pittsburgh, Pittsburgh, PA, USA",Intel Research; Pittsburgh; PA; USA,Intel Research<ORG>; Pittsburgh<GPE>; PA<GPE>; USA<GPE>
2,"Intel Research, Berkeley",Intel Research; Berkeley,Intel Research<ORG>; Berkeley<GPE>
8198,"Intel Research, Berkeley, CA",Intel Research; Berkeley; CA,Intel Research<ORG>; Berkeley<GPE>; CA<GPE>
9794,"Intel Research, Berkeley, CA, USA",Intel Research; Berkeley; CA; USA,Intel Research<ORG>; Berkeley<GPE>; CA<GPE>; USA<GPE>
8000,"Intel Research, Pittsburgh, Pennsylvania, PA",Intel Research; Pittsburgh; Pennsylvania; PA,Intel Research<ORG>; Pittsburgh<GPE>; Pennsylvania<GPE>; PA<GPE>
7934,"International Institute of Information Technology, 5000019, Gachhilbowli, Hyderabad, India",International Institute of Information Technology; 5000019; Gachhilbowli; Hyderabad; India,International Institute of Information Technology<ORG>; 5000019<CARDINAL>; Gachhilbowli<GPE>; Hyderabad<GPE>; India<GPE>
8266,"ISLA, Universiteit van Amsterdam, The Netherlands",ISLA; Universiteit van Amsterdam; The Netherlands,ISLA<ORG>; Universiteit van Amsterdam<ORG>; The Netherlands<GPE>
949,"ISLA, University of Amsterdam, The Netherlands",ISLA; University of Amsterdam; The Netherlands,ISLA<ORG>; University of Amsterdam<ORG>; The Netherlands<GPE>
5273,"ISTI-CNR, Pisa, Italy",ISTI-CNR; Pisa; Italy,ISTI-CNR<ORG>; Pisa<GPE>; Italy<GPE>
4350,itr-rescue.org,itr-rescue.org,itr-rescue.org<RAW>
4349,itr-rescue.org (UC Irvine),UC Irvine,UC Irvine<ORG>
6990,Japan Advanced Institute of Science and Technology,Japan; Institute of Science and Technology,Japan<GPE>; Institute of Science and Technology<ORG>
1713,"Japan Advanced Institute of Science and Technology, Asahidai, Tatsunokuchi, Ishikawa, Japan",Japan Advanced Institute of Science and Technology; Asahidai; Tatsunokuchi; Ishikawa; Japan,Japan Advanced Institute of Science and Technology<ORG>; Asahidai<GPE>; Tatsunokuchi<GPE>; Ishikawa<GPE>; Japan<GPE>
7997,"Japan Advanced Institute of Science and Technology, Ishikawa, Japan",Japan Advanced Institute of Science and Technology; Ishikawa; Japan,Japan Advanced Institute of Science and Technology<ORG>; Ishikawa<GPE>; Japan<GPE>
1704,Johns Hopkins University,Johns Hopkins University,Johns Hopkins University<ORG>
2955,"Johns Hopkins University, Baltimore, MD",Johns Hopkins University; Baltimore; MD,Johns Hopkins University<ORG>; Baltimore<GPE>; MD<GPE>
4838,KAIST,KAIST,KAIST<PERSON>
7024,"KAIST, Taejon, KOREA",KAIST; Taejon; KOREA,KAIST<ORG>; Taejon<GPE>; KOREA<GPE>
1279,"Kelman GmbH Berlin, Berlin, Germany",Kelman GmbH; Berlin; Germany,Kelman GmbH<ORG>; Berlin<GPE>; Germany<GPE>
170,"Kent State University, Kent, OH",Kent State University; Kent; OH,Kent State University<ORG>; Kent<GPE>; OH<GPE>
5697,"Kent State University, Kent, OH, USA",Kent State University; Kent; OH; USA,Kent State University<ORG>; Kent<GPE>; OH<GPE>; USA<GPE>
9485,"Key Labs of Data Engineering and Knowledge Engineering, MOE, Renmin University of China, Beijing, People's Republic of China",Key Labs of Data Engineering and Knowledge Engineering; MOE; Renmin University of China; Beijing; People's Republic of China,Key Labs of Data Engineering and Knowledge Engineering<ORG>; MOE<ORG>; Renmin University of China<ORG>; Beijing<GPE>; People's Republic of China<GPE>
6256,"Kickfire, Santa Clara, , CA, USA",Kickfire; Santa Clara; CA; USA,Kickfire<ORG>; Santa Clara<GPE>; CA<GPE>; USA<GPE>
6047,"King Abdullah University of Science and Technology, Jedah, Saudi Arabia",King Abdullah University of Science and Technology; Jedah; Saudi Arabia,King Abdullah University of Science and Technology<ORG>; Jedah<GPE>; Saudi Arabia<GPE>
6186,"King Abdullah University of Science and Technology, Soudi Arabia, Saudi Arabia",King Abdullah University of Science and Technology; Soudi Arabia; Saudi Arabia,King Abdullah University of Science and Technology<ORG>; Soudi Arabia<GPE>; Saudi Arabia<GPE>
3858,Korea Advanced Institute of Science and Technology,Korea Advanced Institute of Science and Technology,Korea Advanced Institute of Science and Technology<ORG>
92,"Korea Advanced Institute of Science and Technology (KAIST), Daejeon, Korea",Korea Advanced Institute of Science and Technology; KAIST; Daejeon; Korea,Korea Advanced Institute of Science and Technology<ORG>; KAIST<ORG>; Daejeon<GPE>; Korea<GPE>
5625,"Korea Advanced Institute of Science and Technology (KAIST), Daejeon, South Korea",Korea Advanced Institute of Science and Technology; KAIST; Daejeon; South Korea,Korea Advanced Institute of Science and Technology<ORG>; KAIST<ORG>; Daejeon<GPE>; South Korea<GPE>
7094,"Korea Advanced Institute of Science and Technology (KAIST), Taejon, Korea",Korea Advanced Institute of Science and Technology; KAIST; Taejon; Korea,Korea Advanced Institute of Science and Technology<ORG>; KAIST<ORG>; Taejon<GPE>; Korea<GPE>
6587,"Korea Advanced Institute of Science and Technology and Advanced Information Technology Research Center at KAIST, Taejon, KOREA",Korea Advanced Institute of Science and Technology; KAIST; Taejon; KOREA,Korea Advanced Institute of Science and Technology<ORG>; KAIST<ORG>; Taejon<GPE>; KOREA<GPE>
7413,"Korea Advanced Institute of Science and Technology, 373-1, Gusong-dong, Yusong-gu, Daejeon 305-701, South Korea",Korea Advanced Institute of Science and Technology; 373; Gusong-dong; Yusong-gu; Daejeon; 305; South Korea,Korea Advanced Institute of Science and Technology<ORG>; 373<CARDINAL>; Gusong-dong<GPE>; Yusong-gu<GPE>; Daejeon<GPE>; 305<CARDINAL>; South Korea<GPE>
742,"Korea Advanced Institute of Science and Technology, Daejeon-City, Korea",Korea Advanced Institute of Science and Technology; Daejeon-City; Korea,Korea Advanced Institute of Science and Technology<ORG>; Daejeon-City<GPE>; Korea<GPE>
5256,"Korea Advanced Institute of Science and Technology, Daejeon, South Korea",Korea Advanced Institute of Science and Technology; Daejeon; South Korea,Korea Advanced Institute of Science and Technology<ORG>; Daejeon<GPE>; South Korea<GPE>
7113,"Korea Advanced Institute of Science and Technology, Taejon, Korea",Korea Advanced Institute of Science and Technology; Taejon; Korea,Korea Advanced Institute of Science and Technology<ORG>; Taejon<GPE>; Korea<GPE>
255,"Korea Advanced Institute of Science and Technology, Yusong-gu, Taejon, Korea",Korea Advanced Institute of Science and Technology; Yusong-gu; Taejon; Korea,Korea Advanced Institute of Science and Technology<ORG>; Yusong-gu<GPE>; Taejon<GPE>; Korea<GPE>
1194,"Kyoto University, School of Informatics, Yoshida-Honmachi, Sakyo-ku, Kyoto, Japan",Kyoto University; School of Informatics; Yoshida-Honmachi; Sakyo-ku; Kyoto; Japan,Kyoto University<ORG>; School of Informatics<ORG>; Yoshida-Honmachi<ORG>; Sakyo-ku<GPE>; Kyoto<GPE>; Japan<GPE>
7428,"Kyoto University, Yoshida-Honmachi, Sakyo-ku, Kyoto, Japan",Kyoto University; Yoshida-Honmachi; Sakyo-ku; Kyoto; Japan,Kyoto University<ORG>; Yoshida-Honmachi<GPE>; Sakyo-ku<GPE>; Kyoto<GPE>; Japan<GPE>
5313,"Kyungpook National University, Daegu, South Korea",Kyungpook National University; Daegu; South Korea,Kyungpook National University<ORG>; Daegu<GPE>; South Korea<GPE>
2319,"Kyungpook National University, Republic of Korea",Kyungpook National University; Republic of Korea,Kyungpook National University<ORG>; Republic of Korea<GPE>
462,"L3S Research Center, Hanover, Germany",L3S Research Center; Hanover; Germany,L3S Research Center<ORG>; Hanover<GPE>; Germany<GPE>
4886,"L3S, University of Hannover",L3S; University of Hannover,L3S<ORG>; University of Hannover<ORG>
3315,"L3S/University of Hannover, Hannover, Germany",L3S/University of Hannover; Hannover; Germany,L3S/University of Hannover<ORG>; Hannover<GPE>; Germany<GPE>
8258,"La Trobe University, Australia",La Trobe University; Australia,La Trobe University<ORG>; Australia<GPE>
8148,"Laboratoire de Recherche en Informatique, Université de Paris-Sud, France",Laboratoire de Recherche en Informatique; Université de Paris-Sud; France,Laboratoire de Recherche en Informatique<ORG>; Université de Paris-Sud<ORG>; France<GPE>
2134,"Laboratoire LIMOS, ISIMA, Clermont-Ferrand, France",ISIMA; Clermont-Ferrand; France,ISIMA<GPE>; Clermont-Ferrand<GPE>; France<GPE>
1853,"Laboratory for Foundations of Computer Science, School of Informatics, University of Edinburgh, UK",Laboratory for Foundations of Computer Science; School of Informatics; University of Edinburgh; UK,Laboratory for Foundations of Computer Science<ORG>; School of Informatics<ORG>; University of Edinburgh<ORG>; UK<GPE>
1350,"Laboratory for Foundations of Computer Science, University of Edinburgh, Edinburgh, UK",Laboratory for Foundations of Computer Science; University of Edinburgh; Edinburgh; UK,Laboratory for Foundations of Computer Science<ORG>; University of Edinburgh<ORG>; Edinburgh<GPE>; UK<GPE>
9414,"Lamsade, University of Paris-Dauphine, Paris, France",Lamsade; University of Paris-Dauphine; Paris; France,Lamsade<PERSON>; University of Paris-Dauphine<ORG>; Paris<GPE>; France<GPE>
2123,"Large Scale Distributed Information Systems (LSDIS) Lab, Computer Science Department, University of Georgia, Athens, GA",Computer Science Department; University of Georgia; Athens; GA,Computer Science Department<ORG>; University of Georgia<ORG>; Athens<GPE>; GA<GPE>
7877,"Large Scale Distributed Information Systems Lab, Computer Science Department, University of Georgia, Athens, GA 30602-7404, USA; e-mail: amit@cs.uga.edu",Computer Science Department; University of Georgia; Athens; GA; USA,Computer Science Department<ORG>; University of Georgia<ORG>; Athens<GPE>; GA<GPE>; USA<GPE>
1707,"Lawrence Berkeley National Laboratory, Berkeley, CA",Lawrence Berkeley National Laboratory; Berkeley; CA,Lawrence Berkeley National Laboratory<ORG>; Berkeley<GPE>; CA<GPE>
3614,"Lawrence Berkeley National Laboratory, Berkeley, CA, USA",Lawrence Berkeley National Laboratory; Berkeley; CA; USA,Lawrence Berkeley National Laboratory<ORG>; Berkeley<GPE>; CA<GPE>; USA<GPE>
8550,"Lehrstuhl für Informationssysteme, Universität des Saarlandes, Saarbrücken, Germany",Informationssysteme; Universität des Saarlandes; Saarbrücken; Germany,Informationssysteme<ORG>; Universität des Saarlandes<ORG>; Saarbrücken<GPE>; Germany<GPE>
7940,"Lehrstuhl für Praktische Informatik III, Universität Mannheim, 68131, Mannheim, Germany",Lehrstuhl für Praktische Informatik III; Universität Mannheim; 68131; Mannheim; Germany,Lehrstuhl für Praktische Informatik III<ORG>; Universität Mannheim<ORG>; 68131<CARDINAL>; Mannheim<GPE>; Germany<GPE>
5242,"Leibniz University Hanover, Hanover, Germany",Leibniz University; Hanover; Germany,Leibniz University<ORG>; Hanover<GPE>; Germany<GPE>
8341,"LG Datenbanksysteme für neue Anwendungen, FernUniversität Hagen, Germany",LG Datenbanksysteme; Hagen; Germany,LG Datenbanksysteme<ORG>; Hagen<GPE>; Germany<GPE>
823,"LG Electronics, Inc., Gangnam-gu, Seoul, Korea","LG Electronics, Inc.; Gangnam-gu; Seoul; Korea","LG Electronics, Inc.<ORG>; Gangnam-gu<GPE>; Seoul<GPE>; Korea<GPE>"
8142,"LIMOS, Université Blaise Pascal, France",LIMOS; Université Blaise Pascal; France,LIMOS<GPE>; Université Blaise Pascal<ORG>; France<GPE>
6352,"Lincoln Labs, Massachusetts Institute of Technology, Cambridge , MA, USA",Lincoln Labs; Massachusetts Institute of Technology; Cambridge; MA; USA,Lincoln Labs<ORG>; Massachusetts Institute of Technology<ORG>; Cambridge<GPE>; MA<GPE>; USA<GPE>
7041,lndian Institute of Science,lndian Institute of Science,lndian Institute of Science<ORG>
2852,LORIA-INRIA,LORIA-INRIA,LORIA-INRIA<GPE>
2221,"LRI - Univ. Paris-Sud, France",Univ; Paris-Sud; France,Univ<ORG>; Paris-Sud<ORG>; France<GPE>
580,"LRI, Université Paris-Sud, Orsay, France",Université Paris-Sud; Orsay; France,Université Paris-Sud<ORG>; Orsay<GPE>; France<GPE>
6475,"Lucent Bell Labs, 600 Mountain Avenue, Murray Hill, NJ, Computer Science and Engg., Tndian Institiue of Technology, Mumbai 400076,INDIA",Lucent Bell Labs; Murray Hill; NJ; Computer Science and Engg; Tndian Institiue of Technology; Mumbai,Lucent Bell Labs<ORG>; Murray Hill<GPE>; NJ<GPE>; Computer Science and Engg<ORG>; Tndian Institiue of Technology<ORG>; Mumbai<GPE>
1304,"Lucent Bell Labs, Murray Hill, NJ",Lucent Bell Labs; Murray Hill; NJ,Lucent Bell Labs<ORG>; Murray Hill<GPE>; NJ<GPE>
983,"Lucent Technologies - Bell Laboratories, Murray Hill, NJ",Lucent Technologies; Murray Hill; NJ,Lucent Technologies<ORG>; Murray Hill<GPE>; NJ<GPE>
4397,Lucent Technologies-Bell Laboratories,Lucent Technologies-Bell Laboratories,Lucent Technologies-Bell Laboratories<ORG>
1020,"Lucent Technologies, Bell Laboratories",Lucent Technologies; Bell Laboratories,Lucent Technologies<ORG>; Bell Laboratories<ORG>
6783,"Lucent Technologies, Bell Laboratories, Murray Hill, NJ",Lucent Technologies; Bell Laboratories; Murray Hill; NJ,Lucent Technologies<ORG>; Bell Laboratories<ORG>; Murray Hill<GPE>; NJ<GPE>
7392,"Lucent Technologies, Bell Labs",Lucent Technologies; Bell Labs,Lucent Technologies<ORG>; Bell Labs<ORG>
6784,"Lucent Technologies, Murray Hill, NJ",Lucent Technologies; Murray Hill; NJ,Lucent Technologies<ORG>; Murray Hill<GPE>; NJ<GPE>
5002,"Ludwig-Maximilians-University, Munich, Germany",Ludwig-Maximilians-University; Munich; Germany,Ludwig-Maximilians-University<ORG>; Munich<GPE>; Germany<GPE>
1402,M.I.T,M. I. T,M. I. T<ORG>
1013,M.I.T.,M.I.T.,M.I.T.<PERSON>
8768,"Management Information Systems Department, Haifa University, Haifa, Israel",Management Information Systems Department; Haifa University; Haifa; Israel,Management Information Systems Department<ORG>; Haifa University<ORG>; Haifa<GPE>; Israel<GPE>
1428,Martin-Luther-University of Halle,Martin-Luther-University of Halle,Martin-Luther-University of Halle<ORG>
2295,Massachusetts Institute of Technology,Massachusetts Institute of Technology,Massachusetts Institute of Technology<ORG>
8195,"Massachusetts Institute of Technology, Cambridge, MA",Massachusetts Institute of Technology; Cambridge; MA,Massachusetts Institute of Technology<ORG>; Cambridge<GPE>; MA<GPE>
5807,"Massachusetts Institute of Technology, Cambridge, MA, USA",Massachusetts Institute of Technology; Cambridge; MA; USA,Massachusetts Institute of Technology<ORG>; Cambridge<GPE>; MA<GPE>; USA<GPE>
6140,"Massachusetts Institute of Technology, Canbridge, MA, USA",Massachusetts Institute of Technology; Canbridge; MA; USA,Massachusetts Institute of Technology<ORG>; Canbridge<GPE>; MA<GPE>; USA<GPE>
869,"Mathematics & Computing Technology, Boeing Phantom Works, Seattle, Washington",Boeing Phantom Works; Seattle; Washington,Boeing Phantom Works<ORG>; Seattle<GPE>; Washington<GPE>
7784,"Mathematics and Computing Technology, Phantom Works, The Boeing Company, Bellevue, Washington, USA; E-mail: changzhou.wang@boeing.com",Mathematics and Computing Technology; Phantom Works; The Boeing Company; Bellevue; Washington; USA,Mathematics and Computing Technology<ORG>; Phantom Works<ORG>; The Boeing Company<ORG>; Bellevue<GPE>; Washington<GPE>; USA<GPE>
8417,"Max Planck Institut fur Informatik, Saarbrücken, Germany",Max Planck Institut fur Informatik; Saarbrücken; Germany,Max Planck Institut fur Informatik<ORG>; Saarbrücken<GPE>; Germany<GPE>
3160,"Max Planck Institute for Informatics Campus, Saarbrücken, Germany",Max Planck Institute for Informatics Campus; Saarbrücken; Germany,Max Planck Institute for Informatics Campus<ORG>; Saarbrücken<GPE>; Germany<GPE>
771,"Max Planck Institute for Informatics, Saarbrücken, Germany",Max Planck Institute for Informatics; Saarbrücken; Germany,Max Planck Institute for Informatics<ORG>; Saarbrücken<GPE>; Germany<GPE>
4749,"Max Planck Institute, Saarbruecken, Germany",Max Planck Institute; Saarbruecken; Germany,Max Planck Institute<ORG>; Saarbruecken<GPE>; Germany<GPE>
621,"Max-Planck Institute for Computer Science, Saarbrücken, Germany",Max-Planck Institute for Computer Science; Saarbrücken; Germany,Max-Planck Institute for Computer Science<ORG>; Saarbrücken<GPE>; Germany<GPE>
2116,"Max-Planck Institute for Computer Science, Saarbruecken, Germany",Max-Planck Institute for Computer Science; Saarbruecken; Germany,Max-Planck Institute for Computer Science<ORG>; Saarbruecken<GPE>; Germany<GPE>
192,"Max-Planck Institute for Informatics, Saarbrücken, Germany",Max-Planck Institute for Informatics; Saarbrücken; Germany,Max-Planck Institute for Informatics<ORG>; Saarbrücken<GPE>; Germany<GPE>
189,"Max-Planck Institute for Informatics, Saarbruecken, Germany",Max-Planck Institute for Informatics; Saarbruecken; Germany,Max-Planck Institute for Informatics<ORG>; Saarbruecken<GPE>; Germany<GPE>
1879,"Max-Planck Institute of Computer Science, Saarbruecken, Germany",Max-Planck Institute of Computer Science; Saarbruecken; Germany,Max-Planck Institute of Computer Science<ORG>; Saarbruecken<GPE>; Germany<GPE>
5518,"Max-Planck-Institut fü Informatik, Saarbrücken, Germany",Max-Planck-Institut fü Informatik; Saarbrücken; Germany,Max-Planck-Institut fü Informatik<ORG>; Saarbrücken<GPE>; Germany<GPE>
146,"Max-Planck-Institut für Informatik, Germany",Max-Planck-Institut; Informatik; Germany,Max-Planck-Institut<ORG>; Informatik<ORG>; Germany<GPE>
401,"Max-Planck-Institut für Informatik, Saarbrücken, Germany",Max-Planck-Institut; Saarbrücken; Germany,Max-Planck-Institut<ORG>; Saarbrücken<GPE>; Germany<GPE>
4484,McGill Univ. Montreal,McGill Univ; Montreal,McGill Univ<ORG>; Montreal<GPE>
9286,"McGill University, Canada",McGill University; Canada,McGill University<ORG>; Canada<GPE>
7909,"McGill University, Montreal, Quebec, Canada",McGill University; Montreal; Quebec; Canada,McGill University<ORG>; Montreal<GPE>; Quebec<GPE>; Canada<GPE>
8310,"Michigan State University, East Lansing, MI",Michigan State University; East Lansing; MI,Michigan State University<ORG>; East Lansing<GPE>; MI<GPE>
2839,Micorsoft Research,Micorsoft Research,Micorsoft Research<ORG>
8240,"Microarchitecture Research Lab, Intel Corp., USA",Microarchitecture Research Lab; Intel Corp.; USA,Microarchitecture Research Lab<ORG>; Intel Corp.<ORG>; USA<GPE>
128,Microsoft,Microsoft,Microsoft<ORG>
9677,Microsoft Audience Intelligence,Microsoft,Microsoft<ORG>
9465,"Microsoft Corp, Redmond, USA",Microsoft Corp; Redmond; USA,Microsoft Corp<ORG>; Redmond<GPE>; USA<GPE>
868,Microsoft Corp.,Microsoft Corp.,Microsoft Corp.<ORG>
335,"Microsoft Corp., One Microsoft Way, Redmond, WA",Microsoft Corp.; Redmond; WA,Microsoft Corp.<ORG>; Redmond<GPE>; WA<GPE>
171,"Microsoft Corp., Redmond, WA",Microsoft Corp.; Redmond; WA,Microsoft Corp.<ORG>; Redmond<GPE>; WA<GPE>
5900,"Microsoft Corp., Redmond, WA, USA",Microsoft Corp.; Redmond; WA; USA,Microsoft Corp.<ORG>; Redmond<GPE>; WA<GPE>; USA<GPE>
2549,Microsoft Corporation,Microsoft Corporation,Microsoft Corporation<ORG>
1977,"Microsoft Corporation, One Microsoft Way, Redmond, WA",Microsoft Corporation; Redmond; WA,Microsoft Corporation<ORG>; Redmond<GPE>; WA<GPE>
7751,"Microsoft Corporation, One Microsoft Way, Redmond, WA 98052-6399, USA; E-mail: {philbe,shankarp,dshutt}@microsoft.com",Microsoft Corporation; Redmond; WA; USA,Microsoft Corporation<ORG>; Redmond<GPE>; WA<GPE>; USA<GPE>
352,"Microsoft Corporation, One Microsoft Way, Redmond, Washington",Microsoft Corporation; Redmond; Washington,Microsoft Corporation<ORG>; Redmond<GPE>; Washington<GPE>
1222,"Microsoft Corporation, Redmond",Microsoft Corporation; Redmond,Microsoft Corporation<ORG>; Redmond<GPE>
6093,"Microsoft Corporation, Redmond, USA",Microsoft Corporation; Redmond; USA,Microsoft Corporation<ORG>; Redmond<GPE>; USA<GPE>
1599,"Microsoft Corporation, Redmond, WA",Microsoft Corporation; Redmond; WA,Microsoft Corporation<ORG>; Redmond<GPE>; WA<GPE>
5843,"Microsoft Corporation, Redmond, WA, USA",Microsoft Corporation; Redmond; WA; USA,Microsoft Corporation<ORG>; Redmond<GPE>; WA<GPE>; USA<GPE>
8162,"Microsoft Corporation, USA",Microsoft Corporation; USA,Microsoft Corporation<ORG>; USA<GPE>
11,Microsoft Research,Microsoft Research,Microsoft Research<ORG>
2283,Microsoft Research Asia,Microsoft Research,Microsoft Research<ORG>
5173,"Microsoft Research Asia, Beijing, China",Microsoft Research Asia; Beijing; China,Microsoft Research Asia<ORG>; Beijing<GPE>; China<GPE>
5938,"Microsoft Research India, Bangalore, India",Microsoft Research; India; Bangalore,Microsoft Research<ORG>; India<GPE>; Bangalore<GPE>
9210,"Microsoft Research One Microsoft Way Red mond, WA",Microsoft Research; Microsoft; Red mond; WA,Microsoft Research<ORG>; Microsoft<ORG>; Red mond<GPE>; WA<GPE>
9211,"Microsoft Research One Microsoft Way Redmond, WA",Microsoft Research; Microsoft; Redmond; WA,Microsoft Research<ORG>; Microsoft<ORG>; Redmond<GPE>; WA<GPE>
9138,"Microsoft Research Redmond, WA",Microsoft Research; Redmond; WA,Microsoft Research<ORG>; Redmond<GPE>; WA<GPE>
9055,"Microsoft Research Silicon Valley, Mountain View, CA",Microsoft Research; Silicon Valley; Mountain View; CA,Microsoft Research<ORG>; Silicon Valley<LOC>; Mountain View<GPE>; CA<GPE>
6551,"Microsoft Research, 301 Howard St., Suite 830, San Francisco, CA",Microsoft Research; 830; San Francisco; CA,Microsoft Research<ORG>; 830<CARDINAL>; San Francisco<GPE>; CA<GPE>
8652,"Microsoft Research, Cambridge, UK CB3 0FB",Microsoft Research; Cambridge; UK,Microsoft Research<ORG>; Cambridge<GPE>; UK<GPE>
714,"Microsoft Research, Cambridge, United Kingdom",Microsoft Research; Cambridge; United Kingdom,Microsoft Research<ORG>; Cambridge<GPE>; United Kingdom<GPE>
8289,"Microsoft Research, Mountain View, CA",Microsoft Research; Mountain View; CA,Microsoft Research<ORG>; Mountain View<GPE>; CA<GPE>
6048,"Microsoft Research, Mountain View, CA, USA",Microsoft Research; Mountain View; CA; USA,Microsoft Research<ORG>; Mountain View<GPE>; CA<GPE>; USA<GPE>
6443,"Microsoft Research, Mountain View, USA",Microsoft Research; Mountain View; USA,Microsoft Research<ORG>; Mountain View<GPE>; USA<GPE>
767,"Microsoft Research, One Microsoft Way, Redmond, WA",Microsoft Research; Redmond; WA,Microsoft Research<ORG>; Redmond<GPE>; WA<GPE>
8021,"Microsoft Research, One Microsoft Way, WA 98052, Redmond, USA",Microsoft Research; 98052; Redmond; USA,Microsoft Research<ORG>; 98052<CARDINAL>; Redmond<GPE>; USA<GPE>
6481,"Microsoft Research, One MicrosoftWay, Redmond, WA",Microsoft Research; Redmond; WA,Microsoft Research<ORG>; Redmond<GPE>; WA<GPE>
1507,"Microsoft Research, Redmond",Microsoft Research; Redmond,Microsoft Research<ORG>; Redmond<GPE>
8843,"Microsoft Research, Redmond WA, USA",Microsoft Research; Redmond; WA; USA,Microsoft Research<ORG>; Redmond<GPE>; WA<GPE>; USA<GPE>
6042,"Microsoft Research, Redmond, USA",Microsoft Research; Redmond; USA,Microsoft Research<ORG>; Redmond<GPE>; USA<GPE>
1255,"Microsoft Research, Redmond, WA",Microsoft Research; Redmond; WA,Microsoft Research<ORG>; Redmond<GPE>; WA<GPE>
7876,"Microsoft Research, Redmond, WA 98052-6399, USA; (e-mail: philbe@microsoft.com)",Microsoft Research; Redmond; WA; 98052-; USA,Microsoft Research<ORG>; Redmond<GPE>; WA<GPE>; 98052-<CARDINAL>; USA<GPE>
3428,"Microsoft Research, Redmond, WA, USA",Microsoft Research; Redmond; WA; USA,Microsoft Research<ORG>; Redmond<GPE>; WA<GPE>; USA<GPE>
8031,"Microsoft Research, Redmond, Washington, WA",Microsoft Research; Redmond; Washington; WA,Microsoft Research<ORG>; Redmond<GPE>; Washington<GPE>; WA<GPE>
6593,"Microsoft Research, San Francisco, CA",Microsoft Research; San Francisco; CA,Microsoft Research<ORG>; San Francisco<GPE>; CA<GPE>
8429,"Microsoft Research, USA",Microsoft Research; USA,Microsoft Research<ORG>; USA<GPE>
5107,"Microsoft Search Labs, Mountain View, CA",Microsoft Search Labs; Mountain View; CA,Microsoft Search Labs<ORG>; Mountain View<GPE>; CA<GPE>
4863,"Microsoft Search Labs, Mountain View, California",Microsoft Search Labs; Mountain View; California,Microsoft Search Labs<ORG>; Mountain View<GPE>; California<GPE>
9433,"Microsoft Search Labs, Mountain View, USA 94043",Microsoft Search Labs; Mountain View; USA; 94043,Microsoft Search Labs<ORG>; Mountain View<GPE>; USA<GPE>; 94043<CARDINAL>
9659,Microsoft SQL Server,Microsoft; SQL Server,Microsoft<ORG>; SQL Server<PRODUCT>
2765,"Microsoft SQL Server, One Microsoft Way, Redmond, WA",Microsoft; SQL Server; Redmond; WA,Microsoft<ORG>; SQL Server<PRODUCT>; Redmond<GPE>; WA<GPE>
5138,"Microsoft, Redmond, WA",Microsoft; Redmond; WA,Microsoft<ORG>; Redmond<GPE>; WA<GPE>
5820,"Microsoft, Redmond, WA, USA",Microsoft; Redmond; WA; USA,Microsoft<ORG>; Redmond<GPE>; WA<GPE>; USA<GPE>
3440,"Microsoft, USA",Microsoft; USA,Microsoft<ORG>; USA<GPE>
1128,Middle East Technical University,Middle East Technical University,Middle East Technical University<ORG>
7131,"Middle East Technical University (METU), 06531 Ankara Turkiye",Middle East Technical University; METU; 06531; Ankara; Turkiye,Middle East Technical University<ORG>; METU<ORG>; 06531<CARDINAL>; Ankara<GPE>; Turkiye<GPE>
5936,"Mirosoft Research India, Bangalore, India",Mirosoft Research India; Bangalore; India,Mirosoft Research India<ORG>; Bangalore<GPE>; India<GPE>
1834,MIT,MIT,MIT<ORG>
4386,"MIT Computer Science and Artificial Intelligence Laboratory (CSAIL), Cambridge, MA",MIT Computer Science and Artificial Intelligence Laboratory; CSAIL; Cambridge; MA,MIT Computer Science and Artificial Intelligence Laboratory<ORG>; CSAIL<ORG>; Cambridge<GPE>; MA<GPE>
645,"MIT Computer Science and Artificial Intelligence Laboratory, Cambridge, MA",MIT Computer Science and Artificial Intelligence Laboratory; Cambridge; MA,MIT Computer Science and Artificial Intelligence Laboratory<ORG>; Cambridge<GPE>; MA<GPE>
230,MIT CSAIL,MIT,MIT<ORG>
153,"MIT CSAIL, Cambridge, MA",MIT CSAIL; Cambridge; MA,MIT CSAIL<ORG>; Cambridge<GPE>; MA<GPE>
5757,"MIT CSAIL, Cambridge, MA, USA",MIT CSAIL; Cambridge; MA; USA,MIT CSAIL<ORG>; Cambridge<GPE>; MA<GPE>; USA<GPE>
5128,"MIT, Boston, MA",MIT; Boston; MA,MIT<ORG>; Boston<GPE>; MA<GPE>
5005,"MIT, Cambridge, MA",MIT; Cambridge; MA,MIT<ORG>; Cambridge<GPE>; MA<GPE>
5803,"MIT, Cambridge, MA, USA",MIT; Cambridge; MA; USA,MIT<ORG>; Cambridge<GPE>; MA<GPE>; USA<GPE>
9273,"MIT, Cambridge, USA",MIT; Cambridge; USA,MIT<ORG>; Cambridge<GPE>; USA<GPE>
4591,Mitre Corporation,Mitre Corporation,Mitre Corporation<ORG>
8214,"Monmouth University, West Long Branch, NJ",Monmouth University; West Long Branch; NJ,Monmouth University<ORG>; West Long Branch<GPE>; NJ<GPE>
2647,"Motorola Labs, Schaumburg, IL",Motorola Labs; Schaumburg; IL,Motorola Labs<ORG>; Schaumburg<GPE>; IL<GPE>
1955,"MPI Informatik, Saarbruecken, Germany",MPI Informatik; Saarbruecken; Germany,MPI Informatik<ORG>; Saarbruecken<GPE>; Germany<GPE>
8376,"MSIS Department, Rutgers University, USA",MSIS Department; Rutgers University; USA,MSIS Department<ORG>; Rutgers University<ORG>; USA<GPE>
9492,"N4 02A-07, Division of Information Systems, School of Computer Engineering, Nanyang Technological University, Singapore, Singapore 639798",Division of Information Systems; School of Computer Engineering; Nanyang Technological University; Singapore; 639798,Division of Information Systems<ORG>; School of Computer Engineering<ORG>; Nanyang Technological University<ORG>; Singapore<GPE>; 639798<CARDINAL>
3222,"Nanyang Technological University, Singapore",Nanyang Technological University; Singapore,Nanyang Technological University<ORG>; Singapore<GPE>
5516,"Nanyang Technological University, Singapore, Singapore",Nanyang Technological University; Singapore,Nanyang Technological University<ORG>; Singapore<GPE>
3636,Nara Institute of Science and Technology,Nara Institute of Science and Technology,Nara Institute of Science and Technology<ORG>
7802,"Nara Institute of Science and Technology, 8916-5 Takayama, Ikoma, Nara 630-0101, Japan; e-mail: &rcub;yosikawa, uemura&rcub;&commat;is.aist-nara.ac.jp",Nara Institute of Science and Technology; 8916; Ikoma; Nara; 630; Japan,Nara Institute of Science and Technology<ORG>; 8916<CARDINAL>; Ikoma<GPE>; Nara<GPE>; 630<CARDINAL>; Japan<GPE>
3366,"Nara Institute of Science and Technology, Japan",Nara Institute of Science and Technology; Japan,Nara Institute of Science and Technology<ORG>; Japan<GPE>
4586,Nasa Ames,Nasa Ames,Nasa Ames<PERSON>
4593,"NASA Ames Research Center, Moffett Field, CA",NASA Ames Research Center; Moffett Field; CA,NASA Ames Research Center<ORG>; Moffett Field<GPE>; CA<GPE>
3397,"NASA Goddard Space Flight Center Greenbelt, MD, USA",NASA Goddard Space Flight Center; Greenbelt; MD; USA,NASA Goddard Space Flight Center<ORG>; Greenbelt<GPE>; MD<GPE>; USA<GPE>
8997,Nat'l University of Singapore,Nat'l University of Singapore,Nat'l University of Singapore<ORG>
1287,National Biomedical Computing Resource,National Biomedical Computing Resource,National Biomedical Computing Resource<ORG>
1683,"National Center for Biomedical Research, University of California San Diego",National Center for Biomedical Research; University of California San Diego,National Center for Biomedical Research<ORG>; University of California San Diego<ORG>
8841,"National ICT Australia, Australian Technology Park, Eveleigh, Australia NSW 1430",National ICT; Australia; Australian Technology Park; Eveleigh; NSW; 1430,National ICT<ORG>; Australia<GPE>; Australian Technology Park<FAC>; Eveleigh<GPE>; NSW<GPE>; 1430<CARDINAL>
9054,"National Taiwan University, Taipei, Taiwan",National Taiwan University; Taipei; Taiwan,National Taiwan University<ORG>; Taipei<GPE>; Taiwan<GPE>
4431,"National Technical University of Athens, Athens, GR",National Technical University of Athens; Athens; GR,National Technical University of Athens<ORG>; Athens<GPE>; GR<GPE>
9321,"National Technical University of Athens, Athens, Greece",National Technical University; Athens; Greece,National Technical University<ORG>; Athens<GPE>; Greece<GPE>
8609,"National Technical University of Athens, Athens, Greece 15772 and IBM Almaden Research Center, San Jose, USA",National Technical University; Athens; Greece; IBM Almaden Research Center; San Jose; USA,National Technical University<ORG>; Athens<GPE>; Greece<GPE>; IBM Almaden Research Center<ORG>; San Jose<GPE>; USA<GPE>
6407,"National Tsing Hua University, Hsinchu, Taiwan Roc",National Tsing Hua University; Hsinchu; Taiwan,National Tsing Hua University<ORG>; Hsinchu<GPE>; Taiwan<GPE>
2439,National U. of Singapore,National U. of Singapore,National U. of Singapore<ORG>
687,National Univ. of Singapore,National Univ. of Singapore,National Univ. of Singapore<ORG>
3172,"National Univ. of Singapore, Republic of Singapore",National Univ.; Republic of Singapore,National Univ.<ORG>; Republic of Singapore<GPE>
5126,"National Univeristy of Singapore, Singapore, Singapore",National Univeristy of Singapore; Singapore,National Univeristy of Singapore<ORG>; Singapore<GPE>
2418,National University of Singapor,National University of Singapor,National University of Singapor<ORG>
52,National University of Singapore,National University of Singapore,National University of Singapore<ORG>
738,"National University of Singapore, Department of Computer Science, Singapore",National University of Singapore; Department of Computer Science; Singapore,National University of Singapore<ORG>; Department of Computer Science<ORG>; Singapore<GPE>
4574,"National University of Singapore, Kent Ridge, Singapore",National University of Singapore; Kent Ridge; Singapore,National University of Singapore<ORG>; Kent Ridge<GPE>; Singapore<GPE>
8785,"National University of Singapore, Law Link, Singapore",National University of Singapore; Law Link; Singapore,National University of Singapore<ORG>; Law Link<ORG>; Singapore<GPE>
200,"National University of Singapore, Singapore",National University of Singapore; Singapore,National University of Singapore<ORG>; Singapore<GPE>
5291,"National University of Singapore, Singapore, Singapore",National University of Singapore; Singapore,National University of Singapore<ORG>; Singapore<GPE>
4953,"Natl University of Singapore, S'pore, Singapore",Natl University of Singapore; S'pore; Singapore,Natl University of Singapore<ORG>; S'pore<GPE>; Singapore<GPE>
4009,Natl. University of Singapore,Natl.; University of Singapore,Natl.<ORG>; University of Singapore<ORG>
1472,NCR Advance Development Lab,NCR Advance Development Lab,NCR Advance Development Lab<ORG>
2057,"NCR Corporation, Teradata Research and Development, San Diego, California",NCR Corporation; Teradata Research and Development; San Diego; California,NCR Corporation<ORG>; Teradata Research and Development<ORG>; San Diego<GPE>; California<GPE>
3841,"NCR, El Segundo, CA, USA",NCR; El Segundo; CA; USA,NCR<ORG>; El Segundo<GPE>; CA<GPE>; USA<GPE>
3840,"NCR, San Diego, CA, USA",NCR; San Diego; CA; USA,NCR<ORG>; San Diego<GPE>; CA<GPE>; USA<GPE>
685,"NEC Laboratories America Inc., Princeton, NJ",NEC Laboratories America Inc.; Princeton; NJ,NEC Laboratories America Inc.<ORG>; Princeton<GPE>; NJ<GPE>
505,"NEC Laboratories America, Cupertino, CA",NEC Laboratories America; Cupertino; CA,NEC Laboratories America<ORG>; Cupertino<GPE>; CA<GPE>
5777,"NEC Laboratories America, Cupertino, CA, USA",NEC Laboratories America; Cupertino; CA; USA,NEC Laboratories America<ORG>; Cupertino<GPE>; CA<GPE>; USA<GPE>
1665,"NEC Laboratories America, Inc., Cupertino, California","NEC Laboratories America, Inc.; Cupertino; California","NEC Laboratories America, Inc.<ORG>; Cupertino<GPE>; California<GPE>"
9099,NEC Labs America,NEC Labs,NEC Labs<ORG>
961,"NEC Research Institute, Princeton, NJ",NEC Research Institute; Princeton; NJ,NEC Research Institute<ORG>; Princeton<GPE>; NJ<GPE>
3491,"NEC Research Institute, Princeton, NJ, USA",NEC Research Institute; Princeton; NJ; USA,NEC Research Institute<ORG>; Princeton<GPE>; NJ<GPE>; USA<GPE>
3673,"NEC, San Jose, CA, USA",NEC; San Jose; CA; USA,NEC<ORG>; San Jose<GPE>; CA<GPE>; USA<GPE>
4506,New Jersey Inst. of Technology,New Jersey; Inst. of Technology,New Jersey<GPE>; Inst. of Technology<ORG>
3405,New Jersey Institute of Technology,New Jersey Institute of Technology,New Jersey Institute of Technology<ORG>
9319,"New Jersey Institute of Technology, Newark, USA",New Jersey Institute of Technology; Newark; USA,New Jersey Institute of Technology<ORG>; Newark<GPE>; USA<GPE>
3412,New York University,New York University,New York University<ORG>
1412,"New York University, New York",New York University; New York,New York University<ORG>; New York<GPE>
4751,"New York University, New York City, NY",New York University; New York City; NY,New York University<ORG>; New York City<GPE>; NY<GPE>
1458,"New York University, New York, NY",New York University; New York; NY,New York University<ORG>; New York<GPE>; NY<GPE>
6353,"New York University, New York, NY, USA",New York University; New York; NY; USA,New York University<ORG>; New York<GPE>; NY<GPE>; USA<GPE>
8500,"NICTA Victoria Laboratory, Department of Computer Science and Software Engineering, University of Melbourne, Australia",NICTA Victoria Laboratory; Department of Computer Science and Software Engineering; University of Melbourne; Australia,NICTA Victoria Laboratory<ORG>; Department of Computer Science and Software Engineering<ORG>; University of Melbourne<ORG>; Australia<GPE>
9354,"NICTA, University of Melbourne, Parkville, Australia",NICTA; University of Melbourne; Parkville; Australia,NICTA<ORG>; University of Melbourne<ORG>; Parkville<GPE>; Australia<GPE>
2354,North Carolina State University,North Carolina State University,North Carolina State University<ORG>
5695,"North Carolina State University, Raleigh, NC, USA",North Carolina State University; Raleigh; NC; USA,North Carolina State University<ORG>; Raleigh<GPE>; NC<GPE>; USA<GPE>
8358,"North Carolina State University, USA",North Carolina State University; USA,North Carolina State University<ORG>; USA<GPE>
4449,Northeastern University,Northeastern University,Northeastern University<ORG>
3608,Northeastern University Boston,Northeastern University; Boston,Northeastern University<ORG>; Boston<GPE>
277,"Northeastern University, Boston, MA",Northeastern University; Boston; MA,Northeastern University<ORG>; Boston<GPE>; MA<GPE>
2281,"Northeastern University, Liaoning, China",Northeastern University; Liaoning; China,Northeastern University<ORG>; Liaoning<GPE>; China<GPE>
5638,"Northeastern University, Shenyang, China",Northeastern University; Shenyang; China,Northeastern University<ORG>; Shenyang<GPE>; China<GPE>
2966,"Northwestern University, Evanston, IL",Northwestern University; Evanston; IL,Northwestern University<ORG>; Evanston<GPE>; IL<GPE>
3365,NTT Cyber Solutions Laboratories,NTT Cyber Solutions Laboratories,NTT Cyber Solutions Laboratories<ORG>
3635,NTT Cyber Space Laboratories,NTT Cyber Space Laboratories,NTT Cyber Space Laboratories<ORG>
7801,"NTT Cyber Space Laboratories, 1-1 Hikari-no-oka, Yokosuka, Kanagawa 239-0847, Japan; e-mail: sakurai.yasushi&commat;lab.ntt.co.jp, kojima&commat;aether.hil.ntt.co.jp",NTT Cyber Space Laboratories; Yokosuka; Kanagawa; 239; Japan,NTT Cyber Space Laboratories<ORG>; Yokosuka<GPE>; Kanagawa<GPE>; 239<CARDINAL>; Japan<GPE>
8122,"NTT Cyber Space Laboratories, NTT Corporation, Kanagawa, Japan",NTT Cyber Space Laboratories; NTT Corporation; Kanagawa; Japan,NTT Cyber Space Laboratories<ORG>; NTT Corporation<ORG>; Kanagawa<GPE>; Japan<GPE>
4238,"NTT Cyber Space Labs., Kanagawa, Japan",NTT Cyber Space Labs.; Kanagawa; Japan,NTT Cyber Space Labs.<ORG>; Kanagawa<GPE>; Japan<GPE>
3430,NUS,NUS,NUS<PERSON>
5234,"NUS, Singapore, Singapore",NUS; Singapore,NUS<ORG>; Singapore<GPE>
3686,NYU,NYU,NYU<ORG>
1962,"OGI School of Science & Engineering at, Oregon Health & Science University, Beaverton, Oregon",OGI School of Science & Engineering; Oregon Health & Science University; Beaverton; Oregon,OGI School of Science & Engineering<ORG>; Oregon Health & Science University<ORG>; Beaverton<GPE>; Oregon<GPE>
2101,OGI/OHSU,OGI; OHSU,OGI<ORG>; OHSU<ORG>
2990,Ohio State University,Ohio State University,Ohio State University<ORG>
76,"Ohio State University, Columbus, OH",Ohio State University; Columbus; OH,Ohio State University<ORG>; Columbus<GPE>; OH<GPE>
1831,OHSU/OGI,OHSU / OGI,OHSU / OGI<ORG>
7122,"One Microsoft Way, Redmond WA",Microsoft; Redmond WA,Microsoft<ORG>; Redmond WA<GPE>
3734,Oracle,Oracle,Oracle<ORG>
2218,Oracle,Oracle,Oracle<ORG>
4208,"Oracle +Corp., Redwood Shores, CA",Oracle +Corp.; Redwood Shores; CA,Oracle +Corp.<ORG>; Redwood Shores<GPE>; CA<GPE>
9528,Oracle Corp.,Oracle Corp.,Oracle Corp.<ORG>
9532,Oracle Corp.,Oracle Corp.,Oracle Corp.<ORG>
2808,"Oracle Corp., Redwood Shores, CA",Oracle Corp.; Redwood Shores; CA,Oracle Corp.<ORG>; Redwood Shores<GPE>; CA<GPE>
3517,Oracle Corporation,Oracle Corporation,Oracle Corporation<ORG>
6905,Oracle Corporation,Oracle Corporation,Oracle Corporation<ORG>
7166,"Oracle Corporation, CA",Oracle Corporation; CA,Oracle Corporation<ORG>; CA<GPE>
7148,"Oracle Corporation, Nashua NH",Oracle Corporation; Nashua NH,Oracle Corporation<ORG>; Nashua NH<GPE>
1990,"Oracle Corporation, Nashua, NH",Oracle Corporation; Nashua; NH,Oracle Corporation<ORG>; Nashua<GPE>; NH<GPE>
3550,"Oracle Corporation, Nashua, NH, USA",Oracle Corporation; Nashua; NH; USA,Oracle Corporation<ORG>; Nashua<GPE>; NH<GPE>; USA<GPE>
7146,"Oracle Corporation, NEDC, Nashua NH",Oracle Corporation; NEDC; Nashua NH,Oracle Corporation<ORG>; NEDC<ORG>; Nashua NH<GPE>
6623,"Oracle Corporation, New England Development Center, One Oracle Driv e, Nashua, NH",Oracle Corporation; New England Development Center; Nashua; NH,Oracle Corporation<ORG>; New England Development Center<FAC>; Nashua<GPE>; NH<GPE>
7664,"Oracle Corporation, One Oracle Drive, Nashua, NH 03062, USA; e-mail: ning.an&commat;oracle.com",Oracle Corporation; Nashua; NH; 03062; USA,Oracle Corporation<ORG>; Nashua<GPE>; NH<GPE>; 03062<DATE>; USA<GPE>
1219,"Oracle Corporation, Oracle Parway, Redwood Shores, CA",Oracle Corporation; Oracle Parway; Redwood Shores; CA,Oracle Corporation<ORG>; Oracle Parway<ORG>; Redwood Shores<GPE>; CA<GPE>
319,"Oracle Corporation, Redwood City, CA",Oracle Corporation; Redwood City; CA,Oracle Corporation<ORG>; Redwood City<GPE>; CA<GPE>
6320,"Oracle Corporation, Redwood City, CA, USA",Oracle Corporation; Redwood City; CA; USA,Oracle Corporation<ORG>; Redwood City<GPE>; CA<GPE>; USA<GPE>
1592,"Oracle Corporation, Redwood Shores",Oracle Corporation; Redwood Shores,Oracle Corporation<ORG>; Redwood Shores<GPE>
311,"Oracle Corporation, Redwood Shores CA",Oracle Corporation; Redwood Shores; CA,Oracle Corporation<ORG>; Redwood Shores<GPE>; CA<GPE>
806,"Oracle Corporation, Redwood Shores, CA",Oracle Corporation; Redwood Shores; CA,Oracle Corporation<ORG>; Redwood Shores<GPE>; CA<GPE>
3391,"Oracle Corporation, Redwood Shores, CA, USA",Oracle Corporation; Redwood Shores; CA; USA,Oracle Corporation<ORG>; Redwood Shores<GPE>; CA<GPE>; USA<GPE>
8513,"Oracle Corporation, USA",Oracle Corporation; USA,Oracle Corporation<ORG>; USA<GPE>
2553,"Oracle USA 400, Oracle Parkway, Redwood Shores, CA",Oracle USA; Oracle Parkway; Redwood Shores; CA,Oracle USA<ORG>; Oracle Parkway<FAC>; Redwood Shores<GPE>; CA<GPE>
4976,"Oracle USA Inc, Redwood Shores, CA",Oracle USA Inc; Redwood Shores; CA,Oracle USA Inc<ORG>; Redwood Shores<GPE>; CA<GPE>
6315,"Oracle USA, Nashua, NH, USA",Oracle USA; Nashua; NH; USA,Oracle USA<ORG>; Nashua<GPE>; NH<GPE>; USA<GPE>
9646,"Oracle USA, Redwood City, CA",Oracle USA; Redwood City; CA,Oracle USA<ORG>; Redwood City<GPE>; CA<GPE>
5873,"Oracle USA, Redwood City, CA, USA",Oracle USA; Redwood City; CA; USA,Oracle USA<ORG>; Redwood City<GPE>; CA<GPE>; USA<GPE>
792,"Oracle USA, Redwood Shores, CA",Oracle USA; Redwood Shores; CA,Oracle USA<ORG>; Redwood Shores<GPE>; CA<GPE>
2580,"Oracle, Nashua, NH",Oracle; Nashua; NH,Oracle<ORG>; Nashua<GPE>; NH<GPE>
3896,"Oracle, Nashua, NH, USA",Oracle; Nashua; NH; USA,Oracle<ORG>; Nashua<GPE>; NH<GPE>; USA<GPE>
343,"Oracle, One Oracle Drive, Nashua, NH",Oracle; Nashua; NH,Oracle<ORG>; Nashua<GPE>; NH<GPE>
370,"Oracle, Redwood Shores, CA",Oracle; Redwood Shores; CA,Oracle<ORG>; Redwood Shores<GPE>; CA<GPE>
5614,"Oracle, Redwood Shores, CA, USA",Oracle; Redwood Shores; CA; USA,Oracle<ORG>; Redwood Shores<GPE>; CA<GPE>; USA<GPE>
6036,"Oracle, Redwood, CA, Switzerland",Oracle; Redwood; CA; Switzerland,Oracle<ORG>; Redwood<GPE>; CA<GPE>; Switzerland<GPE>
9270,"Oracle, St. Louis, USA",Oracle; St. Louis; USA,Oracle<ORG>; St. Louis<GPE>; USA<GPE>
6652,"Oregon Graduate Institue of Science Technology, CSE, 20000 N.W. Walker Road, P.O.Box 91000, Portland",Oregon Graduate Institue of Science Technology; CSE; 20000; 91000; Portland,Oregon Graduate Institue of Science Technology<ORG>; CSE<ORG>; 20000<CARDINAL>; 91000<CARDINAL>; Portland<GPE>
7592,Oregon Graduate Institute of Science and Technology,Oregon Graduate Institute of Science and Technology,Oregon Graduate Institute of Science and Technology<ORG>
9089,Oxford University,Oxford University,Oxford University<ORG>
3299,"Oxford University, Oxford, UK",Oxford University; Oxford; UK,Oxford University<ORG>; Oxford<GPE>; UK<GPE>
6141,"Oxford University, Oxford, United Kingdom",Oxford University; Oxford; United Kingdom,Oxford University<ORG>; Oxford<GPE>; United Kingdom<GPE>
5670,"Oxford University, Oxford, United Kngdm",Oxford University; Oxford; United Kngdm,Oxford University<ORG>; Oxford<GPE>; United Kngdm<GPE>
5162,"Peking University, Beijing, China",Peking University; Beijing; China,Peking University<ORG>; Beijing<GPE>; China<GPE>
3940,Pennsylvania State University,Pennsylvania State University,Pennsylvania State University<ORG>
5079,"Pennsylvania State University, PA",Pennsylvania State University; PA,Pennsylvania State University<ORG>; PA<GPE>
2274,"Pennsylvania State University, University Park, PA",Pennsylvania State University; University Park; PA,Pennsylvania State University<ORG>; University Park<GPE>; PA<GPE>
9422,"Pennsylvania State University, University Park, USA",Pennsylvania State University; University Park; USA,Pennsylvania State University<ORG>; University Park<GPE>; USA<GPE>
6326,"Pennsylvania State, University Park, PA, USA",Pennsylvania State; University Park; PA; USA,Pennsylvania State<ORG>; University Park<GPE>; PA<GPE>; USA<GPE>
2051,"Persistent Systems Private Limited, Bhageerath, Pune, India",Persistent Systems Private Limited; Bhageerath; Pune; India,Persistent Systems Private Limited<ORG>; Bhageerath<GPE>; Pune<GPE>; India<GPE>
1312,"Persistent Systems Pvt. Ltd., Pune",Persistent Systems Pvt. Ltd.; Pune,Persistent Systems Pvt. Ltd.<ORG>; Pune<GPE>
1296,"Persistent Systems, Pune, India",Persistent Systems; Pune; India,Persistent Systems<ORG>; Pune<GPE>; India<GPE>
8726,"Philipps Universität Marburg, Germany",Philipps Universität; Marburg; Germany,Philipps Universität<ORG>; Marburg<GPE>; Germany<GPE>
4291,Philipps University Marburg,Philipps University,Philipps University<ORG>
8186,"Philipps University, Marburg, Germany",Philipps University; Marburg; Germany,Philipps University<ORG>; Marburg<GPE>; Germany<GPE>
7377,"Philipps-University Marburg, Marburg, Germany",Philipps-University; Marburg; Germany,Philipps-University<ORG>; Marburg<GPE>; Germany<GPE>
4682,"Piazza Leonardo da Vinci, Milano, Italy",Piazza Leonardo da Vinci; Milano; Italy,Piazza Leonardo da Vinci<FAC>; Milano<GPE>; Italy<GPE>
8741,"Pisa KDD Laboratory, Computer Science Department, University of Pisa, Pisa, Italy 56127",Pisa KDD Laboratory; Computer Science Department; University of Pisa; Pisa; Italy,Pisa KDD Laboratory<ORG>; Computer Science Department<ORG>; University of Pisa<ORG>; Pisa<GPE>; Italy<GPE>
8739,"Pisa KDD Laboratory, ISTI---CNR, Pisa, Italy 56124",Pisa KDD Laboratory; ISTI; CNR; Pisa; Italy; 56124,Pisa KDD Laboratory<ORG>; ISTI<ORG>; CNR<ORG>; Pisa<GPE>; Italy<GPE>; 56124<CARDINAL>
8738,"Pisa KDD Laboratory, ISTI---CNR, Pisa, Italy 56124 and Pisa KDD Laboratory, Computer Science Department, University of Pisa, Pisa, Italy 56127",Pisa KDD Laboratory; ISTI; CNR; Pisa; Italy; 56124; Computer Science Department; University of Pisa,Pisa KDD Laboratory<ORG>; ISTI<ORG>; CNR<ORG>; Pisa<GPE>; Italy<GPE>; 56124<CARDINAL>; Computer Science Department<ORG>; University of Pisa<ORG>
6597,Ploytechnic Univ.,Ploytechnic Univ,Ploytechnic Univ<ORG>
4854,Pohang University of Science and Technology,Pohang University of Science and Technology,Pohang University of Science and Technology<ORG>
8493,"Pohang University of Science and Technology, Gyungbuk, Korea",Pohang University of Science and Technology; Gyungbuk; Korea,Pohang University of Science and Technology<ORG>; Gyungbuk<GPE>; Korea<GPE>
3842,Politecnico di Milano,Politecnico di Milano,Politecnico di Milano<ORG>
7776,"Politecnico di Milano, Dipartimento di Elettronica e Informazione, Piazza L. Da Vinci, 32, 20133 Milano, Italy; E-mail: pozzi@elet.polimi.it",Politecnico di Milano; Dipartimento di Elettronica e Informazione; Piazza L. Da Vinci; 32; 20133; Milano; Italy,Politecnico di Milano<ORG>; Dipartimento di Elettronica e Informazione<ORG>; Piazza L. Da Vinci<FAC>; 32<CARDINAL>; 20133<CARDINAL>; Milano<GPE>; Italy<GPE>
7814,"Politecnico di Milano, Dipartimento di Elettronica e Informazione, Piazza Leonardo da Vinci 32, 20133 Milano, Italy; E-mail: barbara.pernici@polimi.it",Politecnico di Milano; Dipartimento di Elettronica e Informazione; Piazza Leonardo da Vinci; Milano; Italy,Politecnico di Milano<ORG>; Dipartimento di Elettronica e Informazione<ORG>; Piazza Leonardo da Vinci<FAC>; Milano<GPE>; Italy<GPE>
6334,"Politecnico di Milano, Milan, Italy",Politecnico di Milano; Milan; Italy,Politecnico di Milano<ORG>; Milan<GPE>; Italy<GPE>
4618,"Politecnico di Milano, Milano, Italy",Politecnico di Milano; Milano; Italy,Politecnico di Milano<ORG>; Milano<GPE>; Italy<GPE>
7740,"Politecnico di Milano, Milano, Italy; e-mail: pernici@elet.polimi.it",Politecnico di Milano; Milano; Italy,Politecnico di Milano<ORG>; Milano<GPE>; Italy<GPE>
9044,"Politecnico di Milano, Piazza Leonardo da Vinci, Milano, Italy",Politecnico di Milano; Piazza Leonardo da Vinci; Milano; Italy,Politecnico di Milano<ORG>; Piazza Leonardo da Vinci<FAC>; Milano<GPE>; Italy<GPE>
7583,"Politecnico di Torino, Torino, Italy",Politecnico di Torino; Torino; Italy,Politecnico di Torino<ORG>; Torino<GPE>; Italy<GPE>
8111,"Politecnico di Torino, Turin, Italy",Politecnico di Torino; Turin; Italy,Politecnico di Torino<ORG>; Turin<GPE>; Italy<GPE>
9382,"Polytechnic Institute of New York University, Brooklyn, USA 11201",Polytechnic Institute of New York University; Brooklyn; USA; 11201,Polytechnic Institute of New York University<ORG>; Brooklyn<GPE>; USA<GPE>; 11201<CARDINAL>
4829,Polytechnic University,Polytechnic University,Polytechnic University<ORG>
9445,Pontificia Universidad Católica de Chile,Pontificia Universidad Católica de Chile,Pontificia Universidad Católica de Chile<ORG>
9404,"Pontificia Universidad Católica de Chile, Chile",Pontificia Universidad Católica de Chile; Chile,Pontificia Universidad Católica de Chile<ORG>; Chile<GPE>
2821,Portland State University,Portland State University,Portland State University<ORG>
5445,"Portland State University, Portand, OR",Portland State University; Portand; OR,Portland State University<ORG>; Portand<GPE>; OR<GPE>
3059,"Portland State University, Portland, OR",Portland State University; Portland; OR,Portland State University<ORG>; Portland<GPE>; OR<GPE>
9796,"Portland State University, Portland, OR, USA",Portland State University; Portland; OR; USA,Portland State University<ORG>; Portland<GPE>; OR<GPE>; USA<GPE>
6555,"Praktische Informatik IV, FernUniversitäit Hagen, D-58084, Hagen, Germany",D-58084; Hagen; Germany,D-58084<WORK_OF_ART>; Hagen<GPE>; Germany<GPE>
4985,Princeton University,Princeton University,Princeton University<ORG>
2480,"Princeton University, Princeton, NJ",Princeton University; Princeton; NJ,Princeton University<ORG>; Princeton<GPE>; NJ<GPE>
5997,"Princeton University, Princeton, NJ, USA",Princeton University; Princeton; NJ; USA,Princeton University<ORG>; Princeton<GPE>; NJ<GPE>; USA<GPE>
3961,"PRISM Laboratory, University of Versailles, France",PRISM Laboratory; University of Versailles; France,PRISM Laboratory<ORG>; University of Versailles<ORG>; France<GPE>
988,"PRISM Laboratory, Versailles, France",PRISM Laboratory; Versailles; France,PRISM Laboratory<ORG>; Versailles<GPE>; France<GPE>
8026,"Procom Technology Inc., Irvine, California, CA",Procom Technology Inc.; Irvine; California; CA,Procom Technology Inc.<ORG>; Irvine<GPE>; California<GPE>; CA<GPE>
3689,"Procom Technology, Irvine, CA, USA",Procom Technology; Irvine; CA; USA,Procom Technology<ORG>; Irvine<GPE>; CA<GPE>; USA<GPE>
6540,PSPL Ltd. Pune,PSPL Ltd.; Pune,PSPL Ltd.<ORG>; Pune<GPE>
9636,PSU,PSU,PSU<ORG>
809,"PTU NetWeaver AS TREX, SAP AG, Walldorf, Germany",PTU NetWeaver; TREX; SAP AG; Walldorf; Germany,PTU NetWeaver<ORG>; TREX<ORG>; SAP AG<ORG>; Walldorf<GPE>; Germany<GPE>
3279,PUC Chile,PUC; Chile,PUC<GPE>; Chile<GPE>
1394,Purdue University,Purdue University,Purdue University<ORG>
7284,"Purdue University West Lafayette, IN",Purdue University; Lafayette; IN,Purdue University<ORG>; Lafayette<GPE>; IN<GPE>
4748,"Purdue University, Lafayette, IN",Purdue University; Lafayette; IN,Purdue University<ORG>; Lafayette<GPE>; IN<GPE>
8061,"Purdue University, USA",Purdue University; USA,Purdue University<ORG>; USA<GPE>
272,"Purdue University, West Lafayette",Purdue University; West Lafayette,Purdue University<ORG>; West Lafayette<GPE>
8,"Purdue University, West Lafayette, IN",Purdue University; West Lafayette; IN,Purdue University<ORG>; West Lafayette<GPE>; IN<GPE>
5795,"Purdue University, West Lafayette, IN, USA",Purdue University; West Lafayette; IN; USA,Purdue University<ORG>; West Lafayette<GPE>; IN<GPE>; USA<GPE>
436,"Purdue University, West Lafayette, Indiana",Purdue University; West Lafayette; Indiana,Purdue University<ORG>; West Lafayette<GPE>; Indiana<GPE>
8761,"Purdue University, West Lafayette, USA",Purdue University; West Lafayette; USA,Purdue University<ORG>; West Lafayette<GPE>; USA<GPE>
8619,"Queen Mary, University of London, London, UK E1 4NS",Queen Mary; University of London; London; UK,Queen Mary<ORG>; University of London<ORG>; London<GPE>; UK<GPE>
9502,"R.A. Computer Technology Institute and Computer Engineering and Informatics Department, University of Patras, Rio, Greece",R.A. Computer Technology Institute; Computer Engineering and Informatics Department; University of Patras; Rio; Greece,R.A. Computer Technology Institute<ORG>; Computer Engineering and Informatics Department<ORG>; University of Patras<ORG>; Rio<GPE>; Greece<GPE>
251,"RA Computer Technology Institute, Athens, Greece",RA Computer Technology Institute; Athens; Greece,RA Computer Technology Institute<ORG>; Athens<GPE>; Greece<GPE>
2438,Renmin University of China,Renmin University of China,Renmin University of China<ORG>
2425,"Renmin University of China, Beijing, China",Renmin University of China; Beijing; China,Renmin University of China<ORG>; Beijing<GPE>; China<GPE>
4564,"Rensselaer Polytechnic Institute, Troy, New York",Rensselaer Polytechnic Institute; Troy; New York,Rensselaer Polytechnic Institute<ORG>; Troy<GPE>; New York<GPE>
3196,"Rensselaer Polytechnic Institute, Troy, NY",Rensselaer Polytechnic Institute; Troy; NY,Rensselaer Polytechnic Institute<ORG>; Troy<GPE>; NY<GPE>
6635,"Retail Solutions Group, NCR Corporation",Retail Solutions Group; NCR Corporation,Retail Solutions Group<ORG>; NCR Corporation<ORG>
5716,"RMIT University, Melbourne, Australia",RMIT University; Melbourne; Australia,RMIT University<ORG>; Melbourne<GPE>; Australia<GPE>
8789,"RMIT University, Victoria, Australia",RMIT University; Victoria; Australia,RMIT University<ORG>; Victoria<GPE>; Australia<GPE>
7792,"Robert H. Smith School of Business and UMIACS, University of Maryland, College Park, MD 20742, USA",Robert H. Smith School of Business; UMIACS; University of Maryland; College Park; MD; 20742; USA,Robert H. Smith School of Business<ORG>; UMIACS<ORG>; University of Maryland<ORG>; College Park<GPE>; MD<GPE>; 20742<CARDINAL>; USA<GPE>
8369,"Robotics Institute, Carnegie-Mellon University",Robotics Institute; Carnegie-Mellon University,Robotics Institute<ORG>; Carnegie-Mellon University<ORG>
9495,"Room 511B, William M.W. Mong Engineering Building, The Chinese University of Hong Kong, Shatin, Hong Kong",511B; William M.W. Mong Engineering Building; The Chinese University of Hong Kong; Shatin; Hong Kong,511B<CARDINAL>; William M.W. Mong Engineering Building<FAC>; The Chinese University of Hong Kong<ORG>; Shatin<GPE>; Hong Kong<GPE>
9493,"Room 609, William M.W. Mong Engineering Building, The Chinese University of Hong Kong, Shatin, Hong Kong",609; William M.W. Mong Engineering Building; The Chinese University of Hong Kong; Shatin; Hong Kong,609<CARDINAL>; William M.W. Mong Engineering Building<FAC>; The Chinese University of Hong Kong<ORG>; Shatin<GPE>; Hong Kong<GPE>
9494,"Room 707, Sir Run Run Shaw Building, Hong Kong Baptist University, Kowloon Tong, Hong Kong",707; Sir Run Run Shaw Building; Hong Kong Baptist University; Kowloon Tong; Hong Kong,707<CARDINAL>; Sir Run Run Shaw Building<FAC>; Hong Kong Baptist University<ORG>; Kowloon Tong<GPE>; Hong Kong<GPE>
4,Rutgers University,Rutgers University,Rutgers University<ORG>
8204,"Rutgers University, Murray Hill, NJ",Rutgers University; Murray Hill; NJ,Rutgers University<ORG>; Murray Hill<GPE>; NJ<GPE>
8759,"Rutgers University, Newark, USA",Rutgers University; Newark; USA,Rutgers University<ORG>; Newark<GPE>; USA<GPE>
9434,"Rutgers University, Newark, USA 07102",Rutgers University; Newark; USA; 07102,Rutgers University<ORG>; Newark<GPE>; USA<GPE>; 07102<CARDINAL>
4476,"Rutgers University, Piscataway, NJ",Rutgers University; Piscataway; NJ,Rutgers University<ORG>; Piscataway<GPE>; NJ<GPE>
5866,"Rutgers University, Piscataway, NJ, USA",Rutgers University; Piscataway; NJ; USA,Rutgers University<ORG>; Piscataway<GPE>; NJ<GPE>; USA<GPE>
3402,RWTH Aachen,RWTH Aachen,RWTH Aachen<PERSON>
2626,"RWTH Aachen University, Aachen, Germany",RWTH Aachen University; Aachen; Germany,RWTH Aachen University<ORG>; Aachen<GPE>; Germany<GPE>
114,"RWTH Aachen University, Germany",RWTH Aachen University; Germany,RWTH Aachen University<ORG>; Germany<GPE>
1459,"RWTH Aachen, Informatik V (Information Systems), Aachen, Germany",RWTH; Aachen; Informatik V; Germany,RWTH<ORG>; Aachen<GPE>; Informatik V<ORG>; Germany<GPE>
8914,"RWTH, Aachen, Germany",RWTH; Aachen; Germany,RWTH<ORG>; Aachen<GPE>; Germany<GPE>
2681,"Saarland University Database Group, Saarbrücken, Germany",Saarland University Database Group; Saarbrücken; Germany,Saarland University Database Group<ORG>; Saarbrücken<GPE>; Germany<GPE>
5098,"Saarland University, Saarbrücken, Germany",Saarland University; Saarbrücken; Germany,Saarland University<ORG>; Saarbrücken<GPE>; Germany<GPE>
5840,"Samsung Electronics Co., Ltd., Hwang, South Korea","Samsung Electronics Co., Ltd.; Hwang; South Korea","Samsung Electronics Co., Ltd.<ORG>; Hwang<GPE>; South Korea<GPE>"
6276,"Samsung Electronics Co., Ltd., Hwasung-City, South Korea","Samsung Electronics Co., Ltd.; Hwasung-City; South Korea","Samsung Electronics Co., Ltd.<ORG>; Hwasung-City<GPE>; South Korea<GPE>"
824,"Samsung Electronics, Hwasung, Gyeonggi-Do, Korea",Samsung Electronics; Hwasung; Gyeonggi-Do; Korea,Samsung Electronics<ORG>; Hwasung<GPE>; Gyeonggi-Do<GPE>; Korea<GPE>
1288,San Diego Supercomputer Center,San Diego Supercomputer Center,San Diego Supercomputer Center<ORG>
1684,"San Diego Supercomputer Center, University of California San Diego",San Diego Supercomputer Center; University of California San Diego,San Diego Supercomputer Center<ORG>; University of California San Diego<ORG>
7656,"San Diego Supercomputer Center, University of California San Diego, La Jolla, CA",San Diego Supercomputer Center; University of California San Diego; La Jolla; CA,San Diego Supercomputer Center<ORG>; University of California San Diego<ORG>; La Jolla<GPE>; CA<GPE>
1016,"San Diego Supercomputer Center, University of California, San Diego",San Diego Supercomputer Center; University of California; San Diego,San Diego Supercomputer Center<ORG>; University of California<ORG>; San Diego<GPE>
882,"San Diego Supercomputer Center, University of California, San Diego, CA",San Diego Supercomputer Center; University of California; San Diego; CA,San Diego Supercomputer Center<ORG>; University of California<ORG>; San Diego<GPE>; CA<GPE>
2097,Santa Clara University,Santa Clara University,Santa Clara University<ORG>
8257,"Santa Clara University, Santa Clara, CA",Santa Clara University; Santa Clara; CA,Santa Clara University<ORG>; Santa Clara<GPE>; CA<GPE>
4592,SAP,SAP,SAP<ORG>
3102,"SAP AG, Dietmar-Hopp-Allee, Walldorf, Germany",SAP AG; Dietmar-Hopp-Allee; Walldorf; Germany,SAP AG<ORG>; Dietmar-Hopp-Allee<FAC>; Walldorf<GPE>; Germany<GPE>
6324,"SAP AG, Hidelberg, Germany",SAP AG; Hidelberg; Germany,SAP AG<ORG>; Hidelberg<GPE>; Germany<GPE>
810,"SAP AG, Walldorf, Germany",SAP AG; Walldorf; Germany,SAP AG<ORG>; Walldorf<GPE>; Germany<GPE>
9368,"SAP AG, Walldorf, Germany 69190",SAP AG; Walldorf; Germany; 69190,SAP AG<ORG>; Walldorf<GPE>; Germany<GPE>; 69190<CARDINAL>
4617,"SAP Labs, Palo Alto, CA",SAP Labs; Palo Alto; CA,SAP Labs<ORG>; Palo Alto<GPE>; CA<GPE>
2039,"SAP Research Center Palo Alto, LLC, Palo Alto, CA","SAP Research Center; Palo Alto, LLC; Palo Alto; CA","SAP Research Center<ORG>; Palo Alto, LLC<GPE>; Palo Alto<GPE>; CA<GPE>"
8717,"SAPIENZA Università di Roma, Roma, Italy",SAPIENZA Università di Roma; Roma; Italy,SAPIENZA Università di Roma<ORG>; Roma<GPE>; Italy<GPE>
1954,"School of Comp. Sci., Florida Intl. University, Miami, FL",School of Comp. Sci.; Florida Intl. University; Miami; FL,School of Comp. Sci.<ORG>; Florida Intl. University<ORG>; Miami<GPE>; FL<GPE>
8872,"School of Computer and Communication Sciences EPFL, Lausanne, Switzerland 1010",School of Computer and Communication Sciences; EPFL; Lausanne; Switzerland,School of Computer and Communication Sciences<ORG>; EPFL<ORG>; Lausanne<GPE>; Switzerland<GPE>
8371,"School of Computer and Communication Sciences, École Polytechnique Fédérale de Lausanne, (EPFL), Switzerland",School of Computer and Communication Sciences; École Polytechnique Fédérale de Lausanne; EPFL; Switzerland,School of Computer and Communication Sciences<ORG>; École Polytechnique Fédérale de Lausanne<ORG>; EPFL<ORG>; Switzerland<GPE>
2637,"School of Computer and Communication Sciences, Switzerland",School of Computer and Communication Sciences; Switzerland,School of Computer and Communication Sciences<ORG>; Switzerland<GPE>
7939,"School of Computer Engineering, Nanyang Technological University",School of Computer Engineering; Nanyang Technological University,School of Computer Engineering<ORG>; Nanyang Technological University<ORG>
8689,"School of Computer Engineering, Nanyang Technological University, Singapore, Singapore",School of Computer Engineering; Nanyang Technological University; Singapore,School of Computer Engineering<ORG>; Nanyang Technological University<ORG>; Singapore<GPE>
9327,"School of Computer Engineering, Nanyang Technological University, Singapore, Singapore 639798",School of Computer Engineering; Nanyang Technological University; Singapore; 639798,School of Computer Engineering<ORG>; Nanyang Technological University<ORG>; Singapore<GPE>; 639798<CARDINAL>
6562,"School of Computer Engr, Seoul National University, Seoul, Korea",School of Computer Engr; Seoul National University; Seoul; Korea,School of Computer Engr<ORG>; Seoul National University<ORG>; Seoul<GPE>; Korea<GPE>
1261,"School of Computer Science & Engineering, The University of New South Wales, Sydney, NSW, Australia",School of Computer Science & Engineering; The University of New South Wales; Sydney; NSW; Australia,School of Computer Science & Engineering<ORG>; The University of New South Wales<ORG>; Sydney<GPE>; NSW<GPE>; Australia<GPE>
8139,"School of Computer Science and Engineering University of New South Wales, Australia",School of Computer Science and Engineering; University of New South Wales; Australia,School of Computer Science and Engineering<ORG>; University of New South Wales<ORG>; Australia<GPE>
8352,"School of Computer Science and Engineering, The Hebrew University of Jerusalem, Israel",School of Computer Science and Engineering; The Hebrew University of Jerusalem; Israel,School of Computer Science and Engineering<ORG>; The Hebrew University of Jerusalem<ORG>; Israel<GPE>
1326,"School of Computer Science and Engineering, The Hebrew University of Jerusalem, Jerusalem, Israel",School of Computer Science and Engineering; The Hebrew University of Jerusalem; Jerusalem; Israel,School of Computer Science and Engineering<ORG>; The Hebrew University of Jerusalem<ORG>; Jerusalem<GPE>; Israel<GPE>
7771,"School of Computer Science and Engineering, The University of New South Wales, Sydney 2052 NSW, Australia; E-mail: anne@cse.unsw.edu.au",The University of New South Wales; Sydney; NSW; Australia,The University of New South Wales<ORG>; Sydney<GPE>; NSW<GPE>; Australia<GPE>
8842,"School of Computer Science and Engineering, University of New South Wales, NICTA, Sydney, Australia NSW 2052",School of Computer Science and Engineering; University of New South Wales; NICTA; Sydney; Australia; NSW; 2052,School of Computer Science and Engineering<ORG>; University of New South Wales<ORG>; NICTA<ORG>; Sydney<GPE>; Australia<GPE>; NSW<GPE>; 2052<CARDINAL>
7886,"School of Computer Science and Engineering, University of New South Wales, Sydney, NSW 2052 Australia; e-mail: boualem@cse.unsw.edu.au",University of New South Wales; Sydney; NSW; Australia,University of New South Wales<ORG>; Sydney<GPE>; NSW<GPE>; Australia<GPE>
1766,"School of Computer Science and Engineering, University of NSW, Australia and NICTA, Australia",School of Computer Science and Engineering; University of NSW; Australia; NICTA,School of Computer Science and Engineering<ORG>; University of NSW<ORG>; Australia<GPE>; NICTA<ORG>
8516,"School of Computer Science and Information Technology, RMIT University, Australia",School of Computer Science and Information Technology; RMIT University; Australia,School of Computer Science and Information Technology<ORG>; RMIT University<ORG>; Australia<GPE>
9353,"School of Computer Science and Information Technology, RMIT University, Melbourne, Australia",School of Computer Science and Information Technology; RMIT University; Melbourne; Australia,School of Computer Science and Information Technology<ORG>; RMIT University<ORG>; Melbourne<GPE>; Australia<GPE>
7670,"School of Computer Science, Carnegie Mellon University, 5000 Forbes Avenue, Pittsburg, PA 15213-3891, USA; e-mail: natassa&commat;cmu.edu",School of Computer Science; Carnegie Mellon University; Pittsburg; PA; 15213-3891; USA,School of Computer Science<ORG>; Carnegie Mellon University<ORG>; Pittsburg<GPE>; PA<GPE>; 15213-3891<CARDINAL>; USA<GPE>
6472,"School of Computer Science, Carnegie Mellon University, Pittsburgh, PA",School of Computer Science; Carnegie Mellon University; Pittsburgh; PA,School of Computer Science<ORG>; Carnegie Mellon University<ORG>; Pittsburgh<GPE>; PA<GPE>
1857,"School of Computer Science, Florida International University, Miami, FL",School of Computer Science; Florida International University; Miami; FL,School of Computer Science<ORG>; Florida International University<ORG>; Miami<GPE>; FL<GPE>
8819,"School of Computer Science, The University of Oklahoma, Norman, USA 73019",School of Computer Science; The University of Oklahoma; Norman; USA; 73019,School of Computer Science<ORG>; The University of Oklahoma<ORG>; Norman<GPE>; USA<GPE>; 73019<CARDINAL>
780,"School of Computer Science, University of Manchester, Manchester, UK",School of Computer Science; University of Manchester; Manchester; UK,School of Computer Science<ORG>; University of Manchester<ORG>; Manchester<GPE>; UK<GPE>
9335,"School of Computer Science, University of Manchester, Manchester, UK M13 9PL",School of Computer Science; University of Manchester; Manchester; UK,School of Computer Science<ORG>; University of Manchester<ORG>; Manchester<GPE>; UK<GPE>
1926,"School of Computer Science, University of Waterloo",School of Computer Science; University of Waterloo,School of Computer Science<ORG>; University of Waterloo<ORG>
8059,"School of Computer Science, University of Waterloo, Canada",School of Computer Science; University of Waterloo; Canada,School of Computer Science<ORG>; University of Waterloo<ORG>; Canada<GPE>
1448,"School of Computer Science, University of Waterloo, Waterloo, Canada",School of Computer Science; University of Waterloo; Waterloo; Canada,School of Computer Science<ORG>; University of Waterloo<ORG>; Waterloo<GPE>; Canada<GPE>
8538,"School of Computer Science, University of Waterloo, Waterloo, Canada N2L 3G1",School of Computer Science; University of Waterloo; Waterloo; Canada,School of Computer Science<ORG>; University of Waterloo<ORG>; Waterloo<GPE>; Canada<GPE>
6468,"School of Computing Science, Simon Fraser University",School of Computing Science; Simon Fraser University,School of Computing Science<ORG>; Simon Fraser University<ORG>
6738,"School of Computing Science, Simon Fraser University, B.C., Canada",School of Computing Science; Simon Fraser University; B.C.; Canada,School of Computing Science<ORG>; Simon Fraser University<ORG>; B.C.<GPE>; Canada<GPE>
6690,"School of Computing Science, Simon Fraser University, Burnaby, BC, Canada",School of Computing Science; Simon Fraser University; Burnaby; BC; Canada,School of Computing Science<ORG>; Simon Fraser University<ORG>; Burnaby<GPE>; BC<GPE>; Canada<GPE>
6979,"School of Computing Science, Simon Fraser University, Canada",School of Computing Science; Simon Fraser University; Canada,School of Computing Science<ORG>; Simon Fraser University<ORG>; Canada<GPE>
1268,"School of Computing, National University of Singapore",School of Computing; National University of Singapore,School of Computing<ORG>; National University of Singapore<ORG>
6694,"School of Computing, National University of Singapore, Lower Kent Ridge Road, Singapore",School of Computing; National University of Singapore; Lower Kent Ridge Road; Singapore,School of Computing<ORG>; National University of Singapore<ORG>; Lower Kent Ridge Road<FAC>; Singapore<GPE>
1474,"School of Computing, National University of Singapore, Singapore",School of Computing; National University of Singapore; Singapore,School of Computing<ORG>; National University of Singapore<ORG>; Singapore<GPE>
8095,"School of Computing, National University of Singapore, Singapore and School of Electronics Engineering and Computer Science, Peking University, P.R. China",School of Computing; National University of Singapore; Singapore; School of Electronics Engineering and Computer Science; Peking University; P.R. China,School of Computing<ORG>; National University of Singapore<ORG>; Singapore<GPE>; School of Electronics Engineering and Computer Science<ORG>; Peking University<ORG>; P.R. China<GPE>
5621,"School of Computing, National University of Singapore, Singapore, Singapore",School of Computing; National University of Singapore; Singapore,School of Computing<ORG>; National University of Singapore<ORG>; Singapore<GPE>
6776,"School of Electrical Engineering and Computer Science, Seoul National University",School of Electrical Engineering and Computer Science; Seoul National University,School of Electrical Engineering and Computer Science<ORG>; Seoul National University<ORG>
8832,"School of Electrical Engineering and Computer Science, Seoul National University, Seoul, South Korea 151-742",School of Electrical Engineering and Computer Science; Seoul National University; Seoul; South Korea; 151,School of Electrical Engineering and Computer Science<ORG>; Seoul National University<ORG>; Seoul<GPE>; South Korea<GPE>; 151<CARDINAL>
843,"School of Informatics, Indiana University, Bloomington",School of Informatics; Indiana University; Bloomington,School of Informatics<ORG>; Indiana University<ORG>; Bloomington<GPE>
7936,"School of Information and Computer Science, University of California, CA 92697-3425, Irvine, USA",School of Information and Computer Science; University of California; Irvine; USA,School of Information and Computer Science<ORG>; University of California<ORG>; Irvine<GPE>; USA<GPE>
1727,"School of Information and Computer Sciences University of California, Irvine, CA",School of Information and Computer Sciences; University of California; Irvine; CA,School of Information and Computer Sciences<ORG>; University of California<ORG>; Irvine<GPE>; CA<GPE>
514,"School of Information Systems, Singapore Management University, Singapore",School of Information Systems; Singapore Management University; Singapore,School of Information Systems<ORG>; Singapore Management University<ORG>; Singapore<GPE>
8508,"School of Information Technology and Electrical Engineering, The University of Queensland, Australia",School of Information Technology and Electrical Engineering; The University of Queensland; Australia,School of Information Technology and Electrical Engineering<ORG>; The University of Queensland<ORG>; Australia<GPE>
9305,"School of Information Technology and Electrical Engineering, The University of Queensland, Brisbane, Australia",School of Information Technology and Electrical Engineering; The University of Queensland; Brisbane; Australia,School of Information Technology and Electrical Engineering<ORG>; The University of Queensland<ORG>; Brisbane<GPE>; Australia<GPE>
9355,"School of Information Technology and Electrical Engineering, The University of Queensland, Brisbane, Australia 4072",The University of Queensland; Brisbane; Australia; 4072,The University of Queensland<ORG>; Brisbane<GPE>; Australia<GPE>; 4072<CARDINAL>
8837,"School of Information Technology and Electrical Engineering, The University of Queensland, Brisbane, Australia QLD 4072",School of Information Technology and Electrical Engineering; The University of Queensland; Brisbane; Australia; QLD; 4072,School of Information Technology and Electrical Engineering<ORG>; The University of Queensland<ORG>; Brisbane<GPE>; Australia<GPE>; QLD<GPE>; 4072<CARDINAL>
8834,"School of Information Technology and Engineering, University of Ottawa, Ottawa, Canada",School of Information Technology and Engineering; University of Ottawa; Ottawa; Canada,School of Information Technology and Engineering<ORG>; University of Ottawa<ORG>; Ottawa<GPE>; Canada<GPE>
6676,"School of Information Technology, IIT Bombay, India",School of Information Technology; IIT; Bombay; India,School of Information Technology<ORG>; IIT<ORG>; Bombay<GPE>; India<GPE>
733,"School of Mechanical Engineering, Purdue University, West Lafayette, Indiana",School of Mechanical Engineering; Purdue University; West Lafayette; Indiana,School of Mechanical Engineering<ORG>; Purdue University<ORG>; West Lafayette<GPE>; Indiana<GPE>
2255,Seoul National Univ.,Seoul National Univ,Seoul National Univ<ORG>
1782,Seoul National University,Seoul National University,Seoul National University<ORG>
1987,"Seoul National University, School of Electrical Eng. and Computer Science, Seoul, Korea",Seoul National University; School of Electrical Eng.; Seoul; Korea,Seoul National University<ORG>; School of Electrical Eng.<ORG>; Seoul<GPE>; Korea<GPE>
59,"Seoul National University, Seoul, Korea",Seoul National University; Seoul; Korea,Seoul National University<ORG>; Seoul<GPE>; Korea<GPE>
5105,"Seoul National University, Seoul, South Korea",Seoul National University; Seoul; South Korea,Seoul National University<ORG>; Seoul<GPE>; South Korea<GPE>
9206,"SERC/CSA, Indian Institute of Science, Bangalore, India",Indian Institute of Science; Bangalore; India,Indian Institute of Science<ORG>; Bangalore<GPE>; India<GPE>
9333,"Server Manageability, Oracle, Redwood Shores, USA 94065",Oracle; Redwood Shores; USA; 94065,Oracle<ORG>; Redwood Shores<GPE>; USA<GPE>; 94065<CARDINAL>
9726,"Shanghai Jiao Tong University, China",Shanghai Jiao Tong University; China,Shanghai Jiao Tong University<ORG>; China<GPE>
6451,"Shanghai Jiao Tong University, Shanghai, China",Shanghai Jiao Tong University; Shanghai; China,Shanghai Jiao Tong University<ORG>; Shanghai<GPE>; China<GPE>
5894,"Shanghai JiaoTong University, Shang Hai, China",Shanghai JiaoTong University; Shang Hai; China,Shanghai JiaoTong University<ORG>; Shang Hai<GPE>; China<GPE>
2711,"Shanghai JiaoTong University, Shanghai, China",Shanghai JiaoTong University; Shanghai; China,Shanghai JiaoTong University<ORG>; Shanghai<GPE>; China<GPE>
3745,Shibaura Institute of Technology,Shibaura Institute of Technology,Shibaura Institute of Technology<ORG>
7662,"Shibaura Institute of Technology, Saitama-City, Saitama, Japan",Shibaura Institute of Technology; Saitama-City; Saitama; Japan,Shibaura Institute of Technology<ORG>; Saitama-City<GPE>; Saitama<GPE>; Japan<GPE>
4609,"Siebel Systems, San Mateo CA",Siebel Systems; San Mateo CA,Siebel Systems<ORG>; San Mateo CA<GPE>
3864,"Siebel Systems, San Mateo, CA, USA",Siebel Systems; San Mateo; CA; USA,Siebel Systems<ORG>; San Mateo<GPE>; CA<GPE>; USA<GPE>
2611,Siemens Corporate Research,Siemens Corporate Research,Siemens Corporate Research<ORG>
341,"Siemens Corporate Research, Princeton, NJ",Siemens Corporate Research; Princeton; NJ,Siemens Corporate Research<ORG>; Princeton<GPE>; NJ<GPE>
6888,"Siemens Technology-to-Business Center, 1995 University Ave, Suite 375, Berkeley, California",Siemens; University Ave; 375; Berkeley; California,Siemens<ORG>; University Ave<FAC>; 375<CARDINAL>; Berkeley<GPE>; California<GPE>
1156,Simon Fraser U.,Simon Fraser U.,Simon Fraser U.<PERSON>
2440,Simon Fraser University,Simon Fraser University,Simon Fraser University<ORG>
919,"Simon Fraser University, Burnaby, BC, Canada",Simon Fraser University; Burnaby; BC; Canada,Simon Fraser University<ORG>; Burnaby<GPE>; BC<GPE>; Canada<GPE>
9374,"Simon Fraser University, Burnaby, Canada",Simon Fraser University; Burnaby; Canada,Simon Fraser University<ORG>; Burnaby<GPE>; Canada<GPE>
72,"Simon Fraser University, Canada",Simon Fraser University; Canada,Simon Fraser University<ORG>; Canada<GPE>
1807,"Simon Fraser University, School of Computing Science, Burnaby BC, Canada",Simon Fraser University; School of Computing Science; Burnaby; BC; Canada,Simon Fraser University<ORG>; School of Computing Science<ORG>; Burnaby<GPE>; BC<GPE>; Canada<GPE>
6402,"Simon Fraser University, Vancouver, Canada",Simon Fraser University; Vancouver; Canada,Simon Fraser University<ORG>; Vancouver<GPE>; Canada<GPE>
3219,Singapore Management University,Singapore Management University,Singapore Management University<ORG>
2275,"Singapore Management University, Singapore",Singapore Management University; Singapore,Singapore Management University<ORG>; Singapore<GPE>
5556,"Singapore Management University, Singapore, Singapore",Singapore Management University; Singapore,Singapore Management University<ORG>; Singapore<GPE>
9626,SLAC,SLAC,SLAC<ORG>
7324,"SoC, National University of Singapore",National University of Singapore,National University of Singapore<ORG>
1601,"Software AG, Darmstadt, Germany",Software AG; Darmstadt; Germany,Software AG<ORG>; Darmstadt<GPE>; Germany<GPE>
7703,Software AG; e-mail: Thorsten.Fiebig@softwareag.com,Software AG,Software AG<ORG>
741,"Software Laboratories, Samsung Electronics Co., Ltd., Suwon-City, Gyeonggi-Do, Korea","Software Laboratories; Samsung Electronics Co., Ltd.; Suwon-City; Gyeonggi-Do; Korea","Software Laboratories<ORG>; Samsung Electronics Co., Ltd.<ORG>; Suwon-City<GPE>; Gyeonggi-Do<GPE>; Korea<GPE>"
7440,"Southwest Texas State University, San Marcos, Texas",Southwest Texas State University; San Marcos; Texas,Southwest Texas State University<ORG>; San Marcos<GPE>; Texas<GPE>
1561,"Spatial Technologies, Oracle Corporation, Nashua, New Hampshire",Spatial Technologies; Oracle Corporation; Nashua; New Hampshire,Spatial Technologies<ORG>; Oracle Corporation<ORG>; Nashua<GPE>; New Hampshire<GPE>
542,Stanford,Stanford,Stanford<ORG>
7579,"Stanford Univ., Stanford, CA",Stanford Univ; Stanford; CA,Stanford Univ<ORG>; Stanford<ORG>; CA<GPE>
113,Stanford University,Stanford University,Stanford University<ORG>
844,Stanford University InfoLab,Stanford University,Stanford University<ORG>
1859,"Stanford University, Computer Science Department, Stanford, CA",Stanford University; Computer Science Department; Stanford; CA,Stanford University<ORG>; Computer Science Department<ORG>; Stanford<GPE>; CA<GPE>
1508,"Stanford University, Palo Alto",Stanford University; Palo Alto,Stanford University<ORG>; Palo Alto<GPE>
1591,"Stanford University, Palo Alto, CA",Stanford University; Palo Alto; CA,Stanford University<ORG>; Palo Alto<GPE>; CA<GPE>
8645,"Stanford University, Palo Alto, USA",Stanford University; Palo Alto; USA,Stanford University<ORG>; Palo Alto<GPE>; USA<GPE>
1872,"Stanford University, Stanford",Stanford University,Stanford University<ORG>
144,"Stanford University, Stanford, CA",Stanford University; Stanford; CA,Stanford University<ORG>; Stanford<GPE>; CA<GPE>
7673,"Stanford University, Stanford, CA 94305, USA; e-mail: rada&commat;cs.stanford.edu",Stanford University; Stanford; CA; USA,Stanford University<ORG>; Stanford<GPE>; CA<GPE>; USA<GPE>
5772,"Stanford University, Stanford, CA, USA",Stanford University; Stanford; CA; USA,Stanford University<ORG>; Stanford<GPE>; CA<GPE>; USA<GPE>
1182,"Stanford University, Stanford, California",Stanford University; Stanford; California,Stanford University<ORG>; Stanford<ORG>; California<GPE>
6233,"Stanford University, Stanford, California, USA",Stanford University; Stanford; California; USA,Stanford University<ORG>; Stanford<GPE>; California<GPE>; USA<GPE>
6423,"Stanford University, Stanford, USA",Stanford University; Stanford; USA,Stanford University<ORG>; Stanford<GPE>; USA<GPE>
8082,"Stanford University, USA",Stanford University; USA,Stanford University<ORG>; USA<GPE>
2054,"Stata Labs, Inc.","Stata Labs, Inc.","Stata Labs, Inc.<ORG>"
2053,"Stata Labs, Inc., UC Santa Cruz","Stata Labs, Inc.; UC Santa Cruz","Stata Labs, Inc.<ORG>; UC Santa Cruz<ORG>"
1686,State University of New York at Buffalo,State University of New York at Buffalo,State University of New York at Buffalo<ORG>
2382,State University of New York at Stony Brook,State University of New York at Stony Brook,State University of New York at Stony Brook<ORG>
2061,"State University of New York, at Buffalo",State University of New York,State University of New York<ORG>
8383,"Statistics Group, Rovira i Virgili University of Tarragona, Catalonia",Statistics Group; Rovira i Virgili University of Tarragona; Catalonia,Statistics Group<ORG>; Rovira i Virgili University of Tarragona<ORG>; Catalonia<GPE>
6873,Steven Institute of Technology,Steven Institute of Technology,Steven Institute of Technology<ORG>
1082,Stevens Institute of Technology,Stevens Institute of Technology,Stevens Institute of Technology<ORG>
7711,"Stevens Institute of Technology, Castle Point on Hudson, Hoboken, NJ 07030, USA; e-mail: scho@puma.mt.att.com",Stevens Institute of Technology; Castle Point; Hoboken; NJ; 07030; USA,Stevens Institute of Technology<ORG>; Castle Point<GPE>; Hoboken<GPE>; NJ<GPE>; 07030<CARDINAL>; USA<GPE>
1129,Stony Brook University,Stony Brook University,Stony Brook University<ORG>
183,"Stony Brook University, Stony Brook, NY",Stony Brook University; Stony Brook; NY,Stony Brook University<ORG>; Stony Brook<GPE>; NY<GPE>
9180,Sun Yat-Sen University,Sun Yat-Sen University,Sun Yat-Sen University<ORG>
3089,SUNY at Binghamton,SUNY at; Binghamton,SUNY at<ORG>; Binghamton<GPE>
458,"SUNY at Binghamton, Binghamton, NY",SUNY; Binghamton; NY,SUNY<ORG>; Binghamton<GPE>; NY<GPE>
4822,SUNY Buffalo,SUNY Buffalo,SUNY Buffalo<ORG>
5488,"SUNY Buffalo, Buffalo, NY",SUNY; Buffalo; NY,SUNY<ORG>; Buffalo<GPE>; NY<GPE>
6161,"SUNY Buffalo, Buffalo, NY, USA",SUNY; Buffalo; NY; USA,SUNY<ORG>; Buffalo<GPE>; NY<GPE>; USA<GPE>
3662,Surromed Inc,Surromed Inc,Surromed Inc<ORG>
3451,"Surromed, Palo Alto, CA, USA",Surromed; Palo Alto; CA; USA,Surromed<ORG>; Palo Alto<GPE>; CA<GPE>; USA<GPE>
7865,"Swiss Federal Institute of Technology (ETH) Zurich, Institute of Information Systems, ETH Zentrum, 8092 Zurich, Switzerland; E-mail: tuerker@inf.ethz.ch",Swiss Federal Institute of Technology; ETH; Zurich; Institute of Information Systems; ETH Zentrum; 8092 Zurich; Switzerland,Swiss Federal Institute of Technology<ORG>; ETH<ORG>; Zurich<GPE>; Institute of Information Systems<ORG>; ETH Zentrum<ORG>; 8092 Zurich<GPE>; Switzerland<GPE>
7632,"Swiss Federal Institute of Technology (ETH), Zürich, Switzerland",Swiss Federal Institute of Technology; ETH; Zürich; Switzerland,Swiss Federal Institute of Technology<ORG>; ETH<ORG>; Zürich<GPE>; Switzerland<GPE>
7908,"Swiss Federal Institute of Technology (ETHZ), Zürich, Switzerland",Swiss Federal Institute of Technology; ETHZ; Zürich; Switzerland,Swiss Federal Institute of Technology<ORG>; ETHZ<ORG>; Zürich<GPE>; Switzerland<GPE>
7585,"Swiss Federal Institute of Technology,  Zürich, Switzerland",Swiss Federal Institute of Technology; Zürich; Switzerland,Swiss Federal Institute of Technology<ORG>; Zürich<GPE>; Switzerland<GPE>
1146,"Swiss Federal Institute of Technology, ETH Zentrum, Zurich, Switzerland",Swiss Federal Institute of Technology; ETH Zentrum; Zurich; Switzerland,Swiss Federal Institute of Technology<ORG>; ETH Zentrum<ORG>; Zurich<GPE>; Switzerland<GPE>
1148,"Swiss Federal Institute of Technology, ETH Zentrum, Zurich, SwitzerlandSwiss Federal Institute of Technology, ETH Zentrum, Zurich, Switzerland",Swiss Federal Institute of Technology; ETH Zentrum; Zurich; SwitzerlandSwiss Federal Institute of Technology; Switzerland,Swiss Federal Institute of Technology<ORG>; ETH Zentrum<ORG>; Zurich<GPE>; SwitzerlandSwiss Federal Institute of Technology<ORG>; Switzerland<GPE>
3891,Sybase France,Sybase,Sybase<ORG>
6302,"Sybase, Inc., Paris, France","Sybase, Inc.; Paris; France","Sybase, Inc.<ORG>; Paris<GPE>; France<GPE>"
4372,"Syracuse University, Syracuse, NY",Syracuse University; Syracuse; NY,Syracuse University<ORG>; Syracuse<GPE>; NY<GPE>
5664,"Syracuse University, Syracuse, NY, USA",Syracuse University; Syracuse; NY; USA,Syracuse University<ORG>; Syracuse<GPE>; NY<GPE>; USA<GPE>
1336,T. J. Watson Resch. Ctr.,T. J. Watson Resch.,T. J. Watson Resch.<ORG>
50,"T. J. Watson Research Center, IBM",T. J. Watson Research Center; IBM,T. J. Watson Research Center<ORG>; IBM<ORG>
3846,Tavant,Tavant,Tavant<PERSON>
7630,Tavant Technologies,Tavant Technologies,Tavant Technologies<ORG>
1092,"TCS Lab for Internet Research, Department of Computer Science and Engineering, Indian Institute of Technology Bombay, Mumbai, India",TCS Lab for Internet Research; Department of Computer Science and Engineering; Indian Institute of Technology; Bombay; Mumbai; India,TCS Lab for Internet Research<ORG>; Department of Computer Science and Engineering<ORG>; Indian Institute of Technology<ORG>; Bombay<GPE>; Mumbai<GPE>; India<GPE>
1330,"TCS Lab for Internet Research, Dept of Comp Science and Engg, Indian Institute of Technology Bombay, Mumbai, India",TCS Lab for Internet Research; Dept of Comp Science and Engg; Indian Institute of Technology; Bombay; Mumbai; India,TCS Lab for Internet Research<ORG>; Dept of Comp Science and Engg<ORG>; Indian Institute of Technology<ORG>; Bombay<GPE>; Mumbai<GPE>; India<GPE>
3143,Technical University of Crete,Technical University of Crete,Technical University of Crete<ORG>
9349,"Technical University of Crete, Chania, Greece",Technical University of Crete; Chania; Greece,Technical University of Crete<ORG>; Chania<GPE>; Greece<GPE>
4301,"Technical University of Crete, Crete, Greece",Technical University of Crete; Crete; Greece,Technical University of Crete<ORG>; Crete<GPE>; Greece<GPE>
6231,"Technical University of Dortmund, Dortmund, Germany",Technical University of Dortmund; Dortmund; Germany,Technical University of Dortmund<ORG>; Dortmund<GPE>; Germany<GPE>
5599,"Technical University of Munich, Munich, Germany",Technical University of Munich; Munich; Germany,Technical University of Munich<ORG>; Munich<GPE>; Germany<GPE>
3751,Technical University of Wien,Technical University of Wien,Technical University of Wien<ORG>
4835,Technion,Technion,Technion<ORG>
425,"Technion - IIT, Haifa, Israel",Technion; IIT; Haifa; Israel,Technion<ORG>; IIT<ORG>; Haifa<GPE>; Israel<GPE>
8131,"Technion - Israel Institute of Technology, Israel",Technion; Israel Institute of Technology; Israel,Technion<ORG>; Israel Institute of Technology<ORG>; Israel<GPE>
8323,"Technion---Israel Institute of Technology, Haifa, Israel",Technion; Israel Institute of Technology; Haifa; Israel,Technion<ORG>; Israel Institute of Technology<ORG>; Haifa<GPE>; Israel<GPE>
2685,"Technion---Israel Institute of Technology, Technion City, Haifa, Israel",Technion; Israel Institute of Technology; Technion City; Haifa; Israel,Technion<ORG>; Israel Institute of Technology<ORG>; Technion City<GPE>; Haifa<GPE>; Israel<GPE>
718,"Technion, Haifa, Israel",Technion; Haifa; Israel,Technion<ORG>; Haifa<GPE>; Israel<GPE>
679,"Technische Universität Dresden, Dresden, Germany",Technische Universität; Dresden; Germany,Technische Universität<ORG>; Dresden<GPE>; Germany<GPE>
8649,"Technische Universität Dresden, Dresden, Germany 01062",Technische Universität; Dresden; Germany,Technische Universität<ORG>; Dresden<GPE>; Germany<GPE>
6280,"Technische Universität München, Garching, Germany",Technische Universität; München; Garching; Germany,Technische Universität<ORG>; München<GPE>; Garching<GPE>; Germany<GPE>
467,"Technische Universität München, Germany",Technische Universität; München; Germany,Technische Universität<ORG>; München<GPE>; Germany<GPE>
7823,"Technische Universität München, Institut für Informatik, 81667 München, Germany; E-mail: kossmann@in.tum.de",Technische Universität München; Institut für Informatik; 81667 München; Germany,Technische Universität München<ORG>; Institut für Informatik<ORG>; 81667 München<GPE>; Germany<GPE>
397,"Technische Universität München, Munich, Germany",Technische Universität; München; Munich; Germany,Technische Universität<ORG>; München<GPE>; Munich<GPE>; Germany<GPE>
1762,"Technische Universität Wien, Vienna, Austria",Technische Universität Wien; Vienna; Austria,Technische Universität Wien<ORG>; Vienna<GPE>; Austria<GPE>
7617,"Technische Universität Wien, Wien, Austria",Technische Universität Wien; Wien; Austria,Technische Universität Wien<ORG>; Wien<GPE>; Austria<GPE>
394,Tel Aviv University,Tel Aviv University,Tel Aviv University<ORG>
2688,"Tel Aviv University, Israel",Tel Aviv University; Israel,Tel Aviv University<ORG>; Israel<GPE>
3119,"Tel Aviv University, Tel Aviv, Israel",Tel Aviv University; Tel Aviv; Israel,Tel Aviv University<ORG>; Tel Aviv<GPE>; Israel<GPE>
7397,Tel-Aviv University,Tel-Aviv University,Tel-Aviv University<ORG>
8830,"Tel-Aviv University, Tel-Aviv, Israel",Tel-Aviv University; Tel-Aviv; Israel,Tel-Aviv University<ORG>; Tel-Aviv<GPE>; Israel<GPE>
3632,Telcordia Technologies,Telcordia Technologies,Telcordia Technologies<ORG>
6628,"Telcordia Technologies, Morristown, NJ",Telcordia Technologies; Morristown; NJ,Telcordia Technologies<ORG>; Morristown<GPE>; NJ<GPE>
3526,"Telcordia, Morristown, NJ, USA",Telcordia; Morristown; NJ; USA,Telcordia<ORG>; Morristown<GPE>; NJ<GPE>; USA<GPE>
3071,Telecom ParisTech,Telecom ParisTech,Telecom ParisTech<ORG>
3265,Teradata,Terada,Terada<ORG>
6296,"Teradata Corporation, Elsegundo, CA, USA",Teradata Corporation; Elsegundo; CA; USA,Teradata Corporation<ORG>; Elsegundo<GPE>; CA<GPE>; USA<GPE>
8889,"Teradata Division, NCR Corporation, Los Angeles, USA 90245",Teradata Division; NCR Corporation; Los Angeles; USA; 90245,Teradata Division<ORG>; NCR Corporation<ORG>; Los Angeles<GPE>; USA<GPE>; 90245<CARDINAL>
9562,"Teradata, El Segundo, CA",Teradata; El Segundo; CA,Teradata<ORG>; El Segundo<GPE>; CA<GPE>
6299,"Teradata, Elsegundo, CA, USA",Teradata; Elsegundo; CA; USA,Teradata<ORG>; Elsegundo<GPE>; CA<GPE>; USA<GPE>
4231,"Teradata, NCR, San Diego, CA",Teradata; NCR; San Diego; CA,Teradata<ORG>; NCR<ORG>; San Diego<GPE>; CA<GPE>
9561,"Teradata, San Diego, CA",Teradata; San Diego; CA,Teradata<ORG>; San Diego<GPE>; CA<GPE>
5823,"Teradata, San Diego, CA, USA",Teradata; San Diego; CA; USA,Teradata<ORG>; San Diego<GPE>; CA<GPE>; USA<GPE>
5068,Texas State University,Texas State University,Texas State University<ORG>
6123,"Texas State University-San Marcos, San Marcos, TX, USA",Texas State University; San Marcos; TX; USA,Texas State University<ORG>; San Marcos<GPE>; TX<GPE>; USA<GPE>
1239,"The Boeing Company, Seattle, WA",The Boeing Company; Seattle; WA,The Boeing Company<ORG>; Seattle<GPE>; WA<GPE>
70,The Chinese University of Hong Kong,The Chinese University of Hong Kong,The Chinese University of Hong Kong<ORG>
2461,"The Chinese University of Hong Kong, China","The Chinese University of Hong Kong, China","The Chinese University of Hong Kong, China<ORG>"
2363,"The Chinese University of Hong Kong, Hong Kong",The Chinese University of Hong Kong; Hong Kong,The Chinese University of Hong Kong<ORG>; Hong Kong<GPE>
48,"The Chinese University of Hong Kong, Hong Kong, China",The Chinese University of Hong Kong; Hong Kong; China,The Chinese University of Hong Kong<ORG>; Hong Kong<GPE>; China<GPE>
9231,"The Chinese University of Hong Kong, New Territories, Hong Kong",The Chinese University of Hong Kong; New Territories; Hong Kong,The Chinese University of Hong Kong<ORG>; New Territories<GPE>; Hong Kong<GPE>
195,"The Chinese University of Hong Kong, Shatin, Hong Kong",The Chinese University of Hong Kong; Shatin; Hong Kong,The Chinese University of Hong Kong<ORG>; Shatin<GPE>; Hong Kong<GPE>
9376,"The Chinese University of Hong Kong, Shatin, Hong Kong, China",The Chinese University of Hong Kong; Shatin; Hong Kong; China,The Chinese University of Hong Kong<ORG>; Shatin<GPE>; Hong Kong<GPE>; China<GPE>
8435,"The College of William and Mary, USA",The College of William and Mary; USA,The College of William and Mary<ORG>; USA<GPE>
64,"The College of William and Mary, Williamsburg, VA",The College of William and Mary; Williamsburg; VA,The College of William and Mary<ORG>; Williamsburg<GPE>; VA<GPE>
599,The Hebrew University,The Hebrew University,The Hebrew University<ORG>
2203,"The Hebrew University of Jerusalem, Edmond J. Safra Campus Jerusalem, Israel",The Hebrew University of Jerusalem; Edmond J. Safra Campus; Jerusalem; Israel,The Hebrew University of Jerusalem<ORG>; Edmond J. Safra Campus<ORG>; Jerusalem<GPE>; Israel<GPE>
5729,"The Hebrew University of Jerusalem, Jerusalem, Israel",The Hebrew University of Jerusalem; Jerusalem; Israel,The Hebrew University of Jerusalem<ORG>; Jerusalem<GPE>; Israel<GPE>
721,"The Hebrew University, Jerusalem, Israel",The Hebrew University; Jerusalem; Israel,The Hebrew University<ORG>; Jerusalem<GPE>; Israel<GPE>
2228,The Hong Kong Polytechnic University,The Hong Kong Polytechnic University,The Hong Kong Polytechnic University<ORG>
5709,"The Hong Kong Polytechnic University, Hong Kong, Hong Kong",The Hong Kong Polytechnic University; Hong Kong,The Hong Kong Polytechnic University<ORG>; Hong Kong<GPE>
6,"The Hong Kong Polytechnic University, Hung Hom, Kowloon, Hong Kong",The Hong Kong Polytechnic University; Hung Hom; Kowloon; Hong Kong,The Hong Kong Polytechnic University<ORG>; Hung Hom<GPE>; Kowloon<GPE>; Hong Kong<GPE>
9175,The Hong Kong University of Science and Technology,The Hong Kong University of Science and Technology,The Hong Kong University of Science and Technology<ORG>
9232,"The Hong Kong University of Science and Technology, Clear Water Bay, Hong Kong",The Hong Kong University of Science and Technology; Clear Water Bay; Hong Kong,The Hong Kong University of Science and Technology<ORG>; Clear Water Bay<LOC>; Hong Kong<GPE>
7623,"The Hong Kong University of Science and Technology, Clearwater Bay, Hong Kong",The Hong Kong University of Science and Technology; Clearwater Bay; Hong Kong,The Hong Kong University of Science and Technology<ORG>; Clearwater Bay<GPE>; Hong Kong<GPE>
9276,"The Hong Kong University of Science and Technology, Hong Kong",The Hong Kong University of Science and Technology; Hong Kong,The Hong Kong University of Science and Technology<ORG>; Hong Kong<GPE>
51,"The Hong Kong University of Science and Technology, Hong Kong, China",The Hong Kong University of Science and Technology; Hong Kong; China,The Hong Kong University of Science and Technology<ORG>; Hong Kong<GPE>; China<GPE>
5566,"The Hong Kong University of Science and Technology, Hong Kong, Hong Kong",The Hong Kong University of Science and Technology; Hong Kong,The Hong Kong University of Science and Technology<ORG>; Hong Kong<GPE>
8774,"The Hong Kong University of Science and Technology, Kowloon, Hong Kong",The Hong Kong University of Science and Technology; Kowloon; Hong Kong,The Hong Kong University of Science and Technology<ORG>; Kowloon<GPE>; Hong Kong<GPE>
7153,The Johns Hopkins University,The Johns Hopkins University,The Johns Hopkins University<ORG>
299,The MITRE Corporation,The MITRE Corporation,The MITRE Corporation<ORG>
8314,"The MITRE Corporation, McLean, VA",The MITRE Corporation; McLean; VA,The MITRE Corporation<ORG>; McLean<GPE>; VA<GPE>
6174,"The MITRE Corporation, McLean, VA, USA",The MITRE Corporation; McLean; VA; USA,The MITRE Corporation<ORG>; McLean<GPE>; VA<GPE>; USA<GPE>
1452,"The MITRE Corporation, McLean, Virginia",The MITRE Corporation; McLean; Virginia,The MITRE Corporation<ORG>; McLean<GPE>; Virginia<GPE>
1450,"The MITRE Corporation, McLean, Virginia and Computer Science Department, Center for Automation Research and Institute for Advanced Computer Studies, University of Maryland at College Park",The MITRE Corporation; McLean; Virginia; Computer Science Department; Center for Automation Research; Institute for Advanced Computer Studies; University of Maryland,The MITRE Corporation<ORG>; McLean<GPE>; Virginia<GPE>; Computer Science Department<ORG>; Center for Automation Research<ORG>; Institute for Advanced Computer Studies<ORG>; University of Maryland<ORG>
1936,"The MITRE Corporation, McLean, Virginia and Computer Science Department, Center for Automation Research, and Institute for Advanced Computer Studies, University of Maryland at College Park",The MITRE Corporation; McLean; Virginia; Computer Science Department; Center for Automation Research; Institute for Advanced Computer Studies; University of Maryland at College Park,The MITRE Corporation<ORG>; McLean<GPE>; Virginia<GPE>; Computer Science Department<ORG>; Center for Automation Research<ORG>; Institute for Advanced Computer Studies<ORG>; University of Maryland at College Park<ORG>
8421,"The MITRE Corporation, USA",The MITRE Corporation; USA,The MITRE Corporation<ORG>; USA<GPE>
746,The Ohio State University,The Ohio State University,The Ohio State University<ORG>
173,"The Ohio State University, Columbus, OH",The Ohio State University; Columbus; OH,The Ohio State University<ORG>; Columbus<GPE>; OH<GPE>
5661,"The Ohio State University, Columbus, OH, USA",The Ohio State University; Columbus; OH; USA,The Ohio State University<ORG>; Columbus<GPE>; OH<GPE>; USA<GPE>
6178,"The Ohio State University, Columbus, USA",The Ohio State University; Columbus; USA,The Ohio State University<ORG>; Columbus<GPE>; USA<GPE>
8350,"The Penn State University, USA",The Penn State University; USA,The Penn State University<ORG>; USA<GPE>
6070,"The Pennsylvania State University, University Park, PA, USA",The Pennsylvania State University; University Park; PA; USA,The Pennsylvania State University<ORG>; University Park<GPE>; PA<GPE>; USA<GPE>
9387,"The Selim and Rachel Benin School of Engineering and Computer Science, The Hebrew University of Jerusalem, Jerusalem, Israel 91094",Rachel Benin; The Hebrew University of Jerusalem; Jerusalem; Israel,Rachel Benin<PERSON>; The Hebrew University of Jerusalem<ORG>; Jerusalem<GPE>; Israel<GPE>
1932,"The Selim and Rachel Benin School of Engineering and Computer Science, The Hebrew University, Jerusalem",Rachel Benin; The Hebrew University; Jerusalem,Rachel Benin<PERSON>; The Hebrew University<ORG>; Jerusalem<GPE>
3446,"The TimesTen Team, Mountain View, CA, USA",TimesTen; Mountain View; CA; USA,TimesTen<ORG>; Mountain View<GPE>; CA<GPE>; USA<GPE>
7628,The University of British Columbia,The University of British Columbia,The University of British Columbia<ORG>
7967,"The University of British Columbia, Vancouver, BC, Canada",The University of British Columbia; Vancouver; BC; Canada,The University of British Columbia<ORG>; Vancouver<GPE>; BC<GPE>; Canada<GPE>
2226,The University of Hong Kong,The University of Hong Kong,The University of Hong Kong<ORG>
7,"The University of Hong Kong, Hong Kong",The University of Hong Kong; Hong Kong,The University of Hong Kong<ORG>; Hong Kong<GPE>
5710,"The University of Hong Kong, Hong Kong, Hong Kong",The University of Hong Kong; Hong Kong,The University of Hong Kong<ORG>; Hong Kong<GPE>
8313,"The University of Maryland at College Park, College Park, MD",The University of Maryland at College Park; College Park; MD,The University of Maryland at College Park<ORG>; College Park<GPE>; MD<GPE>
8312,"The University of Maryland at College Park/The MITRE Corporation, McLean, VA",The University of Maryland at College Park; The MITRE Corporation; McLean; VA,The University of Maryland at College Park<ORG>; The MITRE Corporation<ORG>; McLean<GPE>; VA<GPE>
5715,"The University of Melbourne, Melbourne, Australia",The University of Melbourne; Melbourne; Australia,The University of Melbourne<ORG>; Melbourne<GPE>; Australia<GPE>
8788,"The University of Melbourne, Victoria, Australia",The University of Melbourne; Victoria; Australia,The University of Melbourne<ORG>; Victoria<GPE>; Australia<GPE>
8309,"The University of Michigan---Dearborn, Dearborn, MI",The University of Michigan; Dearborn; MI,The University of Michigan<ORG>; Dearborn<GPE>; MI<GPE>
66,The University of New South Wales,The University of New South Wales,The University of New South Wales<ORG>
3310,"The University of New South Wales, Australia",The University of New South Wales; Australia,The University of New South Wales<ORG>; Australia<GPE>
2840,"The University of New South Wales, Sydney, Australia",The University of New South Wales; Sydney; Australia,The University of New South Wales<ORG>; Sydney<GPE>; Australia<GPE>
7439,"The University of New South Wales, Sydney, NSW, Australia",The University of New South Wales; Sydney; NSW; Australia,The University of New South Wales<ORG>; Sydney<GPE>; NSW<GPE>; Australia<GPE>
2676,The University of Queensland,The University of Queensland,The University of Queensland<ORG>
8465,"The University of Queensland, Australia",The University of Queensland; Australia,The University of Queensland<ORG>; Australia<GPE>
4573,"The University of Queensland, Brisbane, Australia",The University of Queensland; Brisbane; Australia,The University of Queensland<ORG>; Brisbane<GPE>; Australia<GPE>
9191,"The University of Queensland, National ICT Australia (NICTA), Brisbane",The University of Queensland; National ICT Australia; NICTA; Brisbane,The University of Queensland<ORG>; National ICT Australia<ORG>; NICTA<ORG>; Brisbane<GPE>
7591,The University of Texas at Arlington,The University of Texas at Arlington,The University of Texas at Arlington<ORG>
4041,"The University of Texas at Arlington, Arlington, TX",The University of Texas at Arlington; Arlington; TX,The University of Texas at Arlington<ORG>; Arlington<GPE>; TX<GPE>
6649,"The University of Texas at Arlington, CSE, 416 Yates Street, P.O.Box 19015, Arlington, TX",The University of Texas at Arlington; CSE; 19015; Arlington; TX,The University of Texas at Arlington<ORG>; CSE<ORG>; 19015<CARDINAL>; Arlington<GPE>; TX<GPE>
4279,"The University of Texas at Dallas, Richardson, TX",The University of Texas at Dallas; Richardson; TX,The University of Texas at Dallas<ORG>; Richardson<GPE>; TX<GPE>
3291,The University of Tokyo,The University of Tokyo,The University of Tokyo<ORG>
9258,"Thomas J. Watson Center, IBM Research, Hawthorne, USA 10532",Thomas J. Watson Center; IBM Research; Hawthorne; USA; 10532,Thomas J. Watson Center<ORG>; IBM Research<ORG>; Hawthorne<GPE>; USA<GPE>; 10532<CARDINAL>
2302,"Thomas J. Watson Research Center, IBM Research, Hawthorne, NY",Thomas J. Watson Research Center; IBM Research; Hawthorne; NY,Thomas J. Watson Research Center<ORG>; IBM Research<ORG>; Hawthorne<GPE>; NY<GPE>
7165,"TimesTen Performance Software, Mountain View, CA",TimesTen Performance Software; Mountain View; CA,TimesTen Performance Software<ORG>; Mountain View<GPE>; CA<GPE>
1138,"TransAction Software GmbH Gustav-Heinemann-Ring, München, Germany",TransAction Software GmbH; Gustav-Heinemann-Ring; München; Germany,TransAction Software GmbH<ORG>; Gustav-Heinemann-Ring<FAC>; München<GPE>; Germany<GPE>
3536,TransAction Software GmbH Munich,TransAction Software GmbH; Munich,TransAction Software GmbH<ORG>; Munich<GPE>
2603,"Tsinghua University, Beijing, China",Tsinghua University; Beijing; China,Tsinghua University<ORG>; Beijing<GPE>; China<GPE>
2895,"Tsinghua University, Beijing, P.R. China",Tsinghua University; Beijing; China,Tsinghua University<ORG>; Beijing<GPE>; China<GPE>
8534,"Tsinghua University, Beijing, PR China",Tsinghua University; Beijing; PR China,Tsinghua University<ORG>; Beijing<GPE>; PR China<GPE>
5034,TU Dresden,TU Dresden,TU Dresden<ORG>
4067,"TU Eindhoven, Eindhoven, The Netherlands",Eindhoven; The Netherlands,Eindhoven<GPE>; The Netherlands<GPE>
2939,"TU Ilmenau, Germany",Ilmenau; Germany,Ilmenau<GPE>; Germany<GPE>
7229,TU München,TU München,TU München<GPE>
2529,"TU München, Garching, Germany",München; Garching; Germany,München<GPE>; Garching<GPE>; Germany<GPE>
9017,"TU München, Munich, Germany",München; Munich; Germany,München<GPE>; Munich<GPE>; Germany<GPE>
7230,"TU München, XQRL, Inc.","TU München; XQRL, Inc.","TU München<ORG>; XQRL, Inc.<ORG>"
3469,TUM,T,T<ORG>
1875,U of Pennsylvania,U of Pennsylvania,U of Pennsylvania<ORG>
9603,U. C. Berkeley,U. C. Berkeley,U. C. Berkeley<ORG>
4550,"U. C. Berkeley, Berkeley, CA",U. C. Berkeley; Berkeley; CA,U. C. Berkeley<ORG>; Berkeley<GPE>; CA<GPE>
3067,U. C. Santa Cruz,U. C. Santa Cruz,U. C. Santa Cruz<ORG>
4045,"U. di Roma """"La Sapienza""""",U. di Roma; La Sapienza,U. di Roma<GPE>; La Sapienza<WORK_OF_ART>
1155,U. of British Columbia,U. of British Columbia,U. of British Columbia<GPE>
1157,U. of Illinois,U. of Illinois,U. of Illinois<ORG>
4043,U. of Michigan,U. of Michigan,U. of Michigan<ORG>
4866,U. of Texas at Arlington,U. of Texas; Arlington,U. of Texas<ORG>; Arlington<GPE>
5132,"U. of Torino, Torino, Italy",U. of Torino; Torino; Italy,U. of Torino<ORG>; Torino<GPE>; Italy<GPE>
4198,U.C. Berkeley,U.C. Berkeley,U.C. Berkeley<ORG>
752,U.C. Berkeley Department of Electrical Engineering and Computer Science,U.C. Berkeley; Department of Electrical Engineering and Computer Science,U.C. Berkeley<ORG>; Department of Electrical Engineering and Computer Science<ORG>
663,"U.C. Berkeley, EECS Dept., Berkeley, CA",U.C. Berkeley; EECS Dept; .; Berkeley; CA,U.C. Berkeley<ORG>; EECS Dept<ORG>; .<ORG>; Berkeley<GPE>; CA<GPE>
4199,"U.C. Berkeley, Intel Research, Berkeley",U.C. Berkeley; Intel Research; Berkeley,U.C. Berkeley<ORG>; Intel Research<ORG>; Berkeley<GPE>
9450,"U.C. San Diego, La Jolla, CA",U.C.; San Diego; La Jolla; CA,U.C.<GPE>; San Diego<GPE>; La Jolla<GPE>; CA<GPE>
6609,"U.Paris XI, LRI, 91405 Orsay, France",U.Paris XI; LRI; 91405; Orsay; France,U.Paris XI<ORG>; LRI<GPE>; 91405<CARDINAL>; Orsay<GPE>; France<GPE>
547,UC Berkeley,UC Berkeley,UC Berkeley<ORG>
7173,"UC Berkeley, Berkeley, CA",UC Berkeley; Berkeley; CA,UC Berkeley<ORG>; Berkeley<GPE>; CA<GPE>
5769,"UC Berkeley, Berkeley, CA, USA",UC Berkeley; Berkeley; CA; USA,UC Berkeley<ORG>; Berkeley<GPE>; CA<GPE>; USA<GPE>
8667,"UC Berkeley, Berkeley, USA",UC Berkeley; Berkeley; USA,UC Berkeley<ORG>; Berkeley<GPE>; USA<GPE>
7458,"UC Berkeley, CS Division",UC Berkeley; CS Division,UC Berkeley<ORG>; CS Division<ORG>
1867,"UC Berkeley, EECS Dept. Berkeley, CA",UC Berkeley; EECS Dept; Berkeley; CA,UC Berkeley<ORG>; EECS Dept<ORG>; Berkeley<GPE>; CA<GPE>
4832,UC Davis,UC Davis,UC Davis<ORG>
554,UC Riverside,UC Riverside,UC Riverside<ORG>
2835,UC San Diego,UC San Diego,UC San Diego<ORG>
2901,"UC San Diego, CA",UC; San Diego; CA,UC<GPE>; San Diego<GPE>; CA<GPE>
5093,"UC San Diego, La Jolla, CA",UC; San Diego; La Jolla; CA,UC<GPE>; San Diego<GPE>; La Jolla<GPE>; CA<GPE>
528,UC Santa Cruz,UC Santa Cruz,UC Santa Cruz<ORG>
9658,"UC Santa Cruz, Santa Cruz, CA",UC Santa Cruz; Santa Cruz; CA,UC Santa Cruz<ORG>; Santa Cruz<GPE>; CA<GPE>
5766,"UC Santa Cruz, Santa Cruz, USA",UC Santa Cruz; Santa Cruz; USA,UC Santa Cruz<ORG>; Santa Cruz<GPE>; USA<GPE>
1816,"UC, Berkeley",UC,UC<ORG>
1360,"UC, San Diego",UC; San Diego,UC<ORG>; San Diego<GPE>
234,UCLA,UCLA,UCLA<ORG>
4335,"UCLA Anderson School, Los Angeles, CA",UCLA Anderson School; Los Angeles; CA,UCLA Anderson School<ORG>; Los Angeles<GPE>; CA<GPE>
4524,UCLA Computer Science,UCLA Computer Science,UCLA Computer Science<ORG>
1090,"UCLA Computer Science Department, Los Angeles, CA",UCLA Computer Science Department; Los Angeles; CA,UCLA Computer Science Department<ORG>; Los Angeles<GPE>; CA<GPE>
8027,"UCLA Computer Science Department, Los Angeles, California, CA",UCLA Computer Science Department; Los Angeles; California; CA,UCLA Computer Science Department<ORG>; Los Angeles<GPE>; California<GPE>; CA<GPE>
5394,"UCLA, Los Angeles, CA","UCLA; Los Angeles, CA","UCLA<ORG>; Los Angeles, CA<GPE>"
6333,"UCLA, Los Angeles, CA, USA",UCLA; Los Angeles; CA; USA,UCLA<ORG>; Los Angeles<GPE>; CA<GPE>; USA<GPE>
2223,UCSD,UCSD,UCSD<ORG>
5635,"UCSD, San Diego, CA, USA",UCSD; San Diego; CA; USA,UCSD<ORG>; San Diego<GPE>; CA<GPE>; USA<GPE>
625,UIUC,UIUC,UIUC<PERSON>
5521,"UIUC, Urbana, IL",UIUC; Urbana; IL,UIUC<ORG>; Urbana<GPE>; IL<GPE>
3567,UM Ann Arbor,UM; Ann Arbor,UM<ORG>; Ann Arbor<GPE>
4871,UMass Amherst,UMass Amherst,UMass Amherst<GPE>
156,"UMass Boston, Boston, MA",UMass; Boston; MA,UMass<ORG>; Boston<GPE>; MA<GPE>
6750,"UMass/Boston, Dept. of CS, UMass/Boston, Boston, MA",UMass; Dept. of CS; UMass/Boston; Boston; MA,UMass<ORG>; Dept. of CS<ORG>; UMass/Boston<ORG>; Boston<GPE>; MA<GPE>
4843,UNC Chapel Hill,UNC; Chapel Hill,UNC<ORG>; Chapel Hill<GPE>
6745,"Univ British Columbia, 2366 Main Mall, UBC, Vancouver, BC",Univ; British Columbia; UBC; Vancouver; BC,Univ<ORG>; British Columbia<GPE>; UBC<GPE>; Vancouver<GPE>; BC<GPE>
1293,"Univ. California, Berkeley",Univ. California; Berkeley,Univ. California<ORG>; Berkeley<GPE>
7587,"Univ. degli Studi di Torino, Torino, Italy",Univ. degli Studi di Torino; Torino; Italy,Univ. degli Studi di Torino<ORG>; Torino<GPE>; Italy<GPE>
7614,"Univ. di Milano, Milan, Italy",Univ. di Milano; Milan; Italy,Univ. di Milano<ORG>; Milan<GPE>; Italy<GPE>
7615,"Univ. di Torino, Torino, Italy",Univ. di Torino; Torino; Italy,Univ. di Torino<ORG>; Torino<GPE>; Italy<GPE>
122,Univ. of British Columbia,Univ. of British Columbia,Univ. of British Columbia<ORG>
7582,"Univ. of British Columbia, Vancouver, B.C., Canada",Univ.; Vancouver; B.C.; Canada,Univ.<ORG>; Vancouver<GPE>; B.C.<GPE>; Canada<GPE>
7606,"Univ. of Buffalo, Buffalo, NY",Univ. of Buffalo; Buffalo; NY,Univ. of Buffalo<ORG>; Buffalo<GPE>; NY<GPE>
4848,"Univ. of California Riverside, Riverside, CA",Univ. of California; Riverside; CA,Univ. of California<ORG>; Riverside<GPE>; CA<GPE>
4810,Univ. of California Santa Cruz,Univ. of California Santa Cruz,Univ. of California Santa Cruz<ORG>
8983,"Univ. of California, Berkeley EECS",Univ. of California; Berkeley,Univ. of California<ORG>; Berkeley<GPE>
7603,"Univ. of California, Berkeley, IBM Almaden Research Center, San Jose, CA",Univ.; Berkeley; IBM Almaden Research Center; San Jose; CA,Univ.<ORG>; Berkeley<GPE>; IBM Almaden Research Center<ORG>; San Jose<GPE>; CA<GPE>
2467,"Univ. of California, Riverside",Univ. of California; Riverside,Univ. of California<ORG>; Riverside<GPE>
7565,"Univ. of California, San Diego La Jolla, CA",Univ. of California; San Diego; La Jolla; CA,Univ. of California<ORG>; San Diego<GPE>; La Jolla<GPE>; CA<GPE>
460,"Univ. of Illinois at Chicago, Chicago, IL",Univ. of Illinois; Chicago; IL,Univ. of Illinois<ORG>; Chicago<GPE>; IL<GPE>
4792,"Univ. of Illinois, Urbana-Champaign",Univ. of Illinois; Urbana,Univ. of Illinois<ORG>; Urbana<GPE>
461,"Univ. of Louisiana at Lafayette, Lafayette, LA",Univ. of Louisiana; Lafayette; LA,Univ. of Louisiana<ORG>; Lafayette<GPE>; LA<GPE>
3343,Univ. of Maryland,Univ. of Maryland,Univ. of Maryland<ORG>
7600,"Univ. of Maryland, College Park",Univ. of Maryland; College Park,Univ. of Maryland<ORG>; College Park<GPE>
7577,"Univ. of Massachusetts, Amherst",Univ. of Massachusetts; Amherst,Univ. of Massachusetts<ORG>; Amherst<GPE>
688,Univ. of Melbourne,Univ. of Melbourne,Univ. of Melbourne<ORG>
300,Univ. of Michigan,Univ. of Michigan,Univ. of Michigan<ORG>
7578,"Univ. of Munich, Munich, Germany",Univ.; Munich; Germany,Univ.<ORG>; Munich<GPE>; Germany<GPE>
7575,"Univ. of Passau, Passau, Germany",Univ. of Passau; Passau; Germany,Univ. of Passau<ORG>; Passau<GPE>; Germany<GPE>
6512,Univ. of Pennsylvania,Univ. of Pennsylvania,Univ. of Pennsylvania<ORG>
4175,"Univ. of Rome, """"La Sapienza""""",Univ. of Rome; La Sapienza,Univ. of Rome<ORG>; La Sapienza<WORK_OF_ART>
3205,Univ. of Texas at Arlington,Univ. of Texas; Arlington,Univ. of Texas<ORG>; Arlington<GPE>
2468,"Univ. of Texas, Arlington",Univ. of Texas; Arlington,Univ. of Texas<ORG>; Arlington<GPE>
7611,"Univ. of Tokyo, Tokyo, Japan",Univ.; Tokyo; Japan,Univ.<ORG>; Tokyo<GPE>; Japan<GPE>
689,Univ. of Toronto,Univ. of Toronto,Univ. of Toronto<ORG>
1022,"Univ. of Washington, Seattle",Univ. of Washington; Seattle,Univ. of Washington<ORG>; Seattle<GPE>
4406,"Univ. of Washington, Seattle, WA",Univ.; Washington; Seattle; WA,Univ.<ORG>; Washington<GPE>; Seattle<GPE>; WA<GPE>
7732,Univ. of Washington; E-mail: alon@cs.washington.edu,Univ.,Univ.<ORG>
7607,"Univ. of Waterloo, Waterloo, Ont. Canada",Univ.; Waterloo; Ont; Canada,Univ.<ORG>; Waterloo<GPE>; Ont<GPE>; Canada<GPE>
7090,Univ. of Wisconsin-Madison,Univ. of Wisconsin-Madison,Univ. of Wisconsin-Madison<ORG>
7180,"Univ. of Wisconsin-Madison, Madison, WI",Univ. of Wisconsin-Madison; Madison; WI,Univ. of Wisconsin-Madison<ORG>; Madison<GPE>; WI<GPE>
1019,"Univ. of Wisconsin, Madison",Univ. of Wisconsin; Madison,Univ. of Wisconsin<ORG>; Madison<GPE>
2256,Univ. Paris Dauphine,Univ.; Paris,Univ.<ORG>; Paris<GPE>
476,Univ. Paris XI,Univ. Paris XI,Univ. Paris XI<FAC>
2862,"Univ. Paris-Sud, France",Univ; Paris-Sud; France,Univ<ORG>; Paris-Sud<GPE>; France<GPE>
4486,Univ. Politecnica de Madrid,Univ. Politecnica de Madrid,Univ. Politecnica de Madrid<ORG>
2259,Univ. Santa Clara,Univ. Santa Clara,Univ. Santa Clara<ORG>
2863,"Univ. Versailles-Saint-Quentin, France",Univ.; Versailles-Saint-Quentin; France,Univ.<ORG>; Versailles-Saint-Quentin<FAC>; France<GPE>
9074,Univ. Wisconsin Madison,Univ.; Wisconsin Madison,Univ.<ORG>; Wisconsin Madison<ORG>
2899,"Univ. Wisconsin, Madison",Univ.; Wisconsin; Madison,Univ.<ORG>; Wisconsin<ORG>; Madison<GPE>
5158,"Univerisity of California, Santa Barbara, CA",Univerisity of California; Santa Barbara; CA,Univerisity of California<ORG>; Santa Barbara<GPE>; CA<GPE>
5066,"Univeristy of New South Wales, Australia",Univeristy of New South Wales; Australia,Univeristy of New South Wales<ORG>; Australia<GPE>
1761,"Universidad de Buenos Aires, Departamento de Computación",Universidad de Buenos Aires; Departamento de Computación,Universidad de Buenos Aires<ORG>; Departamento de Computación<ORG>
9406,"Universidad de Chile, Chile",Universidad de Chile; Chile,Universidad de Chile<ORG>; Chile<GPE>
8261,"Universidad de Chile, Chile, C. P",Universidad de Chile; Chile,Universidad de Chile<ORG>; Chile<GPE>
7906,"Universidad Politécnica de Madrid (UPM), Madrid, Spain",Universidad Politécnica de Madrid; UPM; Madrid; Spain,Universidad Politécnica de Madrid<ORG>; UPM<ORG>; Madrid<GPE>; Spain<GPE>
9288,"Universidad Politécnica de Madrid, Spain",Universidad Politécnica de Madrid; Spain,Universidad Politécnica de Madrid<ORG>; Spain<GPE>
8396,"Universidade Federal do Rio de Janeiro, Rio de Janeiro-RJ, Brazil",Universidade Federal do Rio de Janeiro; Rio de Janeiro-RJ; Brazil,Universidade Federal do Rio de Janeiro<ORG>; Rio de Janeiro-RJ<GPE>; Brazil<GPE>
8398,"Universidade Federal do Rio Grande do Sul, Brazil",Universidade Federal do Rio Grande do Sul; Brazil,Universidade Federal do Rio Grande do Sul<ORG>; Brazil<GPE>
4705,"Università """"La Sapienza"""", Roma, Italy",Roma; Italy,Roma<GPE>; Italy<GPE>
9708,"Università della Basilicata -- Potenza, Italy",Università della Basilicata; Potenza; Italy,Università della Basilicata<ORG>; Potenza<GPE>; Italy<GPE>
7226,"Università della Basilicata, c.da Macchia Romana, 85100 Potenza, Italy",Università della Basilicata; 85100; Potenza; Italy,Università della Basilicata<ORG>; 85100<CARDINAL>; Potenza<GPE>; Italy<GPE>
2128,"Università della Basilicata, Potenza, Italy",Università della Basilicata; Potenza; Italy,Università della Basilicata<ORG>; Potenza<GPE>; Italy<GPE>
4696,"Università della Calabria, Rende, Italy",Università della Calabria; Rende; Italy,Università della Calabria<ORG>; Rende<GPE>; Italy<GPE>
2231,"Università di Milano, Crema - Italy",Università di Milano; Crema; Italy,Università di Milano<ORG>; Crema<GPE>; Italy<GPE>
5634,"Universita di Pisa, Pisa, Italy",Universita di Pisa; Pisa; Italy,Universita di Pisa<ORG>; Pisa<GPE>; Italy<GPE>
184,"Università di Roma """"La Sapienza""""",Università di Roma,Università di Roma<ORG>
622,"Universita di Roma """"La Sapienza"""", Roma, Italy",Universita di Roma; Roma; Italy,Universita di Roma<ORG>; Roma<GPE>; Italy<GPE>
7813,"Università di Roma “La Sapienza”, Dipartimento di Informatica e Sistemistica, Via Salaria 113, 00198 Roma, Italy; E-mail: mecella@dis.uniromA1.it",Università di Roma; Dipartimento di Informatica e Sistemistica; Via Salaria 113; Roma; Italy,Università di Roma<ORG>; Dipartimento di Informatica e Sistemistica<ORG>; Via Salaria 113<FAC>; Roma<GPE>; Italy<GPE>
7597,Universita di Roma Tre,Universita di Roma Tre,Universita di Roma Tre<ORG>
5535,"Università di Torino, Torino, Italy",Università di Torino; Torino; Italy,Università di Torino<ORG>; Torino<GPE>; Italy<GPE>
8961,Università Roma Tre,Università Roma Tre,Università Roma Tre<ORG>
9709,"Università Roma Tre -- Roma, Italy",Università Roma Tre; Roma; Italy,Università Roma Tre<ORG>; Roma<GPE>; Italy<GPE>
2127,"Università Roma Tre, Roma, Italy",Università Roma Tre; Roma; Italy,Università Roma Tre<ORG>; Roma<GPE>; Italy<GPE>
8879,"Università Roma Tre, Rome, Italy",Università Roma Tre; Rome; Italy,Università Roma Tre<ORG>; Rome<GPE>; Italy<GPE>
7225,"Università Roma Tre, Via della Vasca Navale, 79 00149 Roma, Italy",Università Roma Tre; Via della Vasca Navale; 79 00149; Roma; Italy,Università Roma Tre<ORG>; Via della Vasca Navale<FAC>; 79 00149<CARDINAL>; Roma<GPE>; Italy<GPE>
6206,"Universitàà della Basilicata, Potenza, Italy",Universitàà della Basilicata; Potenza; Italy,Universitàà della Basilicata<ORG>; Potenza<GPE>; Italy<GPE>
8489,"Universität des Saarlandes, Saarbrücken, Germany",Universität des Saarlandes; Saarbrücken; Germany,Universität des Saarlandes<ORG>; Saarbrücken<GPE>; Germany<GPE>
3035,"Universität Karlsruhe (TH), Germany",Germany,Germany<GPE>
7875,"Universität Leipzig, Institut für Informatik, 04109 Leipzig, Germany; (e-mail: rahm@informatik.uni-leipzig.de)",Institut für Informatik; 04109 Leipzig; Germany,Institut für Informatik<ORG>; 04109 Leipzig<GPE>; Germany<GPE>
8583,"Universität Magdeburg, Germany",Magdeburg; Germany,Magdeburg<GPE>; Germany<GPE>
4576,"Universität Mannheim, Mannheim, Germany",Mannheim; Germany,Mannheim<GPE>; Germany<GPE>
7704,"Universität Mannheim; e-mail: [mildenbe|rschiele]@uni-mannheim.de, [helmer|moerkotte]@informatik.uni-mannheim.de",Universität Mannheim,Universität Mannheim<ORG>
7869,"Universität Münster, Institut für Wirtschaftsinformatik, Leonardo-Campus 3, 48149 Münster, Germany; e-mail: {lechten,vossen}@helios.uni-muenster.de",Institut für Wirtschaftsinformatik; Leonardo-Campus; 3; Münster; Germany,Institut für Wirtschaftsinformatik<ORG>; Leonardo-Campus<ORG>; 3<CARDINAL>; Münster<GPE>; Germany<GPE>
1257,"Universität Passau, Fakultät für Mathematik und Informatik, Passau, Germany",Passau; Fakultät für Mathematik und Informatik; Germany,Passau<ORG>; Fakultät für Mathematik und Informatik<ORG>; Passau<GPE>; Germany<GPE>
7754,"Universität Passau, Lehrstuhl für Informatik, 94030 Passau, Germany; E-mail: {claussen,kemper,kossmann,wiesner}@db.fmi.uni-passau.de",Passau; Germany,Passau<GPE>; Germany<GPE>
7820,"Universität Passau, Lehrstuhl für Informatik, 94030 Passau, Germany; E-mail: <lastname>@db.fmi.uni-passau.de",Passau; Germany,Passau<GPE>; Germany<GPE>
1190,"Universität Passau, Passau, Germany",Passau; Germany,Passau<GPE>; Germany<GPE>
2157,"Universitat Politècnica de Catalunya, Barcelona, Caalonia, Spain",Universitat Politècnica de Catalunya; Barcelona; Caalonia; Spain,Universitat Politècnica de Catalunya<ORG>; Barcelona<GPE>; Caalonia<GPE>; Spain<GPE>
2156,"Universitat Politècnica de Catalunya, Barcelona, Catalonia, Spain",Universitat Politècnica de Catalunya; Barcelona; Catalonia; Spain,Universitat Politècnica de Catalunya<ORG>; Barcelona<GPE>; Catalonia<GPE>; Spain<GPE>
6378,"Universität Tübingen, Tübingen, Germany",Tübingen; Germany,Tübingen<GPE>; Germany<GPE>
8254,"Université de Mons-Hainaut, Mons, Belgium",Université de Mons-Hainaut; Mons; Belgium,Université de Mons-Hainaut<ORG>; Mons<GPE>; Belgium<GPE>
2491,Université de Nantes,Université de Nantes,Université de Nantes<ORG>
7870,"Université de Paris-Sud, LRI, CNRS-UMR 8623, Bât. 490, 91405 Orsay, France; e-mail: spyratos@lri.fr",Université de Paris-Sud; LRI; CNRS-UMR; Bât. 490; 91405; Orsay; France,Université de Paris-Sud<ORG>; LRI<ORG>; CNRS-UMR<ORG>; Bât. 490<FAC>; 91405<CARDINAL>; Orsay<GPE>; France<GPE>
6535,"Université Paris 9 (Dauphine), Pl. du Mal de Lattre, Paris 75016, France",Université Paris 9; Dauphine; Pl. du Mal de Lattre; Paris; 75016; France,Université Paris 9<ORG>; Dauphine<FAC>; Pl. du Mal de Lattre<FAC>; Paris<GPE>; 75016<CARDINAL>; France<GPE>
8255,"Université Paris Dauphine, Paris, France",Université Paris Dauphine; Paris; France,Université Paris Dauphine<ORG>; Paris<GPE>; France<GPE>
9785,"Université Paris-Sud, France",Université Paris-Sud; France,Université Paris-Sud<ORG>; France<GPE>
8607,"University at Albany, State University of New York, Albany, NY",University at Albany; State University of New York; Albany; NY,University at Albany<ORG>; State University of New York<ORG>; Albany<GPE>; NY<GPE>
4680,"University at Albany, SUNY, Albany, NY",University at Albany; SUNY; Albany; NY,University at Albany<ORG>; SUNY<ORG>; Albany<GPE>; NY<GPE>
7972,"University at Buffalo, Buffalo, New York",University at Buffalo; Buffalo; New York,University at Buffalo<ORG>; Buffalo<GPE>; New York<GPE>
3168,"University at Buffalo, Buffalo, NY",University at Buffalo; Buffalo; NY,University at Buffalo<ORG>; Buffalo<GPE>; NY<GPE>
8593,"University at Buffalo, State University of New York, Buffalo, NY",University at Buffalo; State University of New York; Buffalo; NY,University at Buffalo<ORG>; State University of New York<ORG>; Buffalo<GPE>; NY<GPE>
3935,University Freiburg,University Freiburg,University Freiburg<ORG>
3928,University Marburg,University Marburg,University Marburg<ORG>
5531,"University of Aberdeen, United Kingdom",University of Aberdeen; United Kingdom,University of Aberdeen<ORG>; United Kingdom<GPE>
9148,University of Alberta,University of Alberta,University of Alberta<ORG>
1434,"University of Alberta, Department of Computing Science, Edmonton, Alberta, Canada",University of Alberta; Department of Computing Science; Edmonton; Alberta; Canada,University of Alberta<ORG>; Department of Computing Science<ORG>; Edmonton<GPE>; Alberta<GPE>; Canada<GPE>
273,"University of Alberta, Edmonton, Alberta, Canada",University of Alberta; Edmonton; Alberta; Canada,University of Alberta<ORG>; Edmonton<GPE>; Alberta<GPE>; Canada<GPE>
7596,University of Antwerp,University of Antwerp,University of Antwerp<ORG>
8451,"University of Antwerp, Antwerp, Belgium",University of Antwerp; Antwerp; Belgium,University of Antwerp<ORG>; Antwerp<GPE>; Belgium<GPE>
7646,"University of Antwerp, Wilrijk, Belgium",University of Antwerp; Wilrijk; Belgium,University of Antwerp<ORG>; Wilrijk<GPE>; Belgium<GPE>
7038,University of Arizona,University of Arizona,University of Arizona<ORG>
3659,University of Arizona at Tucson,University of Arizona; Tucson,University of Arizona<ORG>; Tucson<GPE>
8301,"University of Arizona, AZ",University of Arizona; AZ,University of Arizona<ORG>; AZ<GPE>
1839,"University of Arizona, Department of Computer Science, Tucson, AZ",University of Arizona; Department of Computer Science; Tucson; AZ,University of Arizona<ORG>; Department of Computer Science<ORG>; Tucson<GPE>; AZ<GPE>
60,"University of Arizona, Tucson, AZ",University of Arizona; Tucson; AZ,University of Arizona<ORG>; Tucson<GPE>; AZ<GPE>
5839,"University of Arizona, Tucson, AZ, USA",University of Arizona; Tucson; AZ; USA,University of Arizona<ORG>; Tucson<GPE>; AZ<GPE>; USA<GPE>
5645,"University of Athens, Athens, Greece",University of Athens; Athens; Greece,University of Athens<ORG>; Athens<GPE>; Greece<GPE>
9384,"University of Athens, Athens, Greece 15771",University of Athens; Athens; Greece; 15771,University of Athens<ORG>; Athens<GPE>; Greece<GPE>; 15771<CARDINAL>
8611,"University of Athens, Athens, Greece 15784",University of Athens; Athens; Greece; 15784,University of Athens<ORG>; Athens<GPE>; Greece<GPE>; 15784<CARDINAL>
4050,"University of Athens, Hellas",University of Athens; Hellas,University of Athens<ORG>; Hellas<GPE>
3546,University of Augsburg,University of Augsburg,University of Augsburg<ORG>
3926,University of Basilicata,University of Basilicata,University of Basilicata<ORG>
3641,University of Bologna,University of Bologna,University of Bologna<ORG>
1080,University of British Columbia,University of British Columbia,University of British Columbia<ORG>
7712,"University of British Columbia, 201-2366 Main Mall, Vancouver, BC V6T 1Z4, Canada; e-mail: laks@cs.ubc.ca",Vancouver; BC; Canada,Vancouver<GPE>; BC<GPE>; Canada<GPE>
407,"University of British Columbia, Canada",University of British Columbia; Canada,University of British Columbia<ORG>; Canada<GPE>
7240,"University of British Columbia, Vancouver, B. C., Canada",University of British Columbia; Vancouver; B. C.; Canada,University of British Columbia<ORG>; Vancouver<GPE>; B. C.<GPE>; Canada<GPE>
8449,"University of British Columbia, Vancouver, B.C., Canada",University of British Columbia; Vancouver; B.C.; Canada,University of British Columbia<ORG>; Vancouver<GPE>; B.C.<GPE>; Canada<GPE>
7695,"University of British Columbia, Vancouver, BC, Canada; e-mail: laks@cs.ubc.ca",University of British Columbia; Vancouver; BC; Canada,University of British Columbia<ORG>; Vancouver<GPE>; BC<GPE>; Canada<GPE>
3993,"University of British Columbia, Vancouver, CA",University of British Columbia; Vancouver; CA,University of British Columbia<ORG>; Vancouver<GPE>; CA<GPE>
4136,"University of British Columbia, Vancouver, Canda",University of British Columbia; Vancouver; Canda,University of British Columbia<ORG>; Vancouver<GPE>; Canda<GPE>
7760,University of British Columbia; E-mail: rng@cs.ubc.ca,University of British Columbia,University of British Columbia<ORG>
3564,University of Buenos Aires,University of Buenos Aires,University of Buenos Aires<ORG>
29,University of Calgary,University of Calgary,University of Calgary<ORG>
4422,"University of Calgary, Calgary, AB, Canada",University of Calgary; Calgary; AB; Canada,University of Calgary<ORG>; Calgary<GPE>; AB<GPE>; Canada<GPE>
1518,University of California,University of California,University of California<ORG>
1061,"University of California - Riverside, Computer Science & Engineering Department, Riverside, CA",University of California -; Computer Science & Engineering Department; Riverside; CA,University of California -<ORG>; Computer Science & Engineering Department<ORG>; Riverside<GPE>; CA<GPE>
1005,University of California at Berkeley,University of California at Berkeley,University of California at Berkeley<ORG>
5224,"University of California at Berkeley, Berkeley, CA",University of California at Berkeley; Berkeley; CA,University of California at Berkeley<ORG>; Berkeley<GPE>; CA<GPE>
6064,"University of California at Berkeley, Berkeley, CA, USA",University of California at Berkeley; Berkeley; CA; USA,University of California at Berkeley<ORG>; Berkeley<GPE>; CA<GPE>; USA<GPE>
3695,University of California at Davis,University of California at Davis,University of California at Davis<ORG>
6389,"University of California at Davis, Davis, CA, USA",University of California at Davis; Davis; CA; USA,University of California at Davis<ORG>; Davis<GPE>; CA<GPE>; USA<GPE>
7621,University of California at Irvine,University of California at Irvine,University of California at Irvine<ORG>
3937,University of California at Los Angeles,University of California at Los Angeles,University of California at Los Angeles<ORG>
3856,University of California at Riverside,University of California at Riverside,University of California at Riverside<ORG>
8117,"University of California at San Diego, La Jolla, CA",University of California at San Diego; La Jolla; CA,University of California at San Diego<ORG>; La Jolla<GPE>; CA<GPE>
3202,University of California at Santa Barbara,University of California at Santa Barbara,University of California at Santa Barbara<ORG>
1492,"University of California at Santa Barbara, Computer Science Department, Santa Barbara",University of California at Santa Barbara; Computer Science Department; Santa Barbara,University of California at Santa Barbara<ORG>; Computer Science Department<ORG>; Santa Barbara<GPE>
2732,"University of California at Santa Barbara, Santa Barbara, CA",University of California at Santa Barbara; Santa Barbara; CA,University of California at Santa Barbara<ORG>; Santa Barbara<GPE>; CA<GPE>
7663,"University of California at Santa Cruz, Santa Cruz, CA",University of California at Santa Cruz; Santa Cruz; CA,University of California at Santa Cruz<ORG>; Santa Cruz<GPE>; CA<GPE>
3486,University of California Irvine,University of California Irvine,University of California Irvine<ORG>
6436,"University of California Irvine, Irvine, CA, USA",University of California; Irvine; CA; USA,University of California<ORG>; Irvine<GPE>; CA<GPE>; USA<GPE>
3323,"University of California Los Angeles, Los Angeles",University of California; Los Angeles,University of California<ORG>; Los Angeles<GPE>
2305,"University of California Los Angeles, Los Angeles, CA",University of California; Los Angeles; CA,University of California<ORG>; Los Angeles<GPE>; CA<GPE>
633,University of California Riverside,University of California Riverside,University of California Riverside<ORG>
1365,University of California San Diego,University of California San Diego,University of California San Diego<ORG>
6435,"University of California San Diego, La Jolla, CA, USA",University of California San Diego; La Jolla; CA; USA,University of California San Diego<ORG>; La Jolla<GPE>; CA<GPE>; USA<GPE>
5542,"University of California San Diego, San Diego, CA",University of California San Diego; San Diego; CA,University of California San Diego<ORG>; San Diego<GPE>; CA<GPE>
4490,"University of California Santa Barbara, Santa Barbara, CA",University of California; Santa Barbara; CA,University of California<ORG>; Santa Barbara<GPE>; CA<GPE>
5779,"University of California Santa Barbara, Santa Barbara, CA, USA",University of California Santa Barbara; Santa Barbara; CA; USA,University of California Santa Barbara<ORG>; Santa Barbara<GPE>; CA<GPE>; USA<GPE>
4048,University of California Santa Cruz,University of California Santa Cruz,University of California Santa Cruz<ORG>
6144,"University of California Santa Cruz, Santa Cruz, CA, USA",University of California Santa Cruz; Santa Cruz; CA; USA,University of California Santa Cruz<ORG>; Santa Cruz<GPE>; CA<GPE>; USA<GPE>
1385,"University of California, Berkeley",University of California; Berkeley,University of California<ORG>; Berkeley<GPE>
6486,"University of California, Berkeley CA",University of California; Berkeley CA,University of California<ORG>; Berkeley CA<GPE>
7594,"University of California, Berkeley, Berkeley, CA",University of California; Berkeley; CA,University of California<ORG>; Berkeley<GPE>; CA<GPE>
6278,"University of California, Berkeley, Berkeley, CA, USA",University of California; Berkeley; CA; USA,University of California<ORG>; Berkeley<ORG>; Berkeley<GPE>; CA<GPE>; USA<GPE>
7973,"University of California, Berkeley, Berkeley, California",University of California; Berkeley; California,University of California<ORG>; Berkeley<GPE>; California<GPE>
3016,"University of California, Berkeley, CA",University of California; Berkeley; CA,University of California<ORG>; Berkeley<GPE>; CA<GPE>
7689,"University of California, Berkeley, California",University of California; Berkeley; California,University of California<ORG>; Berkeley<GPE>; California<GPE>
7765,"University of California, Berkeley, Computer Science Division, Berkeley, CA 94720-1776, USA; E-mail: {rshankar,bhaskar,jmh}@cs.berkeley.edu",University of California; Berkeley; Computer Science Division; CA; USA,University of California<ORG>; Berkeley<GPE>; Computer Science Division<ORG>; CA<GPE>; USA<GPE>
2360,"University of California, Davis",University of California; Davis,University of California<ORG>; Davis<GPE>
7866,"University of California, Davis, Department of Computer Science, One Shields Avenue, Davis, CA 95616, USA; E-mail: gertz@cs.ucdavis.edu",University of California; Davis; Department of Computer Science; CA; 95616; USA,University of California<ORG>; Davis<GPE>; Department of Computer Science<ORG>; CA<GPE>; 95616<CARDINAL>; USA<GPE>
117,"University of California, Irvine",University of California; Irvine,University of California<ORG>; Irvine<GPE>
2280,"University of California, Irvine, CA",University of California; Irvine; CA,University of California<ORG>; Irvine<GPE>; CA<GPE>
1905,"University of California, Irvine, Irvine, CA",University of California; Irvine; CA,University of California<ORG>; Irvine<GPE>; CA<GPE>
5640,"University of California, Irvine, Irvine, CA, USA",University of California; Irvine; CA; USA,University of California<ORG>; Irvine<GPE>; CA<GPE>; USA<GPE>
6220,"University of California, Irvine, Irvine, California, USA",University of California; Irvine; California; USA,University of California<ORG>; Irvine<GPE>; California<GPE>; USA<GPE>
8814,"University of California, Irvine, USA",University of California; Irvine; USA,University of California<ORG>; Irvine<GPE>; USA<GPE>
8554,"University of California, Los Angeles, CA",University of California; Los Angeles; CA,University of California<ORG>; Los Angeles<GPE>; CA<GPE>
7970,"University of California, Los Angeles, California",University of California; Los Angeles; California,University of California<ORG>; Los Angeles<GPE>; California<GPE>
196,"University of California, Riverside",University of California; Riverside,University of California<ORG>; Riverside<GPE>
56,"University of California, Riverside, CA",University of California; Riverside; CA,University of California<ORG>; Riverside<GPE>; CA<GPE>
5366,"University of California, Riverside, Riverside, CA",University of California; Riverside; CA,University of California<ORG>; Riverside<GPE>; CA<GPE>
8728,"University of California, Riverside, USA",University of California; Riverside; USA,University of California<ORG>; Riverside<GPE>; USA<GPE>
1124,"University of California, San Diego",University of California; San Diego,University of California<ORG>; San Diego<GPE>
3531,"University of California, San Diego La Jolla, CA",University of California; San Diego; La Jolla; CA,University of California<ORG>; San Diego<GPE>; La Jolla<GPE>; CA<GPE>
9779,"University of California, San Diego, CA",University of California; San Diego; CA,University of California<ORG>; San Diego<GPE>; CA<GPE>
135,"University of California, San Diego, La Jolla, CA",University of California; San Diego; La Jolla; CA,University of California<ORG>; San Diego<GPE>; La Jolla<GPE>; CA<GPE>
1982,"University of California, Santa Barbara",University of California; Santa Barbara,University of California<ORG>; Santa Barbara<GPE>
45,"University of California, Santa Barbara, CA",University of California; Santa Barbara; CA,University of California<ORG>; Santa Barbara<GPE>; CA<GPE>
8411,"University of California, Santa Barbara, Santa Barbara, CA",University of California; Santa Barbara; CA,University of California<ORG>; Santa Barbara<GPE>; CA<GPE>
5651,"University of California, Santa Barbara, Santa Barbara, CA, USA",University of California; Santa Barbara; CA; USA,University of California<ORG>; Santa Barbara<GPE>; CA<GPE>; USA<GPE>
9310,"University of California, Santa Barbara, USA",University of California; Santa Barbara; USA,University of California<ORG>; Santa Barbara<GPE>; USA<GPE>
1956,"University of California, Santa Cruz",University of California; Santa Cruz,University of California<ORG>; Santa Cruz<GPE>
8482,"University of California, Santa Cruz, CA",University of California; Santa Cruz; CA,University of California<ORG>; Santa Cruz<GPE>; CA<GPE>
8273,"University of California, Santa Cruz, Santa Cruz, CA",University of California; Santa Cruz; CA,University of California<ORG>; Santa Cruz<GPE>; CA<GPE>
5977,"University of California, Santa Cruz, Santa Cruz, CA, USA",University of California; Santa Cruz; CA; USA,University of California<ORG>; Santa Cruz<GPE>; CA<GPE>; USA<GPE>
7998,"University of California, Santa Cruz, Santa Cruz, California",University of California; Santa Cruz; California,University of California<ORG>; Santa Cruz<GPE>; California<GPE>
8359,"University of California, USA",University of California; USA,University of California<ORG>; USA<GPE>
5311,"University of California: Irvine, Irvine, CA",University of California; Irvine; CA,University of California<ORG>; Irvine<GPE>; CA<GPE>
5501,"University of California: Santa Barbara, Santa Barbara, CA",Santa Barbara; CA,Santa Barbara<GPE>; CA<GPE>
7361,"University of Cambridge, Cambridge, UK",University of Cambridge; Cambridge; UK,University of Cambridge<ORG>; Cambridge<GPE>; UK<GPE>
8134,"University of Camerino, Italy",University of Camerino; Italy,University of Camerino<ORG>; Italy<GPE>
1130,University of Central Florida,University of Central Florida,University of Central Florida<ORG>
4911,"University of Central Florida, Orlando, FL",University of Central Florida; Orlando; FL,University of Central Florida<ORG>; Orlando<GPE>; FL<GPE>
8308,"University of Central Oklahoma, Edmond, OK",University of Central Oklahoma; Edmond; OK,University of Central Oklahoma<ORG>; Edmond<GPE>; OK<GPE>
3445,University of Crete,University of Crete,University of Crete<ORG>
8392,"University of Dortmund, Dortmund, Germany",University of Dortmund; Dortmund; Germany,University of Dortmund<ORG>; Dortmund<GPE>; Germany<GPE>
563,University of Edinburgh,University of Edinburgh,University of Edinburgh<ORG>
5232,"University of Edinburgh & Bell Laboratories, Edinburgh, Scotland UK",University of Edinburgh; Bell Laboratories; Edinburgh; Scotland; UK,University of Edinburgh<ORG>; Bell Laboratories<ORG>; Edinburgh<GPE>; Scotland<GPE>; UK<GPE>
5172,"University of Edinburgh & Bell Laboratories, Edinburgh, United Kingdom",University of Edinburgh; Bell Laboratories; Edinburgh; United Kingdom,University of Edinburgh<ORG>; Bell Laboratories<ORG>; Edinburgh<GPE>; United Kingdom<GPE>
7995,"University of Edinburgh, Edinburgh, Scotland",University of Edinburgh; Edinburgh; Scotland,University of Edinburgh<ORG>; Edinburgh<GPE>; Scotland<GPE>
5233,"University of Edinburgh, Edinburgh, Scotland UK",University of Edinburgh; Edinburgh; Scotland; UK,University of Edinburgh<ORG>; Edinburgh<GPE>; Scotland<GPE>; UK<GPE>
429,"University of Edinburgh, Edinburgh, UK",University of Edinburgh; Edinburgh; UK,University of Edinburgh<ORG>; Edinburgh<GPE>; UK<GPE>
5993,"University of Edinburgh, Edinburgh, United Kngdm",University of Edinburgh; Edinburgh; United Kngdm,University of Edinburgh<ORG>; Edinburgh<GPE>; United Kngdm<GPE>
8705,"University of Edinburgh, Scotland",University of Edinburgh; Scotland,University of Edinburgh<ORG>; Scotland<GPE>
8208,"University of Edinburgh, Scotland, UK",University of Edinburgh; Scotland; UK,University of Edinburgh<ORG>; Scotland<GPE>; UK<GPE>
438,University of Florida,University of Florida,University of Florida<ORG>
4527,"University of Florida, Gainesville",University of Florida; Gainesville,University of Florida<ORG>; Gainesville<GPE>
222,"University of Florida, Gainesville, FL",University of Florida; Gainesville; FL,University of Florida<ORG>; Gainesville<GPE>; FL<GPE>
5723,"University of Florida, Gainesville, FL, USA",University of Florida; Gainesville; FL; USA,University of Florida<ORG>; Gainesville<GPE>; FL<GPE>; USA<GPE>
8779,"University of Florida, Gainesville, Gainesville, FL",University of Florida; Gainesville; FL,University of Florida<ORG>; Gainesville<GPE>; FL<GPE>
3524,"University of Florida, Gainesville, USA",University of Florida; Gainesville; USA,University of Florida<ORG>; Gainesville<GPE>; USA<GPE>
3661,University of Freiburg,University of Freiburg,University of Freiburg<ORG>
3266,"University of Freiburg, Georges-Köhler-Allee, Freiburg, Germany",University of Freiburg; Georges-Köhler-Allee; Freiburg; Germany,University of Freiburg<ORG>; Georges-Köhler-Allee<FAC>; Freiburg<GPE>; Germany<GPE>
491,"University of Genoa, Genoa, Italy",University of Genoa; Genoa; Italy,University of Genoa<ORG>; Genoa<GPE>; Italy<GPE>
4513,"University of Genova, Italy",University of Genova; Italy,University of Genova<ORG>; Italy<GPE>
3650,University of Glasgow,University of Glasgow,University of Glasgow<ORG>
3362,University of Halle,University of Halle,University of Halle<ORG>
7242,"University of Halle, Germany",University of Halle; Germany,University of Halle<ORG>; Germany<GPE>
472,University of Hannover,University of Hannover,University of Hannover<ORG>
5010,"University of Heidelberg, Germany",University of Heidelberg; Germany,University of Heidelberg<ORG>; Germany<GPE>
6390,"University of Heidelberg, Heidelberg, Germany",University of Heidelberg; Heidelberg; Germany,University of Heidelberg<ORG>; Heidelberg<GPE>; Germany<GPE>
8072,"University of Heidelberg, Institut für Informatik, Germany",University of Heidelberg; Institut für Informatik; Germany,University of Heidelberg<ORG>; Institut für Informatik<ORG>; Germany<GPE>
4865,University of Helsinki,University of Helsinki,University of Helsinki<ORG>
8286,"University of Helsinki, Finland",University of Helsinki; Finland,University of Helsinki<ORG>; Finland<GPE>
2419,University of Hong Kong,University of Hong Kong,University of Hong Kong<ORG>
120,"University of Hong Kong, Hong Kong",University of Hong Kong; Hong Kong,University of Hong Kong<ORG>; Hong Kong<GPE>
5554,"University of Hong Kong, Hong Kong, Hong Kong",University of Hong Kong; Hong Kong,University of Hong Kong<ORG>; Hong Kong<GPE>
7083,"University of Hong Kong, Pokfulam Road, Hong Kong",University of Hong Kong; Pokfulam Road; Hong Kong,University of Hong Kong<ORG>; Pokfulam Road<FAC>; Hong Kong<GPE>
5382,"University of Houston, Houston, TX",University of Houston; Houston; TX,University of Houston<ORG>; Houston<GPE>; TX<GPE>
6403,"University of Houston, Houston, TX, USA",University of Houston; Houston; TX; USA,University of Houston<ORG>; Houston<GPE>; TX<GPE>; USA<GPE>
5703,"University of Ilinois at Urbana Champaign, Urbana, IL, USA",University of Ilinois at Urbana; Champaign; Urbana; IL; USA,University of Ilinois at Urbana<ORG>; Champaign<GPE>; Urbana<GPE>; IL<GPE>; USA<GPE>
296,University of Illinois,University of Illinois,University of Illinois<ORG>
3078,University of Illinois at Chicago,University of Illinois at Chicago,University of Illinois at Chicago<ORG>
787,"University of Illinois at Chicago, Chicago, IL",University of Illinois at Chicago; Chicago; IL,University of Illinois at Chicago<ORG>; Chicago<GPE>; IL<GPE>
5659,"University of Illinois at Chicago, Chicago, IL, USA",University of Illinois at Chicago; Chicago; IL; USA,University of Illinois at Chicago<ORG>; Chicago<GPE>; IL<GPE>; USA<GPE>
8663,"University of Illinois at Urbana Champaign, Champaign, USA",University of Illinois at Urbana; Champaign; USA,University of Illinois at Urbana<ORG>; Champaign<GPE>; USA<GPE>
5704,"University of Illinois at Urbana Champaign, Urbana, IL, USA",University of Illinois at Urbana; Champaign; Urbana; IL; USA,University of Illinois at Urbana<ORG>; Champaign<GPE>; Urbana<GPE>; IL<GPE>; USA<GPE>
26,University of Illinois at Urbana-Champaign,University of Illinois at Urbana-Champaign,University of Illinois at Urbana-Champaign<ORG>
743,"University of Illinois at Urbana-Champaign, IL",University of Illinois at Urbana-Champaign; IL,University of Illinois at Urbana-Champaign<ORG>; IL<GPE>
212,"University of Illinois at Urbana-Champaign, Urbana, IL",University of Illinois at Urbana-Champaign; Urbana; IL,University of Illinois at Urbana-Champaign<ORG>; Urbana<GPE>; IL<GPE>
5657,"University of Illinois at Urbana-Champaign, Urbana, IL, USA",University of Illinois at Urbana-Champaign; Urbana; IL; USA,University of Illinois at Urbana-Champaign<ORG>; Urbana<GPE>; IL<GPE>; USA<GPE>
6039,"University of Illinois at Urbana-Champaign, Urbana, USA",University of Illinois at Urbana-Champaign; Urbana; USA,University of Illinois at Urbana-Champaign<ORG>; Urbana<GPE>; USA<GPE>
3485,University of Illinois Urbana,University of Illinois Urbana,University of Illinois Urbana<ORG>
7860,"University of Illinois, 1304 W. Springfield Ave., Urbana, IL 61801, USA; e-mail: kaushikc@cs.uiuc.edu",University of Illinois; Urbana; IL; 61801; USA,University of Illinois<ORG>; Urbana<GPE>; IL<GPE>; 61801<CARDINAL>; USA<GPE>
7278,"University of Illinois, Chicago",University of Illinois; Chicago,University of Illinois<ORG>; Chicago<GPE>
4013,"University of Illinois, Urbana Champaign",University of Illinois; Urbana Champaign,University of Illinois<ORG>; Urbana Champaign<GPE>
1078,"University of Illinois, Urbana-Champaign",University of Illinois; Urbana,University of Illinois<ORG>; Urbana<GPE>
4075,"University of Illinois, Urbana-Champaign, IL",University of Illinois; Urbana-Champaign; IL,University of Illinois<ORG>; Urbana-Champaign<GPE>; IL<GPE>
5571,"University of Illinois, Urbana-Champaign, Urbana, IL, USA",University of Illinois; Urbana; IL; USA,University of Illinois<ORG>; Urbana<GPE>; IL<GPE>; USA<GPE>
8418,"University of Illinois, USA",University of Illinois; USA,University of Illinois<ORG>; USA<GPE>
8133,"University of Insubria, Italy",University of Insubria; Italy,University of Insubria<ORG>; Italy<GPE>
3126,"University of Ioannina, Greece",University of Ioannina; Greece,University of Ioannina<ORG>; Greece<GPE>
5632,"University of Ioannina, Ioannina, Greece",University of Ioannina; Ioannina; Greece,University of Ioannina<ORG>; Ioannina<GPE>; Greece<GPE>
4889,University of Kaiserslautern,University of Kaiserslautern,University of Kaiserslautern<ORG>
811,"University of Kaiserslautern, Kaiserslautern, Germany",University of Kaiserslautern; Kaiserslautern; Germany,University of Kaiserslautern<ORG>; Kaiserslautern<GPE>; Germany<GPE>
8754,"University of Kaiserslautern, Kaiserslautern, Germany 67653",University of Kaiserslautern; Kaiserslautern; Germany; 67653,University of Kaiserslautern<ORG>; Kaiserslautern<GPE>; Germany<GPE>; 67653<CARDINAL>
7023,"University of Konstanz, D-78457 Konstanz, Germany",Konstanz; Germany,Konstanz<GPE>; Germany<GPE>
1453,"University of Konstanz, Department of Computer and Information Science, Konstanz, Germany",University of Konstanz; Department of Computer and Information Science; Konstanz; Germany,University of Konstanz<ORG>; Department of Computer and Information Science<ORG>; Konstanz<GPE>; Germany<GPE>
7244,"University of Konstanz, Germany",University of Konstanz; Germany,University of Konstanz<ORG>; Germany<GPE>
1180,"University of Konstanz, Konstanz, Germany",University of Konstanz; Konstanz; Germany,University of Konstanz<ORG>; Konstanz<GPE>; Germany<GPE>
1113,University of Leipzig,University of Leipzig,University of Leipzig<ORG>
1805,"University of Leipzig, Germany",University of Leipzig; Germany,University of Leipzig<ORG>; Germany<GPE>
4686,"University of Leipzig, Leipzig, Germany",University of Leipzig; Leipzig; Germany,University of Leipzig<ORG>; Leipzig<GPE>; Germany<GPE>
2503,"University of London, London, United Kingdom",University of London; London; United Kingdom,University of London<ORG>; London<GPE>; United Kingdom<GPE>
8405,"University of London, U.K.",University of London; U.K.,University of London<ORG>; U.K.<GPE>
8058,"University of Louisiana at Lafayette, USA",University of Louisiana at Lafayette; USA,University of Louisiana at Lafayette<ORG>; USA<GPE>
5528,"University of Manchester, Manchester, United Kingdom",University of Manchester; Manchester; United Kingdom,University of Manchester<ORG>; Manchester<GPE>; United Kingdom<GPE>
2613,"University of Mannheim, Germany",University of Mannheim; Germany,University of Mannheim<ORG>; Germany<GPE>
770,"University of Mannheim, Mannheim, Germany",University of Mannheim; Mannheim; Germany,University of Mannheim<ORG>; Mannheim<GPE>; Germany<GPE>
3775,University of Marburg,University of Marburg,University of Marburg<ORG>
9235,"University of Marburg, Germany",University of Marburg; Germany,University of Marburg<ORG>; Germany<GPE>
2278,"University of Marburg, Marburg, Germany",University of Marburg; Marburg; Germany,University of Marburg<ORG>; Marburg<GPE>; Germany<GPE>
3452,University of Maryland,University of Maryland,University of Maryland<ORG>
3136,University of Maryland at College Park,University of Maryland; College Park,University of Maryland<ORG>; College Park<LOC>
9101,University of Maryland Baltimore County,University of Maryland; Baltimore County,University of Maryland<ORG>; Baltimore County<GPE>
5266,"University of Maryland, Baltimore County, Baltimore, MD",University of Maryland; Baltimore County; Baltimore; MD,University of Maryland<ORG>; Baltimore County<GPE>; Baltimore<GPE>; MD<GPE>
2838,"University of Maryland, College Park",University of Maryland; College Park,University of Maryland<ORG>; College Park<GPE>
7364,"University of Maryland, College Park, College Park, Maryland",University of Maryland; College Park; Maryland,University of Maryland<ORG>; College Park<GPE>; Maryland<GPE>
7904,"University of Maryland, College Park, Maryland",University of Maryland; College Park; Maryland,University of Maryland<ORG>; College Park<GPE>; Maryland<GPE>
1096,"University of Maryland, College Park, MD",University of Maryland; College Park; MD,University of Maryland<ORG>; College Park<GPE>; MD<GPE>
9791,"University of Maryland, College Park, MD 20",University of Maryland; College Park; MD,University of Maryland<ORG>; College Park<GPE>; MD<GPE>
7727,"University of Maryland, College Park, MD 20742, USA; E-mail: {louiqa,vladimir,taozhan}@umiacs.umd.edu",College Park; MD; 20742; USA,College Park<GPE>; MD<GPE>; 20742<CARDINAL>; USA<GPE>
5562,"University of Maryland, College Park, MD, USA",University of Maryland; College Park; MD; USA,University of Maryland<ORG>; College Park<GPE>; MD<GPE>; USA<GPE>
8682,"University of Maryland, College park, USA",University of Maryland; College park; USA,University of Maryland<ORG>; College park<GPE>; USA<GPE>
426,"University of Maryland, MD",University of Maryland; MD,University of Maryland<ORG>; MD<GPE>
8576,"University of Maryland, USA",University of Maryland; USA,University of Maryland<ORG>; USA<GPE>
3032,University of Massachusetts,University of Massachusetts,University of Massachusetts<ORG>
3090,University of Massachusetts Amherst,University of Massachusetts Amherst,University of Massachusetts Amherst<ORG>
5587,"University of Massachusetts Amherst, Amherst, MA, USA",University of Massachusetts; Amherst; MA; USA,University of Massachusetts<ORG>; Amherst<GPE>; MA<GPE>; USA<GPE>
4252,University of Massachusetts Boston,University of Massachusetts Boston,University of Massachusetts Boston<ORG>
3145,"University of Massachusetts, Amherst",University of Massachusetts; Amherst,University of Massachusetts<ORG>; Amherst<GPE>
8854,"University of Massachusetts, Amherst, Amherst, MA",University of Massachusetts; Amherst; MA,University of Massachusetts<ORG>; Amherst<GPE>; MA<GPE>
2932,"University of Massachusetts, Amherst, MA",University of Massachusetts; Amherst; MA,University of Massachusetts<ORG>; Amherst<GPE>; MA<GPE>
9141,"University of Melbourne Melbourne, Australia",University of Melbourne; Melbourne; Australia,University of Melbourne<ORG>; Melbourne<GPE>; Australia<GPE>
8253,"University of Melbourne, Australia",University of Melbourne; Australia,University of Melbourne<ORG>; Australia<GPE>
9201,"University of Melbourne, Victoria, Australia",University of Melbourne; Victoria; Australia,University of Melbourne<ORG>; Victoria<GPE>; Australia<GPE>
2501,University of Michigan,University of Michigan,University of Michigan<ORG>
3717,University of Michigan at Ann Arbor,University of Michigan at Ann Arbor,University of Michigan at Ann Arbor<ORG>
1081,"University of Michigan, Ann Arbor",University of Michigan; Ann Arbor,University of Michigan<ORG>; Ann Arbor<GPE>
101,"University of Michigan, Ann Arbor, MI",University of Michigan; Ann Arbor; MI,University of Michigan<ORG>; Ann Arbor<GPE>; MI<GPE>
5692,"University of Michigan, Ann Arbor, MI, USA",University of Michigan; Ann Arbor; MI; USA,University of Michigan<ORG>; Ann Arbor<GPE>; MI<GPE>; USA<GPE>
7692,"University of Michigan, Ann Arbor, Mich., USA; e-mail: {jag, shurug, apchapma, andrewdn, spapariz, jignesh, nuwee, yuwu, congy}@umich.edu",University of Michigan; Ann Arbor; Mich.; USA; jag; shurug; apchapma; andrewdn; spapariz; jignesh; nuwee; yuwu,University of Michigan<ORG>; Ann Arbor<GPE>; Mich.<GPE>; USA<GPE>; jag<PERSON>; shurug<PERSON>; apchapma<PERSON>; andrewdn<PERSON>; spapariz<PERSON>; jignesh<PERSON>; nuwee<PERSON>; yuwu<PERSON>
2271,"University of Michigan, Ann Arbor, Michigan",University of Michigan; Ann Arbor; Michigan,University of Michigan<ORG>; Ann Arbor<GPE>; Michigan<GPE>
7758,"University of Michigan, Ann Arbor; E-mail: jag@umich.edu",University of Michigan; Ann Arbor,University of Michigan<ORG>; Ann Arbor<GPE>
199,"University of Michigan, MI",University of Michigan; MI,University of Michigan<ORG>; MI<GPE>
8238,"University of Michigan, USA",University of Michigan; USA,University of Michigan<ORG>; USA<GPE>
5537,"University of Michigan: Ann Arbor, Ann Arbor, MI",University of Michigan; Ann Arbor; MI,University of Michigan<ORG>; Ann Arbor<GPE>; MI<GPE>
3582,"University of Milano, Italy",University of Milano; Italy,University of Milano<ORG>; Italy<GPE>
1943,"University of Minnesota at Twin-Cities, Minneapolis, MN",University of Minnesota at Twin-Cities; Minneapolis; MN,University of Minnesota at Twin-Cities<ORG>; Minneapolis<GPE>; MN<GPE>
3065,"University of Minnesota, Minneapolis, MN",University of Minnesota; Minneapolis; MN,University of Minnesota<ORG>; Minneapolis<GPE>; MN<GPE>
6003,"University of Minnesota, Minneapolis, MN, USA",University of Minnesota; Minneapolis; MN; USA,University of Minnesota<ORG>; Minneapolis<GPE>; MN<GPE>; USA<GPE>
3580,"University of Modena, Italy",University of Modena; Italy,University of Modena<ORG>; Italy<GPE>
7648,"University of Mons-Hainaut, Mons, Belgium",University of Mons-Hainaut; Mons; Belgium,University of Mons-Hainaut<ORG>; Mons<GPE>; Belgium<GPE>
3923,University of Munchen,University of Munchen,University of Munchen<ORG>
3460,University of Munich,University of Munich,University of Munich<ORG>
4163,"University of Munich, Germany",University of Munich; Germany,University of Munich<ORG>; Germany<GPE>
6963,"University of Munich, Institute for Computer Science",University of Munich; Institute for Computer Science,University of Munich<ORG>; Institute for Computer Science<ORG>
1808,"University of Munich, Institute for Computer Science, Munich, Germany",University of Munich; Institute for Computer Science; Munich; Germany,University of Munich<ORG>; Institute for Computer Science<ORG>; Munich<GPE>; Germany<GPE>
4095,"University of Munich, Munich, Germany",University of Munich; Munich; Germany,University of Munich<ORG>; Munich<GPE>; Germany<GPE>
7898,"University of Münster, Münster, Germany",University of Münster; Münster; Germany,University of Münster<ORG>; Münster<GPE>; Germany<GPE>
5146,"University of Nantes - LINA, Nantes, France",University of Nantes; LINA; Nantes; France,University of Nantes<ORG>; LINA<ORG>; Nantes<GPE>; France<GPE>
2338,"University of Nantes, France",University of Nantes; France,University of Nantes<ORG>; France<GPE>
3631,University of New South Wales,University of New South Wales,University of New South Wales<ORG>
37,"University of New South Wales, Australia",University of New South Wales; Australia,University of New South Wales<ORG>; Australia<GPE>
5117,"University of New South Wales, Sydney, Australia",University of New South Wales; Sydney; Australia,University of New South Wales<ORG>; Sydney<GPE>; Australia<GPE>
2138,"University of New South Wales, Sydney, NSW, Australia",University of New South Wales; Sydney; NSW; Australia,University of New South Wales<ORG>; Sydney<GPE>; NSW<GPE>; Australia<GPE>
4030,University of North Carolina at Chapel Hill,University of North Carolina,University of North Carolina<ORG>
4723,"University of North Carolina at Chapel Hill, Chapel Hill, NC",University of North Carolina; Chapel Hill; NC,University of North Carolina<ORG>; Chapel Hill<GPE>; NC<GPE>
5594,"University of North Carolina at Chapel Hill, Chapel Hill, NC, USA",University of North Carolina; Chapel Hill; NC; USA,University of North Carolina<ORG>; Chapel Hill<GPE>; NC<GPE>; USA<GPE>
7629,"University of North Carolina, Greensboro",University of North Carolina; Greensboro,University of North Carolina<ORG>; Greensboro<GPE>
1529,"University of NSW, Sydney, Australia",University of NSW; Sydney; Australia,University of NSW<ORG>; Sydney<GPE>; Australia<GPE>
3654,University of Oklahoma,University of Oklahoma,University of Oklahoma<ORG>
431,"University of Ottawa, Ottawa, Canada",University of Ottawa; Ottawa; Canada,University of Ottawa<ORG>; Ottawa<GPE>; Canada<GPE>
2959,"University of Ottawa, Ottawa, Ontario, Canada",University of Ottawa; Ottawa; Ontario; Canada,University of Ottawa<ORG>; Ottawa<GPE>; Ontario<GPE>; Canada<GPE>
3007,University of Oxford,University of Oxford,University of Oxford<ORG>
6385,"University of Oxford, Oxford, United Kingdom",University of Oxford; Oxford; United Kingdom,University of Oxford<ORG>; Oxford<GPE>; United Kingdom<GPE>
3892,University of Paris 6,University of Paris 6,University of Paris 6<ORG>
3965,"University of Paris 6, France",University of Paris; 6; France,University of Paris<ORG>; 6<CARDINAL>; France<GPE>
3819,University of Passau,University of Passau,University of Passau<ORG>
193,"University of Patras, Rio, Greece",University of Patras; Rio; Greece,University of Patras<ORG>; Rio<GPE>; Greece<GPE>
933,University of Pennsylvania,University of Pennsylvania,University of Pennsylvania<ORG>
2663,"University of Pennsylvania, Philadelphia",University of Pennsylvania; Philadelphia,University of Pennsylvania<ORG>; Philadelphia<GPE>
119,"University of Pennsylvania, Philadelphia, PA",University of Pennsylvania; Philadelphia; PA,University of Pennsylvania<ORG>; Philadelphia<GPE>; PA<GPE>
5569,"University of Pennsylvania, Philadelphia, PA, USA",University of Pennsylvania; Philadelphia; PA; USA,University of Pennsylvania<ORG>; Philadelphia<GPE>; PA<GPE>; USA<GPE>
7996,"University of Pennsylvania, Philadelphia, Pennsylvania, PA",University of Pennsylvania; Philadelphia; Pennsylvania; PA,University of Pennsylvania<ORG>; Philadelphia<GPE>; Pennsylvania<GPE>; PA<GPE>
8671,"University of Pennsylvania, Philadelphia, USA",University of Pennsylvania; Philadelphia; USA,University of Pennsylvania<ORG>; Philadelphia<GPE>; USA<GPE>
424,"University of Pittsburgh, Pittsburgh, PA",University of Pittsburgh; Pittsburgh; PA,University of Pittsburgh<ORG>; Pittsburgh<GPE>; PA<GPE>
6245,"University of Pittsburgh, Pittsburgh, PA, USA",University of Pittsburgh; Pittsburgh; PA; USA,University of Pittsburgh<ORG>; Pittsburgh<GPE>; PA<GPE>; USA<GPE>
8320,"University of Queensland, Australia",University of Queensland; Australia,University of Queensland<ORG>; Australia<GPE>
1532,"University of Queensland, Brisbane, Australia",University of Queensland; Brisbane; Australia,University of Queensland<ORG>; Brisbane<GPE>; Australia<GPE>
3925,University of Roma Tre,University of Roma Tre,University of Roma Tre<ORG>
5268,"University of Roma, Roma, Italy",University of Roma; Roma; Italy,University of Roma<ORG>; Roma<GPE>; Italy<GPE>
1253,"University of Saarland, Saarbruecken, Germany",University of Saarland; Saarbruecken; Germany,University of Saarland<ORG>; Saarbruecken<GPE>; Germany<GPE>
9135,University of South Australia,University of South Australia,University of South Australia<ORG>
1577,"University of South Australia, Adelaide, Australia",University of South Australia; Adelaide; Australia,University of South Australia<ORG>; Adelaide<GPE>; Australia<GPE>
8042,"University of South Australia, Adelaide, SA, Australia",University of South Australia; Adelaide; SA; Australia,University of South Australia<ORG>; Adelaide<GPE>; SA<GPE>; Australia<GPE>
3444,University of South Florida,University of South Florida,University of South Florida<ORG>
3302,"University of Southern California, Los Angeles, CA",University of Southern California; Los Angeles; CA,University of Southern California<ORG>; Los Angeles<GPE>; CA<GPE>
3740,"University of Southern California, Los Angeles, CA, USA",University of Southern California; Los Angeles; CA; USA,University of Southern California<ORG>; Los Angeles<GPE>; CA<GPE>; USA<GPE>
4675,"University of Southern California, Los Angeles, California",University of Southern California; Los Angeles; California,University of Southern California<ORG>; Los Angeles<GPE>; California<GPE>
5580,"University of Southern California, Los Angeles, USA",University of Southern California; Los Angeles; USA,University of Southern California<ORG>; Los Angeles<GPE>; USA<GPE>
3739,"University of Southern California, Marina del Rey, CA, USA",University of Southern California; Marina del Rey; CA; USA,University of Southern California<ORG>; Marina del Rey<GPE>; CA<GPE>; USA<GPE>
4430,"University of Southern, California, Los Angeles, CA","University of Southern, California; Los Angeles; CA","University of Southern, California<ORG>; Los Angeles<GPE>; CA<GPE>"
1444,"University of Stuttgart, Department of Computer Science, Electrical Engineering and Information Technology, Stuttgart, Germany",University of Stuttgart; Department of Computer Science; Stuttgart; Germany,University of Stuttgart<ORG>; Department of Computer Science<ORG>; Stuttgart<GPE>; Germany<GPE>
1647,"University of Stuttgart, Institute of Parallel and Distributed Systems, Stuttgart, Germany",University of Stuttgart; Institute of Parallel and Distributed Systems; Stuttgart; Germany,University of Stuttgart<ORG>; Institute of Parallel and Distributed Systems<ORG>; Stuttgart<GPE>; Germany<GPE>
2374,"University of Stuttgart, Stuttgart, Germany",University of Stuttgart; Stuttgart; Germany,University of Stuttgart<ORG>; Stuttgart<GPE>; Germany<GPE>
2597,University of Sydney,University of Sydney,University of Sydney<ORG>
3128,"University of Sydney, Australia",University of Sydney; Australia,University of Sydney<ORG>; Australia<GPE>
369,"University of Sydney, NSW, Australia",University of Sydney; NSW; Australia,University of Sydney<ORG>; NSW<GPE>; Australia<GPE>
5737,"University of Sydney, University of Sydney, NSW 2006, Australia",University of Sydney; NSW; 2006; Australia,University of Sydney<ORG>; NSW<GPE>; 2006<DATE>; Australia<GPE>
632,University of Texas,University of Texas,University of Texas<ORG>
2249,University of Texas at Arlington,University of Texas at Arlington,University of Texas at Arlington<ORG>
4570,"University of Texas at Arlington, Arlington, TX",University of Texas at Arlington; Arlington; TX,University of Texas at Arlington<ORG>; Arlington<GPE>; TX<GPE>
5610,"University of Texas at Arlington, Arlington, TX, USA",University of Texas at Arlington; Arlington; TX; USA,University of Texas at Arlington<ORG>; Arlington<GPE>; TX<GPE>; USA<GPE>
2485,University of Texas at Austin,University of Texas at Austin,University of Texas at Austin<ORG>
4875,"University of Texas at Austin, Austin, TX",University of Texas at Austin; Austin; TX,University of Texas at Austin<ORG>; Austin<GPE>; TX<GPE>
8579,"University of Texas at Dallas, Dallas, USA",University of Texas at Dallas; Dallas; USA,University of Texas at Dallas<ORG>; Dallas<GPE>; USA<GPE>
9517,"University of Texas at Dallas, Richardson, TX",University of Texas at Dallas; Richardson; TX,University of Texas at Dallas<ORG>; Richardson<GPE>; TX<GPE>
749,University of Texas at San Antonio,University of Texas at San Antonio,University of Texas at San Antonio<ORG>
253,"University of Texas at San Antonio, San Antonio, TX",University of Texas at San Antonio; San Antonio; TX,University of Texas at San Antonio<ORG>; San Antonio<GPE>; TX<GPE>
5541,"University of Texas Austin, Austin, TX",University of Texas; Austin; TX,University of Texas<ORG>; Austin<GPE>; TX<GPE>
7176,"University of Texas-Austin, Austin, TX",University of Texas-Austin; Austin; TX,University of Texas-Austin<ORG>; Austin<GPE>; TX<GPE>
9248,"University of Texas, Arlington, USA",University of Texas; Arlington; USA,University of Texas<ORG>; Arlington<GPE>; USA<GPE>
3429,University of the Saarland,University of the Saarland,University of the Saarland<ORG>
7194,"University of the Saarland, D-66041 Saarbrücken, Germany",University of the Saarland; Saarbrücken; Germany,University of the Saarland<ORG>; Saarbrücken<GPE>; Germany<GPE>
7837,"University of the Saarland, Department of Computer Science, P.O.Box 151150, 66041 Saarbruecken, Germany; E-mail: {shegalov,gillmann,weikum}@cs.uni-sb.de; http://www-dbs.cs.uni-sb.de",University of the Saarland; Department of Computer Science; 151150; 66041; Saarbruecken; Germany,University of the Saarland<ORG>; Department of Computer Science<ORG>; 151150<CARDINAL>; 66041<CARDINAL>; Saarbruecken<GPE>; Germany<GPE>
1662,"University of the Saarland, Department of Computer Science, Saarbruecken, Germany",University of the Saarland; Department of Computer Science; Saarbruecken; Germany,University of the Saarland<ORG>; Department of Computer Science<ORG>; Saarbruecken<GPE>; Germany<GPE>
6704,"University of the Saarland, Germany",University of the Saarland; Germany,University of the Saarland<ORG>; Germany<GPE>
5627,"University of Tokyo, Tokyo, Japan",University of Tokyo; Tokyo; Japan,University of Tokyo<ORG>; Tokyo<GPE>; Japan<GPE>
2343,"University of Torino, Torino, Italy",University of Torino; Torino; Italy,University of Torino<ORG>; Torino<GPE>; Italy<GPE>
31,University of Toronto,University of Toronto,University of Toronto<ORG>
240,"University of Toronto, Canada",University of Toronto; Canada,University of Toronto<ORG>; Canada<GPE>
1759,"University of Toronto, Department of Computer Science",University of Toronto; Department of Computer Science,University of Toronto<ORG>; Department of Computer Science<ORG>
8306,"University of Toronto, Ont, Canada",University of Toronto; Ont; Canada,University of Toronto<ORG>; Ont<GPE>; Canada<GPE>
8950,"University of Toronto, Toronto ON, Canada",University of Toronto; Toronto ON; Canada,University of Toronto<ORG>; Toronto ON<GPE>; Canada<GPE>
428,"University of Toronto, Toronto, Canada",University of Toronto; Toronto; Canada,University of Toronto<ORG>; Toronto<GPE>; Canada<GPE>
1109,"University of Toronto, Toronto, ON",University of Toronto; Toronto; ON,University of Toronto<ORG>; Toronto<GPE>; ON<GPE>
9056,"University of Toronto, Toronto, ON Canada",University of Toronto; Toronto; ON; Canada,University of Toronto<ORG>; Toronto<GPE>; ON<GPE>; Canada<GPE>
34,"University of Toronto, Toronto, ON, Canada",University of Toronto; Toronto; ON; Canada,University of Toronto<ORG>; Toronto<GPE>; ON<GPE>; Canada<GPE>
8479,"University of Toronto, Toronto, Ont., Canada",University of Toronto; Toronto; Ont; .; Canada,University of Toronto<ORG>; Toronto<GPE>; Ont<GPE>; .<GPE>; Canada<GPE>
8532,"University of Toronto, Toronto, Ontario",University of Toronto; Toronto; Ontario,University of Toronto<ORG>; Toronto<GPE>; Ontario<GPE>
20,"University of Toronto, Toronto, Ontario, Canada",University of Toronto; Toronto; Ontario; Canada,University of Toronto<ORG>; Toronto<GPE>; Ontario<GPE>; Canada<GPE>
2917,University of Trento,University of Trento,University of Trento<ORG>
2088,"University of Trento, DIT, Italy",University of Trento; DIT; Italy,University of Trento<ORG>; DIT<ORG>; Italy<GPE>
430,"University of Trento, Trento, Italy",University of Trento; Trento; Italy,University of Trento<ORG>; Trento<GPE>; Italy<GPE>
3545,University of Tübingen,University of Tübingen,University of Tübingen<ORG>
6196,"University of Twente, Enschede, Netherlands",University of Twente; Enschede; Netherlands,University of Twente<ORG>; Enschede<GPE>; Netherlands<GPE>
3718,"University of Twente, Enschede, The Netherlands",University of Twente; Enschede; The Netherlands,University of Twente<ORG>; Enschede<GPE>; The Netherlands<GPE>
1454,"University of Twente, Faculty of EEMCS, AE Enschede, The Netherlands",University of Twente; Faculty of EEMCS; AE Enschede; The Netherlands,University of Twente<ORG>; Faculty of EEMCS<ORG>; AE Enschede<ORG>; The Netherlands<GPE>
172,"University of Twente, The Netherlands",University of Twente; The Netherlands,University of Twente<ORG>; The Netherlands<GPE>
30,University of Utah,University of Utah,University of Utah<ORG>
9083,"University of Utah Salt Lake City, UT",University of Utah; Salt Lake City; UT,University of Utah<ORG>; Salt Lake City<GPE>; UT<GPE>
5945,"University of Utah, Salt Lake City, UT, USA",University of Utah; Salt Lake City; UT; USA,University of Utah<ORG>; Salt Lake City<GPE>; UT<GPE>; USA<GPE>
265,University of Vermont,University of Vermont,University of Vermont<ORG>
8259,"University of Vermont, Burlington VT",University of Vermont; Burlington VT,University of Vermont<ORG>; Burlington VT<GPE>
6377,"University of Vermont, Burlington, VT, USA",University of Vermont; Burlington; VT; USA,University of Vermont<ORG>; Burlington<GPE>; VT<GPE>; USA<GPE>
7845,"University of Versailles, PRiSM Laboratory, Versailles, France; E-mail: {philippe.pucheral;luc.bouganim;christophe.bobineau}@prism.uvsq.fr",University of Versailles; PRiSM Laboratory; Versailles; France,University of Versailles<ORG>; PRiSM Laboratory<ORG>; Versailles<GPE>; France<GPE>
1465,University of Washington,University of Washington,University of Washington<ORG>
7858,"University of Washington, Department of Computer Science and Engineering, Box 352350 Seattle, WA 98195, USA E-mail: {rap,alon}@cs.washington.edu",Department of Computer Science and Engineering; 352350; Seattle; WA; 98195; USA,Department of Computer Science and Engineering<ORG>; 352350<CARDINAL>; Seattle<GPE>; WA<GPE>; 98195<CARDINAL>; USA<GPE>
130,"University of Washington, Seattle",University of Washington; Seattle,University of Washington<ORG>; Seattle<GPE>
8584,"University of Washington, Seattle, USA",University of Washington; Seattle; USA,University of Washington<ORG>; Seattle<GPE>; USA<GPE>
242,"University of Washington, Seattle, WA",University of Washington; Seattle; WA,University of Washington<ORG>; Seattle<GPE>; WA<GPE>
7674,"University of Washington, Seattle, WA 98195, USA; e-mail: alon&commat;cs.washington.edu",Seattle; WA; 98195; USA,Seattle<GPE>; WA<GPE>; 98195<CARDINAL>; USA<GPE>
7675,"University of Washington, Seattle, WA 98195, USA; e-mail: suciu&commat;cs.washington.edu",University of Washington; Seattle; WA; 98195; USA,University of Washington<ORG>; Seattle<GPE>; WA<GPE>; 98195<CARDINAL>; USA<GPE>
5732,"University of Washington, Seattle, WA, USA",University of Washington; Seattle; WA; USA,University of Washington<ORG>; Seattle<GPE>; WA<GPE>; USA<GPE>
107,University of Waterloo,University of Waterloo,University of Waterloo<ORG>
2851,"University of Waterloo, Canada",University of Waterloo; Canada,University of Waterloo<ORG>; Canada<GPE>
8274,"University of Waterloo, Ontario, Canada",University of Waterloo; Ontario; Canada,University of Waterloo<ORG>; Ontario<GPE>; Canada<GPE>
3243,"University of Waterloo, Waterloo, Canada",University of Waterloo; Waterloo; Canada,University of Waterloo<ORG>; Waterloo<GPE>; Canada<GPE>
81,"University of Waterloo, Waterloo, ON, Canada",University of Waterloo; Waterloo; ON; Canada,University of Waterloo<ORG>; Waterloo<GPE>; ON<GPE>; Canada<GPE>
2149,"University of Waterloo, Waterloo, Ontario, Canada",University of Waterloo; Waterloo; Ontario; Canada,University of Waterloo<ORG>; Waterloo<GPE>; Ontario<GPE>; Canada<GPE>
2416,"University of Wisconsi, Madison, WI",University of Wisconsi; Madison; WI,University of Wisconsi<ORG>; Madison<GPE>; WI<GPE>
127,University of Wisconsin,University of Wisconsin,University of Wisconsin<ORG>
2205,University of Wisconsin - Madison,University of Wisconsin - Madison,University of Wisconsin - Madison<ORG>
4088,"University of Wisconsin - Madison, Madison, WI",University of Wisconsin; Madison; WI,University of Wisconsin<ORG>; Madison<GPE>; WI<GPE>
2422,University of Wisconsin -- Madison,University of Wisconsin; Madison,University of Wisconsin<ORG>; Madison<GPE>
3200,University of Wisconsin at Madison,University of Wisconsin at Madison,University of Wisconsin at Madison<ORG>
567,"University of Wisconsin at Madison, Madison, WI",University of Wisconsin at Madison; Madison; WI,University of Wisconsin at Madison<ORG>; Madison<GPE>; WI<GPE>
1076,University of Wisconsin-Madison,University of Wisconsin-Madison,University of Wisconsin-Madison<ORG>
1391,"University of Wisconsin-Madison, Department of Computer Sciences, Madison, WI",University of Wisconsin-Madison; Department of Computer Sciences; Madison; WI,University of Wisconsin-Madison<ORG>; Department of Computer Sciences<ORG>; Madison<GPE>; WI<GPE>
1369,"University of Wisconsin-Madison, Madison, WI",University of Wisconsin-Madison; Madison; WI,University of Wisconsin-Madison<ORG>; Madison<GPE>; WI<GPE>
6060,"University of Wisconsin-Madison, Madison, WI, USA",University of Wisconsin-Madison; Madison; WI; USA,University of Wisconsin-Madison<ORG>; Madison<GPE>; WI<GPE>; USA<GPE>
287,"University of Wisconsin, Madison",University of Wisconsin; Madison,University of Wisconsin<ORG>; Madison<GPE>
4018,"University of Wisconsin, Madison, Madison, WI",University of Wisconsin; Madison; WI,University of Wisconsin<ORG>; Madison<GPE>; WI<GPE>
89,"University of Wisconsin, Madison, WI",University of Wisconsin; Madison; WI,University of Wisconsin<ORG>; Madison<GPE>; WI<GPE>
5818,"University of Wisconsin, Madison, WI, USA",University of Wisconsin; Madison; WI; USA,University of Wisconsin<ORG>; Madison<GPE>; WI<GPE>; USA<GPE>
5026,University of Zurich,University of Zurich,University of Zurich<ORG>
9169,"University of Zurich, Zurich, Switzerland",University of Zurich; Zurich; Switzerland,University of Zurich<ORG>; Zurich<GPE>; Switzerland<GPE>
6371,"University of Zürich, Zürich, UNK, Switzerland",University of Zürich; Zürich; UNK; Switzerland,University of Zürich<ORG>; Zürich<GPE>; UNK<ORG>; Switzerland<GPE>
7847,"University Paris 6, LIP6 Laboratory, Paris, France; E-mail: patrick.valduriez@lip6.fr",LIP6 Laboratory; Paris; France,LIP6 Laboratory<ORG>; Paris<GPE>; France<GPE>
4002,"USC Information Sciences Institute, Marina del Rey, CA",USC Information Sciences Institute; Marina del Rey; CA,USC Information Sciences Institute<ORG>; Marina del Rey<GPE>; CA<GPE>
6307,"USC, Los Angeles, CA, USA",USC; Los Angeles; CA; USA,USC<ORG>; Los Angeles<GPE>; CA<GPE>; USA<GPE>
3566,UW Madison,UW Madison,UW Madison<ORG>
2289,UW-Madison,UW-Madison,UW-Madison<ORG>
2347,UWash,UWash,UWash<PERSON>
9638,UWisc,UWisc,UWisc<ORG>
3882,Verity Inc,Verity Inc,Verity Inc<ORG>
1874,"Verity Inc., Sunnyvale",Verity Inc.; Sunnyvale,Verity Inc.<ORG>; Sunnyvale<GPE>
6941,"Verizon Communication, 40 Sylvan Road, Waltham, MA",Verizon Communication; 40; Sylvan Road; Waltham; MA,Verizon Communication<ORG>; 40<CARDINAL>; Sylvan Road<FAC>; Waltham<GPE>; MA<GPE>
545,Virginia,Virginia,Virginia<GPE>
3805,Virginia Tech,Virginia Tech,Virginia Tech<ORG>
8047,"Westfälische Wilhelms-Universität Mänster, 48149 Mänster, Germany",Westfälische Wilhelms-Universität Mänster; 48149; Mänster; Germany,Westfälische Wilhelms-Universität Mänster<ORG>; 48149<CARDINAL>; Mänster<GPE>; Germany<GPE>
7078,"Wichita State University, Wichita, KS",Wichita State University; Wichita; KS,Wichita State University<ORG>; Wichita<GPE>; KS<GPE>
5811,"Wichita State University, Wichita, KS, USA",Wichita State University; Wichita; KS; USA,Wichita State University<ORG>; Wichita<GPE>; KS<GPE>; USA<GPE>
8443,wisc.edu,wisc.edu,wisc.edu<ORG>
4850,Worcester Polytechnic Institut,Worcester Polytechnic Institut,Worcester Polytechnic Institut<ORG>
3238,Worcester Polytechnic Institute,Worcester Polytechnic Institute,Worcester Polytechnic Institute<ORG>
78,"Worcester Polytechnic Institute, Worcester, MA",Worcester Polytechnic Institute; Worcester; MA,Worcester Polytechnic Institute<ORG>; Worcester<GPE>; MA<GPE>
6346,"Worcester Polytechnic Institute, Worcester, MA, USA",Worcester Polytechnic Institute; Worcester; MA; USA,Worcester Polytechnic Institute<ORG>; Worcester<GPE>; MA<GPE>; USA<GPE>
4852,WPI,WPI,WPI<ORG>
1043,Wright State University,Wright State University,Wright State University<ORG>
8252,"Wright State University, Dayton, Ohio",Wright State University; Dayton; Ohio,Wright State University<ORG>; Dayton<GPE>; Ohio<GPE>
7724,"Xerox Research Center Europe, Grenoble Laboratory. 6, chemin de Maupertuis, 38240 Meylan, France; e-mail: chidlovskii@xrce.xerox.com",Xerox Research Center Europe; Grenoble Laboratory; chemin de Maupertuis; Meylan; France,Xerox Research Center Europe<ORG>; Grenoble Laboratory<FAC>; chemin de Maupertuis<FAC>; Meylan<GPE>; France<GPE>
4967,"Xerox Research Centre, France",Xerox Research Centre; France,Xerox Research Centre<ORG>; France<GPE>
3761,Xyleme,Xyleme,Xyleme<PERSON>
6859,"Xyleme S.A., 6 rue Émile Verhaeren, 92210 St.Cloud, France",Xyleme S.A.; 6; 92210; France,Xyleme S.A.<ORG>; 6<CARDINAL>; 92210<CARDINAL>; France<GPE>
5499,"Yahoo! Inc, Santa Clara, CA",Yahoo! Inc; Santa Clara; CA,Yahoo! Inc<ORG>; Santa Clara<GPE>; CA<GPE>
629,"Yahoo! Inc., Sunnyvale, CA",Yahoo! Inc.; Sunnyvale; CA,Yahoo! Inc.<ORG>; Sunnyvale<GPE>; CA<GPE>
9261,"Yahoo! Inc., Sunnyvale, USA 94089",Yahoo! Inc.; Sunnyvale; USA; 94089,Yahoo! Inc.<ORG>; Sunnyvale<GPE>; USA<GPE>; 94089<CARDINAL>
3204,Yahoo! Labs,Yahoo! Labs,Yahoo! Labs<ORG>
5654,"Yahoo! Labs, Bangalore, India",Yahoo! Labs; Bangalore; India,Yahoo! Labs<ORG>; Bangalore<GPE>; India<GPE>
614,Yahoo! Research,Yahoo,Yahoo<ORG>
6104,"Yahoo! Research, Bangalore, India",Yahoo! Research; Bangalore; India,Yahoo! Research<ORG>; Bangalore<GPE>; India<GPE>
5225,"Yahoo! Research, Berkeley, CA",Yahoo!; Berkeley; CA,Yahoo!<ORG>; Berkeley<GPE>; CA<GPE>
5174,"Yahoo! Research, CA",Yahoo; CA,Yahoo<ORG>; CA<GPE>
6024,"Yahoo! Research, New York, NY, USA",Yahoo! Research; New York; NY; USA,Yahoo! Research<ORG>; New York<GPE>; NY<GPE>; USA<GPE>
9266,"Yahoo! Research, New York, USA 10018",Yahoo! Research; New York; USA; 10018,Yahoo! Research<ORG>; New York<GPE>; USA<GPE>; 10018<CARDINAL>
2519,"Yahoo! Research, Santa Clara, CA",Santa Clara; CA,Santa Clara<GPE>; CA<GPE>
5746,"Yahoo! Research, Santa Clara, CA, USA",Yahoo!; Santa Clara; CA; USA,Yahoo!<ORG>; Santa Clara<GPE>; CA<GPE>; USA<GPE>
9257,"Yahoo! Research, Santa Clara, USA 95054",Yahoo! Research; Santa Clara; USA; 95054,Yahoo! Research<ORG>; Santa Clara<GPE>; USA<GPE>; 95054<CARDINAL>
9077,"Yahoo! Research, Sunnyvale, CA",Yahoo!; Sunnyvale; CA,Yahoo!<ORG>; Sunnyvale<GPE>; CA<GPE>
9316,"Yahoo! Research, Sunnyvale, USA",Yahoo! Research; Sunnyvale; USA,Yahoo! Research<ORG>; Sunnyvale<GPE>; USA<GPE>
5592,"Yahoo!, Bangalore, India",Yahoo; Bangalore; India,Yahoo<ORG>; Bangalore<GPE>; India<GPE>
9566,"Yahoo!, Inc.","Yahoo!, Inc.","Yahoo!, Inc.<ORG>"
5392,"Yahoo!, Sunnyvale, CA",Yahoo; Sunnyvale; CA,Yahoo<ORG>; Sunnyvale<GPE>; CA<GPE>
6272,"Yahoo!, Sunnyvale, CA, USA",Yahoo; Sunnyvale; CA; USA,Yahoo<ORG>; Sunnyvale<GPE>; CA<GPE>; USA<GPE>
8639,Yahoo&excl; Research,Yahoo&excl,Yahoo&excl<ORG>
8856,"Yahoo&excl; Research, Sunnyvale, CA",Yahoo&excl; Research; Sunnyvale; CA,Yahoo&excl<ORG>; Research<ORG>; Sunnyvale<GPE>; CA<GPE>
2954,Yale University,Yale University,Yale University<ORG>
8484,"Yale University, New Haven, CT",Yale University; New Haven; CT,Yale University<ORG>; New Haven<GPE>; CT<GPE>
5802,"Yale University, New Haven, CT, USA",Yale University; New Haven; CT; USA,Yale University<ORG>; New Haven<GPE>; CT<GPE>; USA<GPE>
9272,"Yale University, New Haven, USA",Yale University; New Haven; USA,Yale University<ORG>; New Haven<GPE>; USA<GPE>
4201,York University,York University,York University<ORG>
6902,"York University, 4700 Keele Street, Toronto, Ontario M3J 1P3, Canada",York University; 4700; Keele Street; Toronto; Ontario; M3J 1P3; Canada,York University<ORG>; 4700<CARDINAL>; Keele Street<FAC>; Toronto<GPE>; Ontario<GPE>; M3J 1P3<FAC>; Canada<GPE>
8434,"York University, Canada",York University; Canada,York University<ORG>; Canada<GPE>
8949,"York University, Toronto ON, Canada",York University; Toronto ON; Canada,York University<ORG>; Toronto ON<GPE>; Canada<GPE>
63,"York University, Toronto, ON, Canada",York University; Toronto; ON; Canada,York University<ORG>; Toronto<GPE>; ON<GPE>; Canada<GPE>
5677,"Zhejiang University, China, China",Zhejiang University; China,Zhejiang University<ORG>; China<GPE>
9735,"Zhejiang University, Hangzhou, China",Zhejiang University; Hangzhou; China,Zhejiang University<ORG>; Hangzhou<GPE>; China<GPE>
