src_id,cand_id,prob_match,pred_match
22,1,0.92736673,1
455,1,0.8883821,1
983,1,0.57720745,1
1,1020,0.6348162,1
1,2246,0.32186726,1
4330,1,0.4966151,1
4397,1,0.6348162,1
1,6538,0.8883821,1
6783,1,0.57720745,1
7007,1,0.96807075,1
1,7120,0.8568565,1
1,7320,0.75606024,1
1,7392,0.9412182,1
7717,1,0.92715794,1
1,7861,0.32500723,1
1,7913,0.67883986,1
7999,1,0.80467004,1
8098,1,0.9449751,1
1,8206,0.8568565,1
2,543,0.5284999,1
547,2,0.3043483,1
548,2,0.88359624,1
2,903,0.43341133,1
2,1816,0.3043483,1
4199,2,0.57266635,1
2,5486,0.5661266,1
2,6064,0.32726088,1
2,6278,0.31310654,1
2,7466,0.36203596,1
7509,2,0.684516,1
2,8198,0.6626094,1
8667,2,0.35547674,1
9794,2,0.5297897,1
22,3,0.9060694,1
3,100,0.81949586,1
455,3,0.6693482,1
3,983,0.39851627,1
1020,3,0.8751461,1
3,4330,0.3413152,1
4397,3,0.8751461,1
5172,3,0.3659114,1
3,5232,0.3630241,1
3,6511,0.602512,1
3,6538,0.6693482,1
6586,3,0.586571,1
3,6602,0.5833566,1
3,6783,0.39851627,1
3,6804,0.7464229,1
7007,3,0.45351163,1
7120,3,0.41118193,1
7320,3,0.6933118,1
3,7717,0.67091346,1
3,7861,0.9022444,1
7999,3,0.42463955,1
8098,3,0.62379307,1
3,8206,0.41118193,1
4476,4,0.7614355,1
4,5866,0.5885052,1
4,7795,0.7515622,1
8204,4,0.63597935,1
8376,4,0.46563354,1
8759,4,0.7714953,1
9434,4,0.51945025,1
268,6,0.50900173,1
6,2226,0.31860542,1
2228,6,0.7879475,1
5709,6,0.8389665,1
6,8558,0.77961516,1
6,8683,0.33043402,1
6,8774,0.30543128,1
6,9175,0.47781244,1
75,7,0.35718688,1
120,7,0.74883294,1
7,515,0.86134756,1
762,7,0.56545705,1
7,1274,0.33023012,1
7,1527,0.7736425,1
7,2226,0.90303063,1
7,2363,0.3291499,1
2419,7,0.64797723,1
3308,7,0.31825826,1
7,4814,0.330516,1
7,5554,0.8089482,1
7,5710,0.96672064,1
6166,7,0.41827512,1
7,7890,0.3298998,1
8687,7,0.73201823,1
7,9292,0.3813557,1
9486,7,0.4936432,1
8,272,0.97650415,1
8,436,0.7945559,1
727,8,0.9929792,1
732,8,0.9807843,1
733,8,0.87962574,1
1216,8,0.9869528,1
1394,8,0.64033926,1
1512,8,0.9869528,1
4748,8,0.94564164,1
5795,8,0.9322692,1
7284,8,0.88359624,1
8,7882,0.64604086,1
7889,8,0.64954334,1
7958,8,0.6194292,1
8,8379,0.30140316,1
8,8696,0.98250854,1
8761,8,0.8962557,1
8769,8,0.8435403,1
8800,8,0.9291175,1
9388,8,0.76772296,1
11,128,0.9220821,1
171,11,0.6877722,1
11,335,0.7022917,1
352,11,0.8244965,1
714,11,0.5185417,1
11,767,0.91861594,1
11,868,0.552871,1
11,1222,0.6683555,1
1255,11,0.82259685,1
11,1507,0.69513357,1
1599,11,0.7102264,1
1811,11,0.5469521,1
1977,11,0.6716149,1
2283,11,0.42229003,1
2549,11,0.55515814,1
11,2765,0.7647763,1
11,2839,0.45503414,1
3428,11,0.64365447,1
3440,11,0.40849993,1
5138,11,0.8337408,1
11,5173,0.60685986,1
5820,11,0.89419156,1
5843,11,0.33626768,1
5900,11,0.4259113,1
11,5938,0.34513816,1
6042,11,0.7861792,1
11,6048,0.36139986,1
6093,11,0.60937434,1
11,6443,0.4303881,1
11,6481,0.89008456,1
11,6593,0.50651264,1
6605,11,0.5521989,1
7751,11,0.8016683,1
11,7876,0.8325337,1
11,8021,0.9551797,1
8031,11,0.5525978,1
8162,11,0.60412484,1
8289,11,0.43550137,1
11,8429,0.93776375,1
11,8652,0.3922211,1
8843,11,0.64365447,1
9055,11,0.48921996,1
11,9138,0.82259685,1
11,9210,0.9102992,1
11,9211,0.91861594,1
9465,11,0.6201424,1
9677,11,0.3130122,1
12,479,0.67351776,1
12,1734,0.3669593,1
2935,12,0.61085325,1
12,6026,0.5776387,1
12,6754,0.80458814,1
12,6957,0.8843366,1
8004,12,0.53590244,1
9237,12,0.94645673,1
38,15,0.951453,1
350,15,0.88162917,1
681,15,0.9928543,1
15,789,0.4380119,1
1579,15,0.86394125,1
15,1715,0.88359624,1
15,1856,0.88359624,1
2886,15,0.8992544,1
2900,15,0.79407966,1
15,3276,0.81099313,1
3865,15,0.72736794,1
4456,15,0.88162917,1
4606,15,0.5318009,1
15,5339,0.8411673,1
15,5371,0.8620567,1
15,5574,0.8389012,1
5767,15,0.9640052,1
5780,15,0.8303348,1
5837,15,0.7883495,1
15,5887,0.96175206,1
6150,15,0.6693167,1
15,6440,0.72736794,1
15,6549,0.88359624,1
6588,15,0.81817806,1
15,7055,0.88162917,1
15,7139,0.951453,1
7434,15,0.85643023,1
7849,15,0.8618955,1
7927,15,0.72944444,1
8069,15,0.9333266,1
8444,15,0.8303348,1
8445,15,0.8249144,1
8853,15,0.7932833,1
9064,15,0.8357723,1
15,9338,0.9406958,1
9429,15,0.6642314,1
233,18,0.7797649,1
424,18,0.3428269,1
18,651,0.3662818,1
896,18,0.98236257,1
943,18,0.974649,1
1462,18,0.9750737,1
1463,18,0.7789556,1
18,4139,0.8633606,1
5598,18,0.89685774,1
6472,18,0.9898162,1
6519,18,0.614808,1
18,7670,0.39608178,1
8062,18,0.58832306,1
18,8063,0.41239205,1
18,8064,0.8276815,1
8354,18,0.37747246,1
8575,18,0.87584496,1
18,9039,0.83936375,1
18,9040,0.46630362,1
9041,18,0.93474686,1
18,9792,0.695656,1
20,31,0.85641325,1
34,20,0.9441968,1
20,240,0.8886052,1
20,428,0.89711475,1
20,689,0.42059752,1
1109,20,0.94199663,1
20,1322,0.63851565,1
20,1659,0.46621746,1
1759,20,0.38493443,1
20,1826,0.66024643,1
20,2071,0.31402776,1
20,2091,0.49013072,1
4161,20,0.39548922,1
20,6944,0.679882,1
20,7789,0.38589585,1
8306,20,0.8903979,1
20,8479,0.9423599,1
20,8532,0.9225713,1
8679,20,0.49005526,1
8950,20,0.9441968,1
9056,20,0.9441968,1
20,9480,0.6717465,1
100,22,0.33538833,1
455,22,0.81596375,1
22,983,0.9075803,1
22,1020,0.9197981,1
4397,22,0.9197981,1
6511,22,0.38997388,1
22,6538,0.81596375,1
22,6783,0.9075803,1
22,7007,0.8405131,1
22,7120,0.7496661,1
7320,22,0.9505647,1
22,7392,0.66672283,1
22,7717,0.90558696,1
7861,22,0.43957272,1
22,7913,0.46296656,1
22,7999,0.68996364,1
8098,22,0.97442484,1
22,8206,0.7496661,1
212,26,0.95947295,1
296,26,0.80159444,1
570,26,0.91528887,1
743,26,0.7874875,1
26,788,0.94537807,1
26,1078,0.9582783,1
1157,26,0.7296708,1
26,3485,0.841862,1
4013,26,0.9582783,1
4075,26,0.9630977,1
26,4792,0.92618513,1
26,5571,0.85632104,1
5657,26,0.95188636,1
26,5703,0.90955055,1
5704,26,0.95188636,1
6039,26,0.8893104,1
7812,26,0.89908475,1
26,7856,0.81755364,1
26,7947,0.8798857,1
8418,26,0.6283275,1
8663,26,0.91567945,1
4422,29,0.9335494,1
29,8695,0.4287949,1
5945,30,0.7317086,1
9083,30,0.7168593,1
34,31,0.8747661,1
240,31,0.79090273,1
31,428,0.82602555,1
31,689,0.6483889,1
1109,31,0.7891667,1
1322,31,0.39249945,1
1659,31,0.5018012,1
1759,31,0.95735437,1
31,1826,0.83886355,1
2071,31,0.9661519,1
2091,31,0.5561825,1
31,2093,0.63666195,1
31,4161,0.31440872,1
6944,31,0.8694598,1
7789,31,0.4674119,1
31,8306,0.6331046,1
8479,31,0.8101208,1
31,8532,0.82870567,1
8679,31,0.40302604,1
8809,31,0.6121739,1
31,8950,0.8747661,1
9056,31,0.8747661,1
9480,31,0.41458145,1
32,966,0.89300436,1
32,9294,0.94048077,1
34,240,0.8496438,1
34,428,0.97140247,1
34,689,0.42627156,1
1109,34,0.94946784,1
34,1322,0.5187082,1
34,1659,0.5932354,1
34,1759,0.72090876,1
34,1826,0.73935944,1
34,2071,0.45986646,1
34,2091,0.7229381,1
6944,34,0.9957838,1
34,7789,0.7443531,1
7791,34,0.42548713,1
34,8306,0.93344676,1
34,8479,0.8725258,1
34,8532,0.8829654,1
34,8679,0.6583412,1
34,8809,0.40623915,1
8950,34,0.88359624,1
9056,34,0.88359624,1
34,9480,0.82604975,1
66,37,0.47554046,1
37,1261,0.59424233,1
2131,37,0.80491877,1
2138,37,0.6999029,1
2840,37,0.8634559,1
37,3310,0.92586476,1
3631,37,0.9056825,1
5066,37,0.7635709,1
5117,37,0.9285953,1
7439,37,0.748065,1
7771,37,0.5874206,1
37,7886,0.5307658,1
37,8139,0.6639456,1
37,8842,0.46315226,1
681,38,0.95263827,1
38,789,0.6495523,1
1715,38,0.951453,1
1856,38,0.951453,1
2886,38,0.7586625,1
38,2900,0.6259276,1
38,3276,0.96408516,1
3865,38,0.9344551,1
38,5371,0.82116014,1
5574,38,0.56107354,1
5767,38,0.9390288,1
5887,38,0.51826006,1
6150,38,0.84903175,1
6440,38,0.9344551,1
38,6549,0.951453,1
38,6588,0.46686885,1
38,7139,0.88359624,1
7603,38,0.40527064,1
38,7849,0.8209281,1
7927,38,0.635988,1
8069,38,0.8881455,1
8445,38,0.6948421,1
8853,38,0.8182753,1
9064,38,0.78591645,1
9338,38,0.84436184,1
51,41,0.9250482,1
516,41,0.86770433,1
760,41,0.68793976,1
41,1034,0.7004185,1
41,1387,0.6631187,1
41,1525,0.4660366,1
1810,41,0.8859266,1
41,1812,0.8859266,1
1915,41,0.8250965,1
41,2236,0.6603726,1
41,2323,0.90780395,1
41,3241,0.36631998,1
41,3242,0.67366487,1
3244,41,0.79914826,1
3260,41,0.9787177,1
3826,41,0.9076316,1
4501,41,0.54000485,1
41,4795,0.7856972,1
41,5325,0.8744817,1
41,5566,0.8085238,1
41,5604,0.8319085,1
5676,41,0.93189806,1
41,6166,0.50886613,1
7623,41,0.65931785,1
7811,41,0.47040525,1
41,8612,0.53624445,1
41,8683,0.7747333,1
8774,41,0.788674,1
41,9175,0.71091956,1
9232,41,0.657882,1
41,9276,0.8164155,1
9385,41,0.76234436,1
42,3038,0.9282495,1
3111,42,0.98171175,1
9020,42,0.9247511,1
42,9306,0.780757,1
677,45,0.8244167,1
45,1492,0.9856554,1
45,1982,0.80771786,1
45,2732,0.8272281,1
45,3202,0.92890155,1
45,4490,0.970658,1
45,5158,0.9729541,1
5501,45,0.970658,1
5651,45,0.8272567,1
5779,45,0.8272567,1
45,6843,0.9951473,1
45,6860,0.9701516,1
8411,45,0.970658,1
45,8514,0.5233252,1
9310,45,0.94251597,1
48,70,0.7744862,1
48,195,0.83946127,1
540,48,0.6554298,1
694,48,0.456535,1
762,48,0.45165285,1
840,48,0.5712302,1
48,1390,0.5240879,1
48,1769,0.56092113,1
2226,48,0.32386532,1
2363,48,0.9271642,1
2419,48,0.36398128,1
2461,48,0.9238615,1
3223,48,0.30355424,1
3308,48,0.862901,1
4814,48,0.59560627,1
48,5280,0.7622135,1
5403,48,0.4352509,1
7747,48,0.6200591,1
7810,48,0.55442274,1
48,7890,0.4825262,1
48,8687,0.30711204,1
8804,48,0.4689303,1
8992,48,0.4058012,1
9231,48,0.52207536,1
9376,48,0.89564675,1
263,50,0.35733265,1
448,50,0.978865,1
627,50,0.6770929,1
682,50,0.7960318,1
791,50,0.978865,1
816,50,0.51951456,1
1336,50,0.83420885,1
1342,50,0.69179547,1
2302,50,0.58491087,1
4109,50,0.978865,1
5860,50,0.46565795,1
6254,50,0.5423713,1
6490,50,0.35733265,1
6574,50,0.545678,1
6718,50,0.48667964,1
50,6762,0.41615772,1
50,8163,0.7705071,1
8737,50,0.385802,1
50,8896,0.80522573,1
516,51,0.78091526,1
760,51,0.6004935,1
51,1034,0.6453216,1
1387,51,0.8594864,1
51,1525,0.5080875,1
1767,51,0.52127755,1
51,1810,0.6827054,1
51,1812,0.6827054,1
51,1915,0.7633144,1
2226,51,0.3428292,1
2236,51,0.640421,1
2323,51,0.9675312,1
3242,51,0.9154931,1
3244,51,0.8756531,1
3260,51,0.70435673,1
3826,51,0.67226017,1
51,4501,0.7827774,1
4795,51,0.31292275,1
5325,51,0.85335904,1
51,5403,0.51511914,1
5566,51,0.7532676,1
51,5604,0.8312314,1
51,5676,0.80796534,1
7623,51,0.77431107,1
7811,51,0.43574867,1
8612,51,0.6368763,1
51,8683,0.7155555,1
8774,51,0.7710635,1
51,9175,0.84921914,1
51,9232,0.7055922,1
51,9276,0.8054243,1
9385,51,0.49438184,1
200,52,0.882201,1
687,52,0.98455113,1
52,738,0.97355735,1
52,1268,0.7619213,1
1474,52,0.68897706,1
1914,52,0.41594437,1
2418,52,0.96919966,1
2439,52,0.85164094,1
3172,52,0.9219846,1
52,4009,0.60707074,1
4574,52,0.8631942,1
4953,52,0.5071883,1
5126,52,0.9585495,1
52,5234,0.41740054,1
52,5291,0.9403052,1
5621,52,0.8617579,1
52,6532,0.9032378,1
6694,52,0.6329605,1
6723,52,0.59407014,1
52,6918,0.6140521,1
52,7324,0.8139861,1
7768,52,0.67328584,1
52,8013,0.54872644,1
52,8330,0.9032378,1
52,8692,0.8083045,1
8694,52,0.7974789,1
52,8785,0.7547475,1
52,8997,0.924911,1
9307,52,0.7408482,1
196,56,0.9328003,1
554,56,0.3138961,1
633,56,0.9328003,1
56,755,0.8259065,1
56,758,0.7863389,1
56,1061,0.96934533,1
56,1518,0.71102035,1
56,1753,0.67268455,1
1921,56,0.8538531,1
56,2075,0.78525585,1
56,2467,0.95895255,1
3856,56,0.7723806,1
4848,56,0.82366097,1
5366,56,0.8851239,1
56,7715,0.6952961,1
7892,56,0.8822465,1
56,8150,0.77155775,1
8170,56,0.52857673,1
56,8728,0.75683457,1
59,1782,0.78896374,1
59,1987,0.8749195,1
59,2255,0.92657983,1
5105,59,0.97078305,1
6562,59,0.67881334,1
6776,59,0.57389045,1
8832,59,0.38528007,1
60,1483,0.9736916,1
1839,60,0.9152149,1
3659,60,0.9013457,1
60,5839,0.6714689,1
6563,60,0.9964185,1
7038,60,0.6135316,1
8125,60,0.40066546,1
60,8301,0.33513618,1
63,4201,0.64828247,1
8434,63,0.49589103,1
63,8949,0.88359624,1
8435,64,0.8034705,1
66,1261,0.63089687,1
66,2131,0.7528363,1
2138,66,0.46453106,1
66,2840,0.72546476,1
3310,66,0.90820706,1
3631,66,0.900478,1
5066,66,0.34415683,1
66,5117,0.6466537,1
7439,66,0.5968937,1
7771,66,0.54247147,1
66,7886,0.76437145,1
8139,66,0.64270353,1
8842,66,0.5172249,1
70,195,0.6824964,1
540,70,0.4785456,1
694,70,0.6959082,1
70,840,0.6129333,1
1390,70,0.79263616,1
1522,70,0.30415264,1
70,1769,0.6690333,1
70,2226,0.33261272,1
2363,70,0.8274456,1
2419,70,0.58630514,1
2461,70,0.9034696,1
3223,70,0.46092743,1
3308,70,0.7267687,1
5280,70,0.732962,1
70,5566,0.34713122,1
70,7747,0.763535,1
7810,70,0.66336066,1
8687,70,0.35044524,1
8804,70,0.64811736,1
70,8992,0.4074046,1
70,9231,0.78872466,1
70,9276,0.3489775,1
9376,70,0.8774755,1
9493,70,0.40562505,1
70,9495,0.46140018,1
919,72,0.7170406,1
72,1156,0.98672557,1
1807,72,0.684953,1
2440,72,0.73596174,1
6402,72,0.76431865,1
72,6468,0.53665715,1
6690,72,0.49767113,1
6738,72,0.8356821,1
72,6979,0.8943033,1
72,9374,0.7983531,1
762,75,0.62166494,1
75,1274,0.72136325,1
1522,75,0.9058403,1
2226,75,0.5010885,1
75,2419,0.36913002,1
75,3308,0.40864927,1
4814,75,0.9349468,1
6967,75,0.41681373,1
7890,75,0.71130145,1
8686,75,0.31960085,1
9292,75,0.7865313,1
173,76,0.8187008,1
746,76,0.37183288,1
76,2990,0.70005065,1
5661,76,0.5186631,1
76,6178,0.710995,1
8355,76,0.34652013,1
907,78,0.99692315,1
78,2161,0.99692315,1
3238,78,0.945002,1
78,4850,0.9840316,1
6346,78,0.9548395,1
78,7984,0.77510786,1
78,8243,0.9719098,1
81,107,0.9571263,1
597,81,0.8409843,1
81,1448,0.90638614,1
81,1926,0.72747165,1
2149,81,0.90952253,1
81,2851,0.90214086,1
81,3243,0.9775688,1
81,6505,0.7338003,1
7607,81,0.96776676,1
81,7799,0.47271672,1
81,8059,0.7925661,1
8274,81,0.6653806,1
81,8538,0.824128,1
8748,81,0.64096427,1
772,86,0.86623573,1
892,86,0.88136125,1
2087,86,0.7231995,1
86,8530,0.8790336,1
127,89,0.8295898,1
89,287,0.9875923,1
89,567,0.95096546,1
616,89,0.9589723,1
89,1019,0.9681644,1
1064,89,0.8895271,1
89,1076,0.9875923,1
1369,89,0.9749894,1
1391,89,0.98879236,1
89,1409,0.9734876,1
1546,89,0.9553035,1
2205,89,0.9875923,1
2289,89,0.7858191,1
89,2416,0.91747844,1
89,2422,0.9875923,1
2899,89,0.9381951,1
3200,89,0.7232563,1
3566,89,0.7858191,1
89,4018,0.9749894,1
89,4088,0.9749894,1
89,5818,0.93088615,1
89,6060,0.9461316,1
6506,89,0.3664624,1
89,6530,0.5296799,1
6570,89,0.9299043,1
6851,89,0.8895271,1
89,7090,0.9681644,1
7180,89,0.8817662,1
7671,89,0.66611516,1
89,7910,0.69700974,1
8684,89,0.7353016,1
89,9074,0.9381951,1
255,92,0.31097516,1
92,742,0.7185789,1
92,977,0.45005286,1
1144,92,0.531498,1
1158,92,0.52568275,1
92,3858,0.8654386,1
92,4838,0.85557437,1
92,5256,0.7088175,1
92,5625,0.9302653,1
6587,92,0.7305308,1
7024,92,0.39811176,1
7094,92,0.88462967,1
92,7113,0.9538387,1
92,7413,0.31829846,1
7997,92,0.41354,1
8542,92,0.85332674,1
92,8890,0.7145303,1
100,7320,0.44264188,1
199,101,0.3332354,1
300,101,0.7121109,1
1081,101,0.92460907,1
1117,101,0.8589299,1
101,1119,0.97489727,1
1720,101,0.9048444,1
2271,101,0.97903067,1
2501,101,0.5683199,1
3567,101,0.41807863,1
3717,101,0.85435104,1
4043,101,0.65973735,1
5537,101,0.7709143,1
101,5692,0.80246466,1
101,6799,0.30892485,1
7692,101,0.58225846,1
7758,101,0.37702423,1
101,8238,0.5780901,1
101,8661,0.87121433,1
101,8701,0.553488,1
9262,101,0.6399005,1
103,454,0.88359624,1
1072,103,0.95209295,1
103,1456,0.95629334,1
103,1635,0.9647191,1
103,1702,0.88359624,1
2240,103,0.78777915,1
2964,103,0.95209295,1
3117,103,0.95209295,1
3142,103,0.88359624,1
3435,103,0.92105544,1
4046,103,0.88359624,1
4168,103,0.95209295,1
4264,103,0.95209295,1
103,5204,0.7879162,1
5773,103,0.8203469,1
103,5865,0.8517927,1
103,5996,0.8517927,1
6156,103,0.6622457,1
6259,103,0.7009951,1
6367,103,0.8690805,1
103,6764,0.88359624,1
6808,103,0.7702633,1
7080,103,0.88359624,1
7112,103,0.80488384,1
103,7429,0.88359624,1
103,7624,0.88359624,1
7659,103,0.95209295,1
7699,103,0.84923095,1
7710,103,0.88206625,1
103,7730,0.84373116,1
7733,103,0.9009484,1
7737,103,0.88826644,1
7761,103,0.9207079,1
8024,103,0.97627664,1
103,8034,0.95629334,1
103,8577,0.97627664,1
8948,103,0.95209295,1
9240,103,0.7031305,1
103,9264,0.78383887,1
103,9400,0.8118667,1
107,597,0.68296903,1
1926,107,0.92607147,1
2149,107,0.89911723,1
107,2851,0.8328852,1
107,3243,0.847408,1
6505,107,0.83799964,1
7607,107,0.70142055,1
7799,107,0.51098865,1
107,8059,0.75020623,1
8274,107,0.86369175,1
107,8538,0.77791685,1
107,8748,0.4486235,1
2902,110,0.47955015,1
110,4052,0.52996695,1
110,8439,0.5914333,1
350,111,0.9581872,1
111,1579,0.96895,1
4456,111,0.9581872,1
4601,111,0.9744732,1
4606,111,0.9691804,1
111,5837,0.90842855,1
7055,111,0.9581872,1
111,7141,0.97198796,1
111,7356,0.97198796,1
8442,111,0.97906816,1
9429,111,0.88068074,1
113,144,0.9443088,1
542,113,0.9585505,1
630,113,0.9574366,1
113,844,0.7206686,1
113,1182,0.9607491,1
1508,113,0.62697965,1
113,1591,0.73544276,1
1859,113,0.99381906,1
1872,113,0.9379716,1
5772,113,0.9870537,1
6233,113,0.98349935,1
113,6423,0.9896798,1
113,6709,0.81721234,1
113,6863,0.8960652,1
113,7579,0.8942626,1
7673,113,0.9359689,1
113,7857,0.8127082,1
113,7883,0.7184838,1
113,7943,0.8877509,1
8078,113,0.48887768,1
8082,113,0.9437651,1
8645,113,0.5884225,1
113,9300,0.93353593,1
114,1459,0.65261894,1
2626,114,0.90053326,1
114,3402,0.9800325,1
114,6682,0.36609375,1
8914,114,0.9272385,1
1727,117,0.7270494,1
1905,117,0.9585288,1
2280,117,0.98107564,1
117,3486,0.88359624,1
117,5311,0.9585288,1
5640,117,0.92704225,1
6220,117,0.9219653,1
6436,117,0.92704225,1
117,6779,0.7353746,1
6845,117,0.60885537,1
7621,117,0.9365771,1
7936,117,0.5909786,1
8814,117,0.4520278,1
119,933,0.71025753,1
119,1875,0.6976686,1
2663,119,0.98402023,1
119,5569,0.9338821,1
119,6512,0.57864076,1
6752,119,0.7480522,1
7996,119,0.98278946,1
119,8671,0.975248,1
8831,119,0.8770778,1
515,120,0.9122141,1
762,120,0.4641855,1
1527,120,0.74122715,1
2226,120,0.5969726,1
2419,120,0.95524836,1
3242,120,0.3315358,1
120,3308,0.32282764,1
5554,120,0.9724371,1
120,5710,0.8849817,1
120,6166,0.50394744,1
7083,120,0.6824447,1
8687,120,0.7467872,1
120,8992,0.5596064,1
120,9486,0.8788169,1
407,122,0.9220396,1
122,538,0.797553,1
122,1080,0.9800655,1
122,1155,0.9802696,1
1734,122,0.9339243,1
3993,122,0.83004636,1
4136,122,0.6624398,1
122,6496,0.7308266,1
6745,122,0.7031637,1
7240,122,0.86904335,1
122,7582,0.9216775,1
7628,122,0.7236061,1
7695,122,0.6974066,1
7712,122,0.8143165,1
122,7760,0.7264856,1
122,7967,0.79190797,1
8449,122,0.86904335,1
287,127,0.8064423,1
127,567,0.37225562,1
616,127,0.63891363,1
127,1019,0.5624263,1
127,1064,0.55050784,1
127,1076,0.8064423,1
1369,127,0.7116322,1
1391,127,0.932497,1
127,1409,0.7748124,1
1546,127,0.6302325,1
2205,127,0.8064423,1
2422,127,0.8064423,1
127,2899,0.71392,1
3200,127,0.56853616,1
4018,127,0.7116322,1
4088,127,0.7116322,1
127,5818,0.7563054,1
127,6060,0.3673284,1
127,6506,0.71121037,1
6530,127,0.7310132,1
127,6570,0.5969066,1
127,6851,0.55050784,1
7090,127,0.5624263,1
127,7671,0.4401902,1
7910,127,0.6168644,1
127,8684,0.83571684,1
9074,127,0.71392,1
128,171,0.75453264,1
128,335,0.915486,1
352,128,0.94478625,1
128,767,0.9517741,1
868,128,0.8155967,1
1222,128,0.9142908,1
128,1255,0.88520736,1
128,1507,0.855628,1
1599,128,0.7830165,1
1811,128,0.40889242,1
128,1977,0.95436287,1
2283,128,0.51635355,1
128,2549,0.80847603,1
2765,128,0.84329474,1
3428,128,0.62532103,1
3440,128,0.9232535,1
4863,128,0.35356605,1
128,5138,0.5312311,1
5173,128,0.5671404,1
128,5820,0.58573586,1
5843,128,0.44030935,1
5900,128,0.67670363,1
5938,128,0.35049906,1
6042,128,0.7933276,1
6093,128,0.7534852,1
6481,128,0.7060845,1
6551,128,0.30659068,1
6593,128,0.3626996,1
128,6605,0.7724998,1
7122,128,0.6391385,1
128,7751,0.8724506,1
7876,128,0.82413006,1
128,8021,0.8669299,1
8031,128,0.44586062,1
128,8162,0.7636305,1
128,8289,0.31034926,1
128,8429,0.91736424,1
8843,128,0.62532103,1
128,9138,0.88520736,1
9210,128,0.8676868,1
9211,128,0.9517741,1
128,9465,0.8350438,1
128,9659,0.3984953,1
9677,128,0.81492937,1
242,130,0.9924045,1
1022,130,0.9804503,1
1465,130,0.809329,1
130,4406,0.9087699,1
5732,130,0.9336956,1
130,6658,0.8845758,1
130,6847,0.9109974,1
130,7674,0.93888104,1
130,7675,0.927535,1
130,7721,0.5251856,1
7732,130,0.4063399,1
130,7858,0.8326281,1
130,7867,0.7311156,1
130,7948,0.64056015,1
130,8135,0.37880027,1
8584,130,0.84671783,1
9467,130,0.8520773,1
132,202,0.95085174,1
237,132,0.722221,1
779,132,0.8894176,1
132,1092,0.8523854,1
1121,132,0.722221,1
1126,132,0.5917749,1
1276,132,0.88612515,1
132,1330,0.70382696,1
132,2596,0.77772105,1
3069,132,0.4400621,1
132,3619,0.88359624,1
4481,132,0.86160326,1
132,5076,0.56298727,1
6821,132,0.722221,1
6909,132,0.73323905,1
7022,132,0.811517,1
7864,132,0.72883445,1
7930,132,0.722221,1
132,8041,0.5086619,1
8207,132,0.6464196,1
882,135,0.48854542,1
1016,135,0.442903,1
135,1017,0.32184356,1
135,1124,0.77120626,1
135,1288,0.32448655,1
1360,135,0.62996316,1
1365,135,0.77120626,1
1682,135,0.34564203,1
135,1684,0.442903,1
135,1858,0.78860325,1
2835,135,0.62996316,1
2901,135,0.580434,1
3531,135,0.88359624,1
5093,135,0.98134816,1
5542,135,0.6470476,1
135,6435,0.7708904,1
6809,135,0.948331,1
135,7565,0.9749536,1
7656,135,0.8290021,1
135,7987,0.56375104,1
135,8117,0.971846,1
9450,135,0.9773406,1
542,144,0.98486054,1
630,144,0.9335824,1
144,844,0.45319378,1
1182,144,0.9917297,1
144,1508,0.45102367,1
1859,144,0.91012394,1
1872,144,0.9683723,1
5772,144,0.9396255,1
144,6233,0.9584611,1
6423,144,0.97190475,1
6565,144,0.60906875,1
144,6709,0.77110845,1
144,6863,0.9050016,1
144,7579,0.9735256,1
144,7673,0.7890735,1
7857,144,0.89107853,1
7883,144,0.7206449,1
7943,144,0.42235827,1
8078,144,0.38890728,1
144,8082,0.88303787,1
144,8645,0.65773404,1
144,9300,0.84235466,1
146,189,0.932649,1
192,146,0.90879786,1
401,146,0.7182191,1
621,146,0.36717412,1
771,146,0.90879786,1
146,2116,0.3258453,1
146,3160,0.43441772,1
146,4749,0.7406567,1
146,5518,0.60814047,1
8417,146,0.7182191,1
153,230,0.975421,1
645,153,0.7137754,1
153,1834,0.52521384,1
2046,153,0.41045016,1
153,4386,0.769138,1
5005,153,0.8853508,1
153,5757,0.9823714,1
5803,153,0.7212388,1
8195,153,0.33942178,1
9273,153,0.6772893,1
1009,155,0.6752521,1
155,1533,0.98012346,1
155,1539,0.3852593,1
5706,155,0.8991346,1
155,7916,0.6462019,1
5128,156,0.62890834,1
156,6750,0.78527004,1
156,8171,0.31227016,1
728,164,0.35184357,1
736,164,0.66293234,1
164,1824,0.33272457,1
164,4644,0.88359624,1
5999,164,0.738125,1
164,7917,0.58549356,1
164,9625,0.6979506,1
450,167,0.38442644,1
3005,167,0.49715808,1
4416,167,0.6980857,1
7865,167,0.46711177,1
170,5697,0.8938846,1
335,171,0.85413706,1
352,171,0.9412053,1
767,171,0.88003904,1
171,868,0.82392824,1
1222,171,0.9057629,1
1255,171,0.6046166,1
171,1507,0.6772651,1
171,1599,0.9039604,1
1977,171,0.9351789,1
171,2549,0.92776763,1
2765,171,0.8492268,1
171,3428,0.80703205,1
171,3440,0.6632392,1
5138,171,0.79226106,1
171,5820,0.70689374,1
171,5843,0.8756299,1
5900,171,0.9230451,1
171,6042,0.81568044,1
6093,171,0.93046963,1
171,6481,0.81508446,1
171,6605,0.65193254,1
171,7122,0.3778578,1
7751,171,0.86707973,1
171,7876,0.8127318,1
8021,171,0.6010404,1
8031,171,0.4513622,1
8843,171,0.80703205,1
9138,171,0.6046166,1
171,9210,0.7236428,1
171,9211,0.88003904,1
171,9465,0.8350302,1
9659,171,0.34908772,1
171,9677,0.61724913,1
1454,172,0.57962966,1
3718,172,0.7622821,1
6196,172,0.7140275,1
172,7872,0.70694166,1
172,9460,0.6361847,1
9461,172,0.45325032,1
173,746,0.8085218,1
173,2990,0.45919976,1
5661,173,0.922253,1
6178,173,0.6662723,1
2097,176,0.30494514,1
2259,176,0.34953132,1
176,2780,0.8237165,1
176,8257,0.37028402,1
182,308,0.6112934,1
450,182,0.8084391,1
607,182,0.9808609,1
1039,182,0.32873026,1
1115,182,0.45693716,1
1146,182,0.66848445,1
1148,182,0.45261675,1
1303,182,0.98258567,1
1640,182,0.30297863,1
182,2625,0.70356995,1
182,4416,0.45187235,1
7345,182,0.5833469,1
182,7585,0.4254876,1
182,7632,0.52779317,1
182,7865,0.7905435,1
182,7908,0.34267032,1
182,8746,0.84128934,1
773,183,0.91605324,1
1129,183,0.98822045,1
2382,183,0.5692907,1
622,184,0.9049191,1
184,4045,0.93516785,1
4175,184,0.41292408,1
184,4705,0.7696751,1
5268,184,0.4559444,1
184,6684,0.6450128,1
184,6949,0.7925856,1
7597,184,0.492065,1
184,7813,0.73936075,1
8717,184,0.51741016,1
189,192,0.9675886,1
401,189,0.8658377,1
189,621,0.9187874,1
189,771,0.9675886,1
1879,189,0.9255332,1
1955,189,0.53516173,1
189,2116,0.91764605,1
3160,189,0.5456185,1
4749,189,0.89414066,1
189,5518,0.8483868,1
189,8417,0.8658377,1
192,401,0.926877,1
192,621,0.9018022,1
192,771,0.88359624,1
1879,192,0.7786678,1
2116,192,0.8558645,1
3160,192,0.3695213,1
192,4749,0.9368469,1
5518,192,0.7672845,1
192,8417,0.926877,1
3603,193,0.47454005,1
193,7881,0.39824164,1
193,9502,0.92934746,1
540,195,0.5956527,1
840,195,0.36933154,1
1390,195,0.38133547,1
195,1769,0.4014014,1
195,2363,0.7992642,1
2419,195,0.35565114,1
2461,195,0.7836602,1
3308,195,0.84345424,1
4814,195,0.43167767,1
5280,195,0.7467262,1
7810,195,0.71233153,1
195,8992,0.31971788,1
195,9136,0.31554094,1
195,9231,0.45253134,1
195,9376,0.95411,1
195,9493,0.61828923,1
195,9495,0.52586967,1
554,196,0.42115483,1
196,633,0.88359624,1
755,196,0.7267251,1
758,196,0.56901675,1
196,1061,0.88496405,1
1518,196,0.79709345,1
196,1753,0.7432524,1
196,1921,0.903361,1
196,2075,0.68030924,1
2467,196,0.9696613,1
3856,196,0.852398,1
4848,196,0.9100908,1
196,5366,0.9207557,1
196,7715,0.8386334,1
7892,196,0.6739746,1
8150,196,0.5137761,1
8170,196,0.38554522,1
196,8337,0.35367984,1
8728,196,0.9311972,1
199,300,0.81359345,1
532,199,0.59801453,1
1081,199,0.6204428,1
1117,199,0.3559126,1
199,1119,0.54378545,1
1720,199,0.31182426,1
2271,199,0.8247845,1
2501,199,0.6597638,1
199,3717,0.39214364,1
199,4043,0.87385595,1
199,6799,0.48682562,1
199,8238,0.8702192,1
199,8661,0.40988272,1
199,9262,0.6078186,1
687,200,0.9763475,1
738,200,0.9767488,1
1268,200,0.63382566,1
1474,200,0.8129551,1
200,1914,0.60002875,1
200,2275,0.34496927,1
200,2418,0.9833475,1
2439,200,0.93398577,1
200,3172,0.81461424,1
200,4009,0.75934684,1
4574,200,0.86553717,1
4953,200,0.90159214,1
200,5126,0.9559922,1
200,5234,0.85803425,1
5291,200,0.9801697,1
5621,200,0.79421675,1
6532,200,0.97237456,1
6694,200,0.55409944,1
6723,200,0.6855805,1
200,6918,0.6480576,1
7324,200,0.81975925,1
7768,200,0.54358155,1
8013,200,0.47339773,1
200,8095,0.4427707,1
200,8330,0.97237456,1
200,8692,0.66080314,1
8694,200,0.8747993,1
8785,200,0.89299923,1
8997,200,0.8089858,1
9307,200,0.8964934,1
9327,200,0.49255317,1
237,202,0.7000308,1
779,202,0.94288695,1
1092,202,0.78445053,1
1121,202,0.7000308,1
202,1126,0.7993591,1
1276,202,0.9413203,1
1330,202,0.83118075,1
2596,202,0.7970555,1
3069,202,0.37743163,1
202,3619,0.95085174,1
202,3994,0.9381289,1
202,4481,0.80942976,1
202,5076,0.9246068,1
6821,202,0.7000308,1
6909,202,0.7962404,1
202,7022,0.8486584,1
202,7864,0.46274877,1
7930,202,0.7000308,1
202,8041,0.9241522,1
2927,205,0.9494646,1
205,3005,0.58120185,1
3034,205,0.76500195,1
3133,205,0.75884914,1
205,5739,0.8394284,1
205,8371,0.8970743,1
205,8872,0.30806008,1
8940,205,0.97566754,1
205,8941,0.9690689,1
212,296,0.72347844,1
570,212,0.9826234,1
743,212,0.79151905,1
212,788,0.94414157,1
1078,212,0.8952426,1
212,1157,0.60801756,1
212,3485,0.71114075,1
4013,212,0.8952426,1
212,4075,0.77123606,1
4792,212,0.91210115,1
5521,212,0.31867847,1
5571,212,0.8229857,1
212,5657,0.91754353,1
5703,212,0.957949,1
212,5704,0.91754353,1
212,6039,0.98975676,1
212,7812,0.6585995,1
212,7856,0.8670838,1
7860,212,0.3394978,1
212,7947,0.8363715,1
212,8663,0.9560126,1
222,438,0.8249711,1
763,222,0.9040837,1
1550,222,0.8426046,1
3524,222,0.759001,1
222,4527,0.9924045,1
5723,222,0.9322692,1
7827,222,0.643983,1
222,8779,0.9587316,1
8795,222,0.73190725,1
9267,222,0.69740427,1
645,230,0.63512075,1
1834,230,0.51876944,1
230,4386,0.7354263,1
5757,230,0.8885013,1
233,896,0.8071001,1
943,233,0.7910579,1
1462,233,0.9265304,1
233,1463,0.49362645,1
4139,233,0.7661817,1
5598,233,0.88239276,1
233,6472,0.8427413,1
233,6519,0.79797417,1
7670,233,0.66134703,1
8062,233,0.85614824,1
233,8063,0.82113254,1
8064,233,0.81417036,1
233,8354,0.74078286,1
233,8369,0.6404135,1
233,8575,0.90334123,1
9039,233,0.9688339,1
9040,233,0.74439144,1
233,9041,0.8676268,1
9792,233,0.5907791,1
1026,234,0.8333336,1
1090,234,0.9469434,1
1673,234,0.4396019,1
234,1836,0.62912595,1
234,4335,0.87855554,1
234,4524,0.94866186,1
5394,234,0.48267475,1
234,6333,0.70882416,1
234,7714,0.8855443,1
8027,234,0.9610312,1
237,779,0.43745908,1
237,1092,0.8164415,1
1121,237,0.88359624,1
237,1276,0.7334919,1
237,1292,0.7906571,1
237,1309,0.8671212,1
237,1330,0.76397485,1
237,2596,0.97409713,1
3069,237,0.86366934,1
237,3619,0.722221,1
3994,237,0.9366601,1
237,4481,0.6099744,1
237,6676,0.8462235,1
6821,237,0.88359624,1
237,6909,0.6869785,1
237,7022,0.6854721,1
237,7864,0.65088516,1
237,7930,0.88359624,1
428,240,0.8046502,1
1109,240,0.77744997,1
240,1322,0.55004877,1
240,1659,0.6753249,1
1759,240,0.7477925,1
240,1826,0.4324278,1
240,2091,0.3287988,1
240,2093,0.6872566,1
240,4158,0.4565124,1
5675,240,0.5300186,1
6944,240,0.8426385,1
240,7789,0.92078626,1
240,7791,0.3576908,1
8159,240,0.35724813,1
240,8306,0.80265164,1
240,8479,0.92467725,1
240,8532,0.7656763,1
240,8679,0.45802945,1
8809,240,0.50479287,1
8950,240,0.8496438,1
9056,240,0.8496438,1
9480,240,0.8582938,1
242,1022,0.9698648,1
1465,242,0.73511785,1
4406,242,0.9902076,1
242,5732,0.9322692,1
6658,242,0.6404647,1
6847,242,0.9631676,1
7674,242,0.80169463,1
242,7675,0.8415646,1
7721,242,0.6134916,1
7732,242,0.4040399,1
242,7858,0.8834409,1
242,7867,0.92791337,1
242,7948,0.71406484,1
242,8135,0.45361206,1
8584,242,0.9561621,1
9467,242,0.7785178,1
424,246,0.3508968,1
651,246,0.44188926,1
246,1463,0.30020335,1
246,1698,0.9212515,1
246,6059,0.9548395,1
8000,246,0.66172254,1
9041,246,0.41369542,1
251,3894,0.48628125,1
9502,251,0.55923516,1
749,253,0.8614497,1
977,255,0.3635338,1
255,1158,0.5810002,1
255,3858,0.87857807,1
6587,255,0.6377701,1
7024,255,0.5977046,1
255,7094,0.6788467,1
255,7113,0.9587775,1
7413,255,0.6075936,1
2331,257,0.91789085,1
257,5642,0.9727932,1
257,8171,0.44647348,1
257,9373,0.9552577,1
257,9383,0.82980883,1
263,448,0.8873737,1
263,627,0.5368113,1
791,263,0.8873737,1
816,263,0.42202663,1
1336,263,0.5471076,1
1342,263,0.8398298,1
2356,263,0.5757683,1
263,4109,0.8873737,1
263,4951,0.5417886,1
6254,263,0.91754353,1
6490,263,0.88359624,1
6574,263,0.7396466,1
263,6718,0.8212188,1
263,6762,0.84136397,1
263,8163,0.805314,1
8737,263,0.992411,1
8765,263,0.64442205,1
263,8861,0.8997043,1
8896,263,0.40070847,1
9341,263,0.72808117,1
1087,264,0.5356554,1
2233,264,0.7108588,1
264,6373,0.71975136,1
264,7613,0.82443064,1
264,7785,0.76593286,1
264,7900,0.727789,1
8153,264,0.9048766,1
6377,265,0.6260962,1
8259,265,0.7876497,1
2228,268,0.7541111,1
268,5709,0.52077,1
268,8558,0.7546807,1
436,272,0.9791891,1
727,272,0.9516973,1
732,272,0.91469824,1
733,272,0.7685181,1
1216,272,0.95225376,1
272,1394,0.6787567,1
272,1512,0.95225376,1
272,1908,0.3137494,1
272,4748,0.79046327,1
272,5795,0.926869,1
7284,272,0.97650415,1
7882,272,0.64616,1
272,7889,0.7954478,1
272,7958,0.64199793,1
272,8061,0.3048346,1
272,8696,0.94532746,1
272,8761,0.8450544,1
8769,272,0.8391964,1
8800,272,0.9125024,1
9388,272,0.7363489,1
1434,273,0.9822985,1
273,6727,0.9958022,1
273,7788,0.58356416,1
9148,273,0.8415971,1
691,277,0.9148311,1
277,2331,0.49693567,1
277,3608,0.94707865,1
4449,277,0.9415623,1
287,567,0.9517197,1
287,616,0.9510773,1
1019,287,0.98141634,1
1064,287,0.9201001,1
1076,287,0.88359624,1
287,1369,0.9572914,1
1391,287,0.9621914,1
287,1409,0.838047,1
1546,287,0.97307557,1
2205,287,0.88359624,1
287,2289,0.75428456,1
2416,287,0.8780041,1
287,2422,0.88359624,1
2899,287,0.9108232,1
3200,287,0.9694947,1
3566,287,0.75428456,1
4018,287,0.9572914,1
287,4088,0.9572914,1
5818,287,0.9437389,1
287,6060,0.9728431,1
287,6506,0.52466285,1
6530,287,0.80595726,1
6570,287,0.9546399,1
6637,287,0.30133158,1
6851,287,0.9201001,1
7090,287,0.98141634,1
7180,287,0.96360564,1
287,7671,0.7671583,1
7910,287,0.7602814,1
8684,287,0.84516525,1
287,9074,0.9108232,1
296,570,0.5166672,1
743,296,0.69195247,1
788,296,0.4289629,1
1078,296,0.6775585,1
296,1157,0.9897452,1
1345,296,0.3107234,1
3078,296,0.47373062,1
296,3485,0.8206525,1
296,4013,0.6775585,1
4075,296,0.76075363,1
4792,296,0.35717732,1
296,5571,0.63159156,1
296,5657,0.7462069,1
5659,296,0.36930373,1
296,5704,0.7462069,1
296,6039,0.6213175,1
7278,296,0.39945462,1
7812,296,0.3074784,1
296,7856,0.35963467,1
7860,296,0.3043813,1
7947,296,0.4030619,1
296,8057,0.41553476,1
296,8361,0.39012703,1
296,8418,0.96606266,1
8663,296,0.56570023,1
296,8876,0.51545465,1
296,9260,0.47610065,1
1452,299,0.7484686,1
299,4591,0.75948787,1
6174,299,0.8538065,1
8312,299,0.52183014,1
299,8314,0.58271354,1
299,8421,0.97490793,1
300,532,0.39008304,1
300,688,0.30667913,1
300,1081,0.46864644,1
1117,300,0.5021904,1
300,1119,0.775828,1
1480,300,0.3826259,1
1720,300,0.60035795,1
300,2271,0.86127657,1
2501,300,0.93234247,1
300,3717,0.6625446,1
4043,300,0.79322094,1
300,5537,0.48367614,1
5692,300,0.51360786,1
6799,300,0.7060533,1
7758,300,0.45769632,1
8238,300,0.7743383,1
8661,300,0.87980765,1
300,8677,0.39934152,1
8701,300,0.6120064,1
9262,300,0.75266784,1
308,450,0.81908065,1
308,607,0.9679488,1
1039,308,0.46678385,1
1115,308,0.6456143,1
308,1146,0.6229583,1
1148,308,0.887349,1
1303,308,0.9643037,1
1640,308,0.52449894,1
308,2625,0.56242526,1
308,4416,0.8005953,1
308,7345,0.96874624,1
308,7585,0.45078856,1
308,7632,0.7655061,1
7865,308,0.87651366,1
7908,308,0.5984794,1
308,8746,0.86369944,1
308,9169,0.5142525,1
319,311,0.60111165,1
311,370,0.84424406,1
792,311,0.5805379,1
311,806,0.88359624,1
1219,311,0.931136,1
1592,311,0.9763297,1
311,2218,0.4561776,1
2553,311,0.687633,1
311,2808,0.8982798,1
311,3391,0.8787983,1
3517,311,0.4657167,1
311,3734,0.4561776,1
311,4208,0.8982798,1
4976,311,0.83124214,1
5614,311,0.73491126,1
311,5873,0.34112686,1
6036,311,0.5267933,1
6320,311,0.7605149,1
6905,311,0.4657167,1
7166,311,0.7746615,1
311,9333,0.3353485,1
370,319,0.3414731,1
319,792,0.37412173,1
806,319,0.60111165,1
319,1219,0.68920755,1
319,1592,0.83598024,1
319,1990,0.32005492,1
319,2218,0.44091046,1
319,2808,0.47504118,1
3391,319,0.7106558,1
319,3517,0.53812057,1
319,3734,0.44091046,1
4208,319,0.47504118,1
319,5614,0.48284882,1
5873,319,0.4966223,1
319,6036,0.64966816,1
6320,319,0.9540293,1
319,6905,0.53812057,1
7148,319,0.32005492,1
319,7166,0.55537295,1
8513,319,0.35360578,1
319,9646,0.82756895,1
319,9756,0.56228596,1
320,805,0.8847546,1
3755,320,0.43539995,1
6471,320,0.3864025,1
321,543,0.5752619,1
321,4198,0.34478846,1
321,4550,0.3492642,1
5769,321,0.4199641,1
7173,321,0.58766633,1
321,9603,0.34478846,1
335,352,0.9456195,1
335,767,0.8611076,1
868,335,0.9521222,1
1222,335,0.63285697,1
335,1255,0.6439669,1
335,1507,0.77313304,1
335,1599,0.8613431,1
335,1977,0.9281756,1
2549,335,0.8320054,1
2765,335,0.79066265,1
335,3428,0.71937543,1
335,3440,0.74483764,1
5138,335,0.92439944,1
5820,335,0.9035145,1
5843,335,0.64624786,1
5900,335,0.77817094,1
335,6042,0.75623256,1
6093,335,0.6466046,1
335,6481,0.96592516,1
6605,335,0.6257597,1
335,7122,0.77345175,1
7751,335,0.7918972,1
7876,335,0.7764197,1
8021,335,0.33974206,1
335,8031,0.49294165,1
8162,335,0.77064276,1
335,8429,0.7630691,1
335,8843,0.71937543,1
335,9138,0.6439669,1
335,9210,0.89911914,1
335,9211,0.8611076,1
9465,335,0.8566754,1
9659,335,0.45803738,1
9677,335,0.42683965,1
341,2611,0.36765224,1
8887,341,0.7596911,1
1990,343,0.35064083,1
2218,343,0.32445407,1
2580,343,0.7805318,1
343,3734,0.32445407,1
343,3896,0.68472785,1
343,6315,0.5183376,1
343,6623,0.83512485,1
7148,343,0.35064083,1
7664,343,0.8790654,1
9528,343,0.4238552,1
9532,343,0.4238552,1
2218,347,0.50527734,1
347,3734,0.50527734,1
350,681,0.637489,1
1579,350,0.9851836,1
350,1715,0.88162917,1
1856,350,0.88162917,1
350,2886,0.7032211,1
350,3865,0.65350825,1
4456,350,0.88359624,1
350,4601,0.98060256,1
4606,350,0.9827153,1
350,5339,0.7813223,1
5371,350,0.5943124,1
5574,350,0.7334239,1
350,5767,0.6119007,1
5780,350,0.72171974,1
5837,350,0.9361285,1
350,6440,0.65350825,1
6549,350,0.88162917,1
350,6588,0.54008967,1
7055,350,0.88359624,1
7141,350,0.963811,1
7356,350,0.963811,1
7434,350,0.8215847,1
7849,350,0.584406,1
350,8442,0.9023405,1
350,8444,0.72171974,1
350,9338,0.43980613,1
9429,350,0.9825288,1
352,767,0.8652376,1
868,352,0.94353443,1
352,1222,0.9279979,1
352,1255,0.8704998,1
352,1507,0.7312485,1
1599,352,0.9676196,1
1977,352,0.91856223,1
2549,352,0.9180809,1
2765,352,0.7365819,1
352,3428,0.8121437,1
3440,352,0.8032279,1
352,5138,0.85001445,1
5820,352,0.7435217,1
5843,352,0.9121203,1
5900,352,0.7353386,1
6042,352,0.7042629,1
352,6093,0.7992111,1
352,6481,0.9260908,1
352,7122,0.9091499,1
352,7751,0.8285649,1
352,7876,0.7619289,1
352,8021,0.58880466,1
8031,352,0.7400918,1
8162,352,0.8002515,1
352,8429,0.8331636,1
352,8843,0.8121437,1
352,9138,0.8704998,1
9210,352,0.88736767,1
9211,352,0.8652376,1
9465,352,0.88371176,1
9659,352,0.42378384,1
363,816,0.36323044,1
363,1068,0.88359624,1
1837,363,0.5092935,1
363,2038,0.5287181,1
363,2065,0.5092935,1
2268,363,0.6397797,1
363,2302,0.5573503,1
363,2330,0.88359624,1
2573,363,0.88359624,1
4266,363,0.67853075,1
363,5583,0.72736794,1
363,5636,0.32768205,1
363,5860,0.7874455,1
363,6892,0.7294123,1
363,7098,0.7580704,1
7287,363,0.53677905,1
363,7422,0.5287181,1
8163,363,0.39038572,1
363,9016,0.5364597,1
9258,363,0.36544397,1
9315,363,0.61612046,1
366,8251,0.5918665,1
1261,369,0.50094706,1
369,2138,0.6293542,1
2597,369,0.8835387,1
3128,369,0.7240195,1
369,5737,0.80308443,1
369,7439,0.5581805,1
369,7771,0.5514742,1
7886,369,0.5293037,1
370,792,0.94498074,1
806,370,0.84424406,1
1219,370,0.59762305,1
370,1592,0.8876833,1
2218,370,0.4038596,1
2553,370,0.66976315,1
2808,370,0.94623274,1
3391,370,0.8320399,1
370,3734,0.4038596,1
4208,370,0.94623274,1
370,4976,0.8786829,1
5614,370,0.94081724,1
370,6036,0.662721,1
370,6320,0.47750422,1
370,9333,0.52151805,1
998,381,0.73062855,1
1127,381,0.5990907,1
1306,381,0.5990907,1
381,2142,0.79922163,1
381,7021,0.70752853,1
381,7041,0.5031898,1
9206,381,0.77384764,1
1277,388,0.5324582,1
388,1764,0.96621376,1
3079,388,0.9520567,1
388,4488,0.96621376,1
388,5240,0.9008558,1
388,7734,0.42488444,1
388,7735,0.31383115,1
599,393,0.8320838,1
721,393,0.37715986,1
1326,393,0.6655768,1
1932,393,0.3231344,1
5491,393,0.7631502,1
393,5729,0.48161033,1
393,8352,0.73954815,1
2688,394,0.73701084,1
3119,394,0.9512862,1
394,7328,0.7377319,1
7397,394,0.88359624,1
394,7815,0.9527544,1
8830,394,0.9512862,1
397,467,0.96170086,1
5599,397,0.7965683,1
397,6280,0.59875846,1
7229,397,0.38940597,1
7823,397,0.77366006,1
397,9017,0.9233426,1
621,401,0.8877915,1
401,771,0.926877,1
1879,401,0.90826416,1
401,1955,0.7692431,1
2116,401,0.8881247,1
401,4749,0.9023291,1
401,5518,0.9904767,1
8417,401,0.88359624,1
406,1355,0.6693352,1
406,1621,0.8821976,1
406,9245,0.64317197,1
538,407,0.6705482,1
407,1080,0.96374154,1
407,1155,0.9602941,1
407,1734,0.88015634,1
407,3993,0.63721234,1
407,4136,0.45593047,1
6496,407,0.62379456,1
407,7240,0.7948726,1
407,7582,0.65362287,1
7628,407,0.8845535,1
7695,407,0.82332295,1
407,7712,0.7231837,1
7760,407,0.5509497,1
407,7967,0.943424,1
407,8449,0.7948726,1
424,651,0.87189525,1
1422,424,0.8202822,1
424,1462,0.48948592,1
424,5598,0.3886789,1
6245,424,0.96903497,1
8065,424,0.69210595,1
718,425,0.92287457,1
1055,425,0.38815403,1
2685,425,0.91082186,1
4835,425,0.70021254,1
425,6866,0.38464868,1
8131,425,0.6552007,1
8323,425,0.890174,1
425,8766,0.8476741,1
1096,426,0.33091933,1
1423,426,0.6004137,1
1851,426,0.6895328,1
2043,426,0.5734601,1
426,2838,0.4005318,1
3136,426,0.43964598,1
426,3343,0.5925666,1
3452,426,0.7136573,1
426,5562,0.30148894,1
426,6528,0.51804066,1
6568,426,0.5473262,1
6697,426,0.41466856,1
426,6924,0.7061138,1
7364,426,0.43313336,1
7727,426,0.36188123,1
426,7745,0.30899578,1
426,7805,0.3635764,1
7904,426,0.6355536,1
426,8066,0.5277659,1
426,8165,0.5781369,1
8502,426,0.3043341,1
426,8576,0.8297531,1
426,8682,0.5209446,1
689,428,0.44372323,1
1109,428,0.9913896,1
428,1322,0.32315394,1
1659,428,0.5435373,1
428,1759,0.67664665,1
1826,428,0.6320397,1
2071,428,0.31857285,1
428,2091,0.56410986,1
428,2093,0.6233205,1
4161,428,0.30044973,1
428,5675,0.45488757,1
428,6944,0.8438031,1
7789,428,0.6548619,1
7791,428,0.57392573,1
428,8159,0.32077447,1
428,8306,0.49444026,1
8479,428,0.97011155,1
428,8532,0.92308766,1
428,8679,0.45445228,1
428,8809,0.58738685,1
8950,428,0.97140247,1
9056,428,0.97140247,1
428,9480,0.9914076,1
563,429,0.8323386,1
429,1350,0.53877,1
1853,429,0.38428494,1
429,5172,0.83485043,1
429,5232,0.52739435,1
429,5233,0.95991707,1
429,5993,0.958655,1
429,7995,0.94652915,1
8208,429,0.49938077,1
8705,429,0.63640887,1
430,2088,0.52316785,1
430,2917,0.85591173,1
8387,430,0.4751668,1
431,2959,0.8212865,1
431,8834,0.88735914,1
436,727,0.97207534,1
732,436,0.98995274,1
733,436,0.85190904,1
436,1216,0.9781742,1
436,1394,0.5575375,1
436,1512,0.9781742,1
4748,436,0.9532152,1
5795,436,0.95444137,1
436,7284,0.7945559,1
7882,436,0.658393,1
436,7889,0.7117592,1
7958,436,0.53962475,1
8061,436,0.35462385,1
436,8696,0.91595846,1
436,8761,0.9730146,1
8769,436,0.79057145,1
8800,436,0.8254559,1
9388,436,0.6338766,1
763,438,0.6240859,1
438,1130,0.34745607,1
438,1550,0.77227753,1
3444,438,0.34555134,1
438,3524,0.7216283,1
438,4527,0.8504206,1
5723,438,0.81688243,1
438,8586,0.79535204,1
438,8779,0.7750903,1
8795,438,0.7683933,1
9267,438,0.54128414,1
679,443,0.5334971,1
807,443,0.84496695,1
443,953,0.84328884,1
443,2180,0.8627594,1
5136,443,0.83370054,1
443,5241,0.83278507,1
8649,443,0.71423084,1
555,448,0.41398394,1
448,627,0.92582357,1
682,448,0.86760795,1
791,448,0.88359624,1
448,816,0.9375247,1
1336,448,0.7049432,1
1342,448,0.9324137,1
2356,448,0.91380435,1
448,4109,0.88359624,1
448,4951,0.8389009,1
5583,448,0.32797563,1
5636,448,0.7913926,1
5656,448,0.6065931,1
448,5860,0.39602372,1
6254,448,0.8349775,1
448,6490,0.8873737,1
6574,448,0.527075,1
6718,448,0.55143,1
6762,448,0.873166,1
7287,448,0.30598617,1
448,8163,0.8594329,1
8737,448,0.9067499,1
8765,448,0.6100353,1
8896,448,0.9315972,1
448,9315,0.37312415,1
448,9341,0.7545653,1
607,450,0.7765185,1
1039,450,0.6012437,1
1115,450,0.39623365,1
1146,450,0.3672344,1
450,1148,0.456472,1
1303,450,0.90079284,1
450,1640,0.48219258,1
450,2625,0.5689978,1
450,4416,0.9575113,1
7345,450,0.42211974,1
450,7585,0.38346913,1
7632,450,0.5556394,1
7865,450,0.7765891,1
450,7908,0.35779414,1
8746,450,0.62412196,1
9169,450,0.35714322,1
1072,454,0.95209295,1
454,1456,0.95629334,1
454,1635,0.9647191,1
1702,454,0.88359624,1
2240,454,0.78777915,1
454,2964,0.95209295,1
454,3117,0.95209295,1
3142,454,0.88359624,1
454,3435,0.92105544,1
4046,454,0.88359624,1
454,4168,0.95209295,1
4264,454,0.95209295,1
5204,454,0.7879162,1
5773,454,0.8203469,1
454,5865,0.8517927,1
454,5996,0.8517927,1
6156,454,0.6622457,1
6259,454,0.7009951,1
454,6367,0.8690805,1
6764,454,0.88359624,1
6808,454,0.7702633,1
7080,454,0.88359624,1
7105,454,0.67370117,1
7112,454,0.80488384,1
7429,454,0.88359624,1
454,7624,0.88359624,1
454,7659,0.95209295,1
7699,454,0.84923095,1
454,7710,0.88206625,1
454,7730,0.84373116,1
454,7733,0.9009484,1
7737,454,0.88826644,1
7761,454,0.9207079,1
8024,454,0.97627664,1
454,8034,0.95629334,1
8577,454,0.97627664,1
454,8948,0.95209295,1
9240,454,0.7031305,1
9264,454,0.78383887,1
454,9400,0.8118667,1
983,455,0.65210974,1
455,1020,0.8406,1
1304,455,0.64319414,1
455,2246,0.8249638,1
4330,455,0.94141954,1
455,4397,0.8406,1
5655,455,0.3243619,1
455,6476,0.56357056,1
6487,455,0.5891094,1
6511,455,0.70256025,1
6538,455,0.88359624,1
6586,455,0.7156238,1
6783,455,0.65210974,1
455,7007,0.85507035,1
7120,455,0.9160168,1
7320,455,0.692769,1
7392,455,0.9259444,1
7717,455,0.850424,1
455,7861,0.8941786,1
7913,455,0.8591849,1
455,7999,0.7902021,1
455,8098,0.58488226,1
8206,455,0.9160168,1
458,705,0.86482316,1
1347,458,0.99418867,1
458,3089,0.9852776,1
458,6790,0.92584574,1
458,8055,0.95953935,1
703,460,0.7464352,1
460,787,0.98761976,1
460,1345,0.9245765,1
460,1415,0.9922984,1
3078,460,0.9312989,1
460,5659,0.97111154,1
6789,460,0.756322,1
460,7278,0.80685234,1
8057,460,0.562003,1
460,8361,0.9367958,1
8588,460,0.35381386,1
460,8876,0.98463166,1
460,9260,0.30893984,1
461,1416,0.9471197,1
461,8058,0.87103707,1
462,3315,0.65003115,1
462,4886,0.56594664,1
462,5242,0.42774025,1
466,1002,0.88359624,1
1221,466,0.7907379,1
1223,466,0.7907379,1
1885,466,0.8972923,1
466,2224,0.575819,1
466,2408,0.769616,1
3570,466,0.92034817,1
5206,466,0.95114803,1
466,7082,0.54639256,1
7762,466,0.7974244,1
8266,466,0.34441996,1
8614,466,0.90840983,1
6280,467,0.904975,1
7229,467,0.55632883,1
7823,467,0.8226143,1
3315,472,0.9015602,1
4886,472,0.95564526,1
475,1300,0.4043098,1
2222,475,0.88603264,1
475,8295,0.5998385,1
476,2221,0.41904354,1
476,2862,0.75966984,1
476,3892,0.4449476,1
476,6609,0.30092686,1
6026,479,0.8670412,1
479,8004,0.96068674,1
9237,479,0.9729558,1
491,4513,0.7762742,1
494,1656,0.6141736,1
2341,494,0.7073123,1
494,2385,0.45353338,1
2634,494,0.9333726,1
494,5629,0.4709542,1
494,7038,0.57110506,1
7744,494,0.32549182,1
494,7992,0.61111987,1
8125,494,0.31239018,1
8868,494,0.55143636,1
9469,494,0.38085863,1
685,505,0.5449051,1
1665,505,0.97590667,1
505,3491,0.4113254,1
5777,505,0.8787983,1
9099,505,0.83246875,1
604,510,0.7410561,1
510,1067,0.88368344,1
510,1417,0.49172372,1
510,2456,0.3509302,1
510,6009,0.45786527,1
514,1474,0.33850476,1
2275,514,0.5394166,1
514,3219,0.80806315,1
514,5556,0.572854,1
514,8095,0.3735759,1
8689,514,0.31132728,1
514,9492,0.32260892,1
1522,515,0.587901,1
1527,515,0.7021665,1
2226,515,0.7897236,1
515,2419,0.5744299,1
3308,515,0.4728203,1
4814,515,0.36501905,1
5554,515,0.9541929,1
5710,515,0.8338997,1
6166,515,0.77257687,1
515,8686,0.65231085,1
515,8687,0.61333215,1
9486,515,0.9324562,1
760,516,0.44780645,1
1034,516,0.90185773,1
1387,516,0.8472468,1
1525,516,0.9382604,1
1767,516,0.628379,1
1810,516,0.72285986,1
1812,516,0.72285986,1
516,1915,0.91892177,1
2236,516,0.56817394,1
516,2323,0.9576923,1
3242,516,0.928774,1
516,3244,0.8379176,1
516,3260,0.81854135,1
3826,516,0.70427024,1
4501,516,0.6086625,1
4795,516,0.3317809,1
4854,516,0.35526124,1
5325,516,0.9742897,1
516,5566,0.8537431,1
516,5604,0.8409233,1
516,5676,0.77856225,1
516,7623,0.6227702,1
516,7811,0.47307876,1
516,8612,0.7446695,1
516,8683,0.94892734,1
516,8774,0.57869154,1
516,9175,0.9544456,1
516,9232,0.59734917,1
516,9276,0.8828687,1
516,9385,0.49646387,1
855,528,0.86910963,1
1360,528,0.30380738,1
1956,528,0.898743,1
528,2053,0.4168743,1
2835,528,0.30380738,1
3067,528,0.9759217,1
4048,528,0.898743,1
4810,528,0.65348,1
5766,528,0.9059412,1
5977,528,0.938191,1
6144,528,0.938191,1
528,7663,0.77271336,1
528,7998,0.86364615,1
8273,528,0.933489,1
528,8482,0.3134964,1
528,9658,0.9595969,1
530,770,0.4445022,1
1037,530,0.36851606,1
2613,530,0.33800918,1
4576,530,0.3131686,1
7704,530,0.36321747,1
532,1117,0.53282994,1
1720,532,0.84782845,1
2271,532,0.47862536,1
2501,532,0.81867236,1
4043,532,0.59930617,1
6799,532,0.81505823,1
8238,532,0.5311918,1
532,8661,0.847078,1
532,8701,0.7926405,1
536,6231,0.8802759,1
8392,536,0.84498006,1
1080,538,0.6771881,1
1155,538,0.66601354,1
538,1734,0.76816404,1
3993,538,0.98716104,1
538,4136,0.9866926,1
538,6496,0.7331496,1
7240,538,0.9579501,1
538,7582,0.9622485,1
7628,538,0.6779004,1
538,7695,0.55834824,1
7712,538,0.4248503,1
538,7967,0.8417755,1
538,8449,0.9579501,1
694,540,0.9110284,1
540,1769,0.3439925,1
540,2461,0.6172057,1
540,3223,0.58344716,1
3308,540,0.6455285,1
540,5280,0.3419703,1
7810,540,0.33878872,1
540,8687,0.30782104,1
540,8804,0.9080419,1
540,9136,0.99485755,1
9231,540,0.69659287,1
540,9376,0.5758781,1
542,630,0.9767047,1
542,844,0.8467744,1
542,1182,0.88237125,1
542,1508,0.85869396,1
542,1591,0.71456057,1
542,1859,0.98762774,1
542,1872,0.9003362,1
542,5772,0.9768141,1
542,6233,0.981543,1
542,6423,0.97440624,1
542,6565,0.6254216,1
542,6709,0.8279982,1
6863,542,0.98396045,1
7579,542,0.9370784,1
7673,542,0.9135637,1
7857,542,0.90368736,1
542,7883,0.92817307,1
542,7943,0.7380452,1
8078,542,0.64422566,1
542,8082,0.96793646,1
542,8645,0.67460436,1
9300,542,0.93188035,1
543,547,0.96240646,1
543,548,0.5284999,1
543,663,0.83350277,1
752,543,0.60520613,1
543,903,0.9491369,1
1005,543,0.8717839,1
1293,543,0.8894594,1
543,1385,0.73657197,1
1403,543,0.74634707,1
1503,543,0.635287,1
543,1707,0.8191199,1
543,1795,0.7465261,1
543,1816,0.96240646,1
1867,543,0.857846,1
543,1964,0.85673916,1
1970,543,0.6770353,1
2167,543,0.45131513,1
543,3016,0.9041213,1
543,3614,0.764797,1
4198,543,0.9785513,1
543,4199,0.92390686,1
4550,543,0.81097573,1
5224,543,0.9627325,1
5225,543,0.40853995,1
543,5486,0.8661038,1
543,5769,0.9541339,1
543,6064,0.919164,1
6278,543,0.967657,1
543,6486,0.9041213,1
543,7173,0.88274485,1
543,7279,0.36029366,1
543,7458,0.57080483,1
543,7466,0.92526746,1
7509,543,0.5541317,1
7594,543,0.8743556,1
543,7689,0.5619814,1
543,7765,0.7030123,1
7925,543,0.91027707,1
543,7973,0.8261565,1
543,8198,0.42358992,1
543,8667,0.75670666,1
543,8983,0.8155103,1
9603,543,0.9785513,1
9794,543,0.42596626,1
545,1452,0.40661496,1
545,3805,0.9298951,1
7900,545,0.5143097,1
8674,545,0.73446834,1
545,9426,0.5219797,1
547,548,0.3043483,1
663,547,0.79723036,1
547,903,0.7986888,1
547,1293,0.67073023,1
547,1385,0.6351807,1
547,1403,0.89874554,1
547,1503,0.708391,1
1707,547,0.6690593,1
1795,547,0.8925125,1
547,1816,0.88359624,1
547,1867,0.75452334,1
547,1970,0.92007136,1
547,2167,0.8559444,1
547,3016,0.55321383,1
3614,547,0.7075844,1
4198,547,0.97043836,1
4199,547,0.8609928,1
4550,547,0.958798,1
547,5224,0.6388236,1
5486,547,0.7146744,1
5769,547,0.9851254,1
547,6064,0.7458743,1
547,6278,0.79091746,1
547,6486,0.55321383,1
547,7173,0.974922,1
547,7279,0.9238137,1
7458,547,0.76604444,1
547,7466,0.87930644,1
7594,547,0.5826153,1
547,7765,0.69374925,1
547,7973,0.6657767,1
547,8667,0.98214793,1
9603,547,0.97043836,1
548,903,0.43341133,1
548,1816,0.3043483,1
548,4199,0.57266635,1
5486,548,0.5661266,1
548,6064,0.32726088,1
548,6278,0.31310654,1
548,7466,0.36203596,1
548,7509,0.684516,1
8198,548,0.6626094,1
8667,548,0.35547674,1
548,9794,0.5297897,1
554,633,0.42115483,1
554,755,0.8363923,1
758,554,0.38531902,1
1027,554,0.7081677,1
554,1061,0.6188087,1
554,1921,0.38018408,1
554,2075,0.8076852,1
554,2467,0.34113735,1
4848,554,0.90629727,1
554,5366,0.6592384,1
554,8728,0.46204275,1
555,791,0.41398394,1
3447,555,0.5297803,1
555,4109,0.41398394,1
555,4424,0.5104224,1
555,5656,0.30029717,1
555,8022,0.5198291,1
8861,555,0.5416697,1
555,8896,0.30989167,1
555,9258,0.4721617,1
1350,563,0.8634329,1
1853,563,0.45998266,1
5172,563,0.9212818,1
5232,563,0.88927627,1
5233,563,0.9670464,1
5993,563,0.8540134,1
563,7995,0.9141488,1
563,8208,0.6990726,1
8705,563,0.7567679,1
616,567,0.8018629,1
567,1019,0.9302835,1
567,1064,0.73240983,1
567,1076,0.9517197,1
1369,567,0.9242652,1
1391,567,0.8263335,1
1409,567,0.8828796,1
567,1546,0.96872354,1
2205,567,0.9517197,1
2289,567,0.53838897,1
2416,567,0.9431603,1
2422,567,0.9517197,1
567,2899,0.9309087,1
3200,567,0.96030545,1
3566,567,0.53838897,1
567,4018,0.9242652,1
567,4088,0.9242652,1
5818,567,0.63171214,1
567,6060,0.83925027,1
6530,567,0.3084111,1
567,6570,0.7501596,1
6851,567,0.73240983,1
567,7090,0.9302835,1
7180,567,0.9433179,1
7671,567,0.487966,1
7910,567,0.38360667,1
567,8684,0.85482246,1
567,9074,0.9309087,1
743,570,0.9784158,1
788,570,0.76137006,1
570,1078,0.88981205,1
570,1157,0.53613454,1
3485,570,0.6699198,1
570,4013,0.88981205,1
4075,570,0.8755041,1
570,4792,0.9250718,1
570,5521,0.70267427,1
570,5571,0.95616513,1
570,5657,0.98738223,1
5703,570,0.96514976,1
5704,570,0.98738223,1
6039,570,0.9691283,1
570,7812,0.7278579,1
7856,570,0.70048094,1
7947,570,0.8446177,1
570,8418,0.4858527,1
8663,570,0.94214857,1
580,2221,0.7853812,1
7870,580,0.4225774,1
580,9785,0.6891078,1
1411,581,0.8349926,1
1448,597,0.6947365,1
597,1926,0.4193349,1
597,2149,0.61361337,1
597,2851,0.83308285,1
597,3243,0.7257073,1
597,6505,0.6839801,1
597,7607,0.7084095,1
597,8059,0.67945004,1
8274,597,0.80635166,1
597,8538,0.61923355,1
597,8748,0.8843634,1
721,599,0.8765769,1
599,1326,0.71350986,1
1932,599,0.6630243,1
599,2203,0.41387734,1
599,5491,0.35239044,1
599,5729,0.5446233,1
599,8352,0.7069036,1
9387,599,0.3092124,1
604,1067,0.6978775,1
604,1417,0.39752132,1
604,2456,0.67996275,1
604,3344,0.5968672,1
6009,604,0.6042234,1
7942,604,0.47403744,1
1115,607,0.3752027,1
607,1146,0.46168584,1
607,1148,0.79504615,1
607,1303,0.9626429,1
1640,607,0.5728855,1
607,2625,0.9259251,1
4416,607,0.8182642,1
5026,607,0.3302793,1
607,6371,0.31325543,1
7345,607,0.83541346,1
7585,607,0.46535456,1
607,7632,0.4133256,1
7865,607,0.7393097,1
607,8746,0.97022456,1
699,612,0.80142766,1
612,963,0.41278985,1
612,4126,0.9272528,1
9522,612,0.55792767,1
614,629,0.32487336,1
2519,614,0.52474076,1
3204,614,0.5280744,1
614,5174,0.9361814,1
614,5225,0.85932326,1
5746,614,0.38376912,1
614,6024,0.35430884,1
614,6104,0.6976394,1
8856,614,0.32968485,1
614,9077,0.80788666,1
614,9257,0.470196,1
614,9266,0.47532338,1
614,9316,0.79716104,1
614,9566,0.5424118,1
1019,616,0.9087341,1
616,1064,0.90837765,1
616,1076,0.9510773,1
1369,616,0.87796575,1
616,1391,0.87767875,1
616,1409,0.9803006,1
1546,616,0.91892177,1
616,2205,0.9510773,1
2289,616,0.5879393,1
616,2416,0.8485211,1
616,2422,0.9510773,1
2899,616,0.72227496,1
616,3200,0.71654844,1
3566,616,0.5879393,1
616,4018,0.87796575,1
4088,616,0.87796575,1
616,5818,0.83414686,1
616,6060,0.72991866,1
6506,616,0.8139676,1
616,6570,0.92565525,1
616,6851,0.90837765,1
616,7090,0.9087341,1
7180,616,0.8996511,1
616,7671,0.39338878,1
616,7910,0.333933,1
616,8684,0.75318444,1
9074,616,0.72227496,1
621,771,0.9018022,1
621,1879,0.9546696,1
2116,621,0.86333114,1
3160,621,0.43192095,1
621,4749,0.8354406,1
621,5098,0.3046351,1
5518,621,0.77758116,1
621,8417,0.8877915,1
4045,622,0.9055758,1
622,4175,0.34082302,1
4705,622,0.8707406,1
5268,622,0.4773538,1
622,6684,0.35495767,1
622,6949,0.5898074,1
7597,622,0.4087175,1
7813,622,0.7108713,1
622,8717,0.79443246,1
8961,622,0.5303817,1
625,5521,0.5992369,1
625,6791,0.95054305,1
7812,625,0.79034877,1
7856,625,0.920432,1
625,7860,0.9105795,1
682,627,0.67029905,1
627,791,0.92582357,1
627,816,0.882338,1
627,1336,0.57254905,1
1342,627,0.60491943,1
2038,627,0.3301099,1
627,2356,0.49888486,1
627,4109,0.92582357,1
627,4951,0.43224418,1
5583,627,0.31920752,1
5636,627,0.43583986,1
5656,627,0.54881847,1
6254,627,0.7175453,1
6490,627,0.5368113,1
6762,627,0.72916174,1
7098,627,0.51154953,1
627,7287,0.38825873,1
7422,627,0.3301099,1
8163,627,0.8778306,1
8737,627,0.6636968,1
627,8896,0.8103677,1
627,9315,0.34868848,1
9341,627,0.63655746,1
629,5392,0.93667006,1
629,6272,0.7943524,1
8856,629,0.5884738,1
629,9077,0.83688843,1
9261,629,0.9179038,1
9316,629,0.83537626,1
629,9566,0.8390485,1
630,844,0.48969766,1
1182,630,0.8905423,1
1508,630,0.47900113,1
630,1591,0.43735415,1
1859,630,0.9837828,1
630,1872,0.924075,1
5772,630,0.8871623,1
630,6233,0.9348303,1
6423,630,0.946798,1
630,6565,0.75198716,1
630,6709,0.9816927,1
630,6863,0.95722395,1
630,7579,0.88979393,1
630,7673,0.48894858,1
630,7857,0.86819935,1
7883,630,0.96026784,1
630,7943,0.940118,1
8078,630,0.4907842,1
8082,630,0.76040274,1
630,8645,0.3243544,1
9300,630,0.84873027,1
632,749,0.33625847,1
632,2249,0.5609247,1
2485,632,0.65075576,1
5541,632,0.44020602,1
7176,632,0.44020602,1
9248,632,0.39340898,1
755,633,0.7267251,1
633,758,0.56901675,1
1061,633,0.88496405,1
1518,633,0.79709345,1
633,1753,0.7432524,1
633,1921,0.903361,1
633,2075,0.68030924,1
2467,633,0.9696613,1
3856,633,0.852398,1
4848,633,0.9100908,1
5366,633,0.9207557,1
7715,633,0.8386334,1
7892,633,0.6739746,1
633,8150,0.5137761,1
633,8170,0.38554522,1
633,8337,0.35367984,1
633,8728,0.9311972,1
645,1834,0.7938575,1
2176,645,0.78872263,1
645,4386,0.96593314,1
645,5005,0.8585797,1
645,5757,0.46606538,1
645,5803,0.77191174,1
9273,645,0.52360165,1
651,1422,0.8288873,1
651,6059,0.5090717,1
6245,651,0.8732625,1
8065,651,0.71681124,1
657,655,0.47316623,1
655,1105,0.71344733,1
655,1750,0.9356563,1
655,4445,0.3156813,1
5905,655,0.38157934,1
9251,655,0.35139358,1
657,1105,0.6605641,1
903,663,0.576321,1
1293,663,0.3425038,1
663,1385,0.5997223,1
1707,663,0.3053194,1
1795,663,0.3688287,1
1816,663,0.79723036,1
663,1867,0.99042624,1
663,1964,0.42996183,1
663,1970,0.6270445,1
663,2167,0.5850992,1
3016,663,0.3339955,1
663,4198,0.98589325,1
663,4199,0.6114123,1
4550,663,0.88424575,1
5224,663,0.70549035,1
5769,663,0.35560456,1
663,6064,0.5950801,1
663,6278,0.6005901,1
6486,663,0.3339955,1
663,7173,0.6586037,1
7279,663,0.4341542,1
663,7466,0.5369035,1
7765,663,0.6274154,1
663,7925,0.3157295,1
663,7973,0.7965356,1
663,8667,0.89803886,1
8983,663,0.67253,1
9603,663,0.98589325,1
672,8128,0.8251767,1
1492,677,0.7920104,1
1956,677,0.32251742,1
677,1982,0.92680854,1
677,2732,0.95680034,1
3202,677,0.8094089,1
4048,677,0.32251742,1
4490,677,0.94027025,1
4810,677,0.46567887,1
5158,677,0.82038003,1
677,5501,0.94027025,1
5651,677,0.9856706,1
5779,677,0.9856706,1
6843,677,0.97385323,1
6860,677,0.9240924,1
677,8411,0.94027025,1
677,8482,0.41575232,1
9310,677,0.89806,1
679,807,0.44096813,1
679,953,0.41251475,1
679,2180,0.39170074,1
679,5034,0.6595127,1
679,8649,0.81488836,1
789,681,0.30719635,1
1579,681,0.56186366,1
681,1715,0.9928543,1
681,1856,0.9928543,1
681,2356,0.38163772,1
2886,681,0.9640487,1
2900,681,0.77667606,1
681,3276,0.8010489,1
681,3865,0.9787129,1
4456,681,0.637489,1
4606,681,0.36191764,1
681,5339,0.93032163,1
681,5371,0.87379175,1
5574,681,0.882824,1
5767,681,0.959161,1
681,5780,0.7973677,1
5837,681,0.5262467,1
5887,681,0.8067561,1
6150,681,0.8127139,1
6440,681,0.9787129,1
681,6549,0.9928543,1
6588,681,0.4531975,1
7055,681,0.637489,1
681,7139,0.95263827,1
7434,681,0.71893454,1
7603,681,0.5113841,1
681,7849,0.8619694,1
681,7927,0.5993819,1
8069,681,0.8574343,1
681,8444,0.7973677,1
681,8445,0.83193296,1
681,8853,0.6604103,1
9064,681,0.7854227,1
681,9338,0.7809219,1
791,682,0.86760795,1
816,682,0.7432142,1
1336,682,0.5053662,1
682,2268,0.36677435,1
682,2356,0.51612824,1
4109,682,0.86760795,1
4266,682,0.3283875,1
682,4951,0.37640256,1
682,5636,0.4479509,1
682,5860,0.541133,1
682,7098,0.31973964,1
682,8163,0.6710499,1
961,685,0.5740008,1
685,1665,0.60761327,1
685,2480,0.35918906,1
3491,685,0.35499972,1
685,5777,0.48638162,1
685,9099,0.86469835,1
687,738,0.95658207,1
687,1268,0.9227608,1
1474,687,0.89217836,1
687,1914,0.83627754,1
2418,687,0.8906509,1
687,2439,0.75872344,1
687,3172,0.6709763,1
687,4009,0.51683956,1
4574,687,0.93663394,1
687,4953,0.6213359,1
5126,687,0.9501404,1
5234,687,0.39780626,1
687,5291,0.9863238,1
5556,687,0.30791777,1
5621,687,0.96233195,1
6532,687,0.85942566,1
687,6694,0.7586961,1
6723,687,0.72506857,1
687,6918,0.89062375,1
687,7324,0.8787476,1
7768,687,0.6555712,1
687,8013,0.6087228,1
687,8330,0.85942566,1
687,8692,0.9765792,1
687,8694,0.9212025,1
8785,687,0.86838657,1
8997,687,0.8884342,1
687,9307,0.94652,1
688,5715,0.93536377,1
8253,688,0.9413884,1
8500,688,0.59870213,1
8788,688,0.75223756,1
9141,688,0.7439332,1
688,9201,0.56093585,1
9351,688,0.86562794,1
9354,688,0.64103353,1
689,1109,0.71894115,1
1759,689,0.47743863,1
689,1826,0.40120962,1
689,6944,0.37083343,1
7789,689,0.423976,1
689,7791,0.35767537,1
8159,689,0.33163533,1
8306,689,0.44262668,1
8479,689,0.4883972,1
689,8532,0.49279103,1
689,8679,0.48140505,1
8809,689,0.305648,1
8950,689,0.42627156,1
9056,689,0.42627156,1
689,9480,0.44115072,1
691,1726,0.3147785,1
2331,691,0.3380695,1
3608,691,0.8122325,1
691,4449,0.73895794,1
8176,691,0.9403982,1
1390,694,0.40938228,1
694,2363,0.5475816,1
2461,694,0.65601856,1
3223,694,0.97512996,1
694,3308,0.6257998,1
8804,694,0.91996795,1
9136,694,0.5874716,1
694,9231,0.920157,1
9495,694,0.3018481,1
963,699,0.5284406,1
699,4424,0.7318954,1
9522,699,0.4719938,1
703,787,0.6033289,1
703,1157,0.39344236,1
1345,703,0.7783101,1
703,1415,0.9486106,1
703,3078,0.7888653,1
703,5659,0.83601534,1
703,6789,0.55867916,1
7278,703,0.7388925,1
8057,703,0.42031726,1
8361,703,0.7856514,1
8588,703,0.54171973,1
8876,703,0.7690296,1
9260,703,0.51524675,1
1347,705,0.9091032,1
705,3089,0.9767482,1
705,6790,0.7298313,1
8055,705,0.66359794,1
8652,714,0.6682578,1
718,1055,0.9201116,1
718,2685,0.83500165,1
718,4835,0.48399684,1
718,6866,0.7566023,1
718,8131,0.6605397,1
718,8323,0.9265721,1
8599,718,0.39676738,1
718,8766,0.90267944,1
718,8768,0.48154643,1
718,8910,0.59778553,1
721,1326,0.95854896,1
721,1932,0.47142175,1
721,2203,0.71437967,1
5491,721,0.9645184,1
5729,721,0.83085865,1
8352,721,0.9424662,1
721,9387,0.52948016,1
721,9458,0.5169391,1
723,1090,0.46947667,1
723,1836,0.46992564,1
1939,723,0.97289014,1
2183,723,0.8915373,1
2305,723,0.3230108,1
723,3302,0.9885971,1
3323,723,0.42137572,1
723,3740,0.9492276,1
3937,723,0.5521024,1
4430,723,0.9885971,1
723,4675,0.9551856,1
723,5580,0.86282986,1
6307,723,0.42712027,1
723,7970,0.6394452,1
723,8027,0.54103756,1
723,8160,0.81444746,1
8554,723,0.47859728,1
8756,723,0.5806971,1
8888,723,0.46281525,1
960,725,0.86104786,1
725,1943,0.7165991,1
725,3065,0.9663854,1
725,6003,0.950625,1
725,6763,0.79162234,1
8377,725,0.8354809,1
725,8799,0.7897185,1
9487,725,0.77067417,1
727,732,0.88531196,1
733,727,0.7485083,1
1216,727,0.9845376,1
1394,727,0.52967995,1
727,1512,0.9845376,1
727,1908,0.67284834,1
4748,727,0.90115154,1
727,5795,0.8598927,1
727,7284,0.9929792,1
7882,727,0.72056925,1
7889,727,0.8057271,1
7958,727,0.6075157,1
727,8060,0.6868227,1
727,8061,0.48242754,1
8379,727,0.3910964,1
8696,727,0.8434606,1
8761,727,0.9729086,1
727,8769,0.88307464,1
727,8800,0.9850692,1
9388,727,0.8831173,1
728,736,0.8374428,1
728,1824,0.5902052,1
4644,728,0.35184357,1
7917,728,0.389696,1
728,8085,0.545595,1
728,9625,0.60236925,1
733,732,0.35389787,1
732,1216,0.97930247,1
732,1394,0.60401106,1
1512,732,0.97930247,1
1908,732,0.6259275,1
4748,732,0.78805226,1
732,5795,0.9756919,1
732,7284,0.9807843,1
732,7882,0.8987544,1
732,7889,0.60820574,1
732,7958,0.62703574,1
732,8060,0.63885355,1
732,8061,0.46084964,1
732,8379,0.6440332,1
732,8696,0.8425114,1
732,8761,0.96776116,1
8769,732,0.6664497,1
732,8800,0.66169596,1
732,9388,0.53785926,1
733,1216,0.6671819,1
1394,733,0.47527418,1
1512,733,0.6671819,1
733,4748,0.72815424,1
733,5795,0.81956875,1
733,7284,0.87962574,1
8696,733,0.670149,1
733,8761,0.3692663,1
733,8800,0.42496824,1
736,1824,0.8683972,1
4644,736,0.66293234,1
5999,736,0.6519056,1
736,7917,0.60336345,1
8085,736,0.37431243,1
736,9625,0.9953955,1
1268,738,0.6555288,1
1474,738,0.51033765,1
738,1914,0.95018417,1
2418,738,0.9474571,1
2439,738,0.95320976,1
738,3172,0.6082264,1
738,4009,0.7311363,1
738,4574,0.8626367,1
4953,738,0.6639108,1
738,5126,0.9106236,1
738,5234,0.90826267,1
738,5291,0.9632585,1
5556,738,0.33869204,1
5621,738,0.6958408,1
6532,738,0.96777403,1
738,6694,0.32704404,1
738,6723,0.83061415,1
6918,738,0.76991946,1
738,7324,0.7822287,1
738,8013,0.4543161,1
8330,738,0.96777403,1
738,8692,0.7832824,1
738,8694,0.738541,1
8785,738,0.75202036,1
8997,738,0.6713413,1
738,9307,0.97502476,1
824,741,0.48681396,1
741,5840,0.493373,1
977,742,0.4748364,1
1144,742,0.56140804,1
1158,742,0.7013144,1
742,3858,0.73141086,1
742,5256,0.9779685,1
742,5625,0.7300928,1
6587,742,0.6965346,1
742,7094,0.40583643,1
7113,742,0.7433017,1
7413,742,0.55078083,1
742,7997,0.33028176,1
8542,742,0.820964,1
8890,742,0.7917995,1
788,743,0.87295145,1
1078,743,0.9733559,1
743,1157,0.5241413,1
3485,743,0.7397794,1
4013,743,0.9733559,1
743,4075,0.9463252,1
4792,743,0.9807272,1
5571,743,0.8872582,1
743,5657,0.9218698,1
743,5703,0.78279537,1
5704,743,0.9218698,1
743,6039,0.97283584,1
743,7812,0.68318576,1
743,7856,0.6899295,1
743,7947,0.6273241,1
8663,743,0.9178566,1
2990,746,0.89029264,1
746,5661,0.7909365,1
746,6178,0.6532741,1
8355,746,0.40286326,1
752,1117,0.3946209,1
752,1144,0.3014141,1
1322,752,0.3176742,1
1659,752,0.34515393,1
2091,752,0.33375683,1
4198,752,0.9504125,1
752,6799,0.33966333,1
7925,752,0.63066787,1
752,8165,0.42558107,1
8363,752,0.35196614,1
9603,752,0.9504125,1
755,758,0.5750808,1
1027,755,0.40430745,1
755,1061,0.97070843,1
755,1518,0.5985036,1
755,1753,0.5463894,1
755,1921,0.88075906,1
755,2075,0.95930994,1
755,2467,0.88241994,1
3856,755,0.62245715,1
755,4848,0.9808059,1
755,5366,0.9556276,1
755,7715,0.30115074,1
755,7892,0.8438849,1
8129,755,0.39892834,1
8150,755,0.4914608,1
755,8170,0.45399582,1
755,8728,0.80602604,1
9362,755,0.4487219,1
758,1753,0.39157793,1
758,1921,0.35059166,1
758,2075,0.5646796,1
2467,758,0.67408353,1
4848,758,0.699584,1
5366,758,0.7594171,1
8728,758,0.7952284,1
9366,758,0.9439963,1
762,760,0.34420308,1
1034,760,0.8093845,1
1387,760,0.5630763,1
1525,760,0.69456667,1
760,1767,0.3248438,1
1810,760,0.46642852,1
1812,760,0.46642852,1
760,1915,0.4435284,1
2236,760,0.6880657,1
760,2323,0.7529305,1
3242,760,0.6470265,1
760,3244,0.49689776,1
760,3260,0.6928142,1
760,3826,0.5773305,1
760,4140,0.788536,1
4795,760,0.3700152,1
760,5325,0.5127355,1
760,5566,0.5440998,1
5676,760,0.64164543,1
6791,760,0.3113099,1
760,7623,0.7851149,1
760,7811,0.38868812,1
760,8612,0.4687649,1
760,8683,0.30112913,1
760,8686,0.34688252,1
760,9175,0.45038983,1
760,9232,0.7246268,1
760,9276,0.43880808,1
760,9385,0.6498717,1
762,1274,0.9325533,1
1522,762,0.921387,1
762,4814,0.7582598,1
762,5280,0.32849315,1
762,5554,0.3471223,1
762,6166,0.30500117,1
762,7890,0.5529914,1
762,8686,0.6217013,1
762,8992,0.4684057,1
762,9292,0.40128833,1
762,9486,0.36801696,1
1550,763,0.5747595,1
763,3524,0.73849714,1
4527,763,0.89312685,1
763,5723,0.6501139,1
7827,763,0.40858287,1
8779,763,0.8342989,1
763,9267,0.688951,1
868,767,0.9059696,1
1222,767,0.71688217,1
767,1255,0.84286577,1
767,1507,0.934501,1
767,1599,0.70643395,1
767,1977,0.852992,1
767,2283,0.48713493,1
2549,767,0.8438527,1
2765,767,0.7503999,1
3428,767,0.8749995,1
3440,767,0.90809685,1
767,5138,0.96697515,1
767,5820,0.926345,1
767,5843,0.6350661,1
767,5900,0.8182517,1
6042,767,0.932606,1
6093,767,0.6017677,1
6481,767,0.98221374,1
767,6605,0.43061352,1
767,7122,0.9874018,1
767,7751,0.61334574,1
767,7876,0.8841582,1
767,8021,0.8905473,1
767,8031,0.68280953,1
8162,767,0.5594371,1
767,8429,0.7770118,1
8843,767,0.8749995,1
9138,767,0.84286577,1
767,9210,0.970983,1
9211,767,0.88359624,1
9465,767,0.8828313,1
9659,767,0.4703825,1
9677,767,0.5730359,1
770,1487,0.37211013,1
2613,770,0.9377694,1
4576,770,0.960438,1
7704,770,0.62048453,1
7940,770,0.6356206,1
1879,771,0.7786678,1
771,2116,0.8558645,1
3160,771,0.3695213,1
771,4749,0.9368469,1
5518,771,0.7672845,1
8417,771,0.926877,1
772,892,0.93989176,1
772,2087,0.9394507,1
772,8530,0.8877915,1
1129,773,0.91985697,1
2382,773,0.8997351,1
2322,776,0.8268452,1
776,2401,0.79395366,1
2551,776,0.8474245,1
776,3297,0.79395366,1
776,3337,0.88359624,1
776,5771,0.8299672,1
5774,776,0.48483676,1
776,6411,0.8299672,1
8644,776,0.7465054,1
8798,776,0.9187389,1
8855,776,0.88311815,1
9432,776,0.9187389,1
779,1092,0.73589253,1
1121,779,0.43745908,1
779,1126,0.3864173,1
779,1276,0.631098,1
1330,779,0.72609985,1
779,2596,0.6968743,1
3069,779,0.6301756,1
779,3619,0.8894176,1
779,4481,0.50671583,1
779,5076,0.84103996,1
779,6676,0.31787252,1
6821,779,0.43745908,1
6909,779,0.7275671,1
779,7022,0.4596979,1
779,7864,0.83609015,1
7930,779,0.43745908,1
8041,779,0.39423582,1
8207,779,0.38903102,1
780,5528,0.868826,1
9335,780,0.8724202,1
5531,783,0.8548479,1
787,1345,0.8698694,1
787,1415,0.95457244,1
787,3078,0.94454426,1
787,5659,0.9257114,1
787,6789,0.7466275,1
7278,787,0.9490738,1
787,8057,0.3838219,1
8361,787,0.9410239,1
8588,787,0.33515376,1
787,8876,0.92584085,1
9260,787,0.566768,1
788,1078,0.8321984,1
788,1157,0.7712593,1
788,3485,0.62739044,1
788,4013,0.8321984,1
788,4075,0.88072795,1
788,4792,0.90678746,1
5571,788,0.5785768,1
788,5657,0.825989,1
788,5703,0.5167087,1
5704,788,0.825989,1
788,6039,0.9339207,1
6789,788,0.3029628,1
788,7812,0.5306168,1
788,7856,0.60873866,1
7947,788,0.783879,1
8418,788,0.52728516,1
788,8663,0.8009646,1
789,1715,0.4380119,1
1856,789,0.4380119,1
3276,789,0.46118882,1
789,3865,0.39898443,1
5767,789,0.5628308,1
789,6440,0.39898443,1
6549,789,0.4380119,1
7139,789,0.6495523,1
8069,789,0.54732054,1
8445,789,0.7894605,1
8853,789,0.50096136,1
791,816,0.9375247,1
1336,791,0.7049432,1
1342,791,0.9324137,1
2356,791,0.91380435,1
791,4109,0.88359624,1
4951,791,0.8389009,1
5583,791,0.32797563,1
5636,791,0.7913926,1
5656,791,0.6065931,1
5860,791,0.39602372,1
791,6254,0.8349775,1
791,6490,0.8873737,1
791,6574,0.527075,1
791,6718,0.55143,1
6762,791,0.873166,1
791,7287,0.30598617,1
8163,791,0.8594329,1
791,8737,0.9067499,1
8765,791,0.6100353,1
8896,791,0.9315972,1
791,9315,0.37312415,1
9341,791,0.7545653,1
806,792,0.5805379,1
792,1219,0.8362374,1
792,1592,0.90334433,1
792,2553,0.66158575,1
792,2808,0.87874997,1
3391,792,0.5253846,1
792,4208,0.87874997,1
792,4976,0.9149128,1
792,5614,0.8675863,1
5873,792,0.43306226,1
792,9333,0.33585724,1
792,9646,0.5326598,1
804,799,0.9846087,1
799,1224,0.9821969,1
799,1583,0.85423565,1
1585,799,0.776209,1
799,2465,0.9821969,1
799,2587,0.8826128,1
799,3653,0.7862923,1
4236,799,0.77117336,1
4616,799,0.5363976,1
5337,799,0.77117336,1
5339,799,0.44840795,1
799,6321,0.88852257,1
8070,799,0.5282993,1
9233,799,0.31545606,1
804,1224,0.828353,1
804,1583,0.7822948,1
804,1585,0.4733011,1
804,2465,0.828353,1
804,2587,0.97525984,1
2901,804,0.30900162,1
3653,804,0.58014154,1
804,3673,0.34112293,1
4236,804,0.83655375,1
4616,804,0.46070677,1
4627,804,0.31441256,1
804,4629,0.4496266,1
5337,804,0.83655375,1
804,6321,0.988947,1
7434,804,0.40326345,1
7565,804,0.42843512,1
8070,804,0.7666973,1
9233,804,0.3729861,1
805,2488,0.38339376,1
3755,805,0.40682366,1
805,5382,0.39021173,1
6471,805,0.33125567,1
6940,805,0.5209994,1
806,1219,0.931136,1
1592,806,0.9763297,1
806,2218,0.4561776,1
806,2553,0.687633,1
2808,806,0.8982798,1
3391,806,0.8787983,1
3517,806,0.4657167,1
806,3734,0.4561776,1
4208,806,0.8982798,1
806,4976,0.83124214,1
806,5614,0.73491126,1
806,5873,0.34112686,1
806,6036,0.5267933,1
806,6320,0.7605149,1
806,6905,0.4657167,1
806,7166,0.7746615,1
806,9333,0.3353485,1
953,807,0.83591336,1
807,2180,0.8445264,1
5034,807,0.6400793,1
5136,807,0.73840743,1
807,5241,0.7333952,1
807,8649,0.41680884,1
809,810,0.5772684,1
4592,809,0.5171796,1
809,9368,0.5125503,1
3102,810,0.6387572,1
810,4592,0.5865347,1
810,9368,0.962169,1
4889,811,0.9801348,1
8754,811,0.97811073,1
1068,816,0.36323044,1
1336,816,0.48649535,1
1342,816,0.6786669,1
1837,816,0.31534064,1
2038,816,0.541675,1
2065,816,0.31534064,1
816,2268,0.36017475,1
2302,816,0.4123316,1
2330,816,0.36323044,1
2356,816,0.79666793,1
2573,816,0.36323044,1
816,4109,0.9375247,1
4951,816,0.47546002,1
816,5583,0.41543302,1
5636,816,0.3723735,1
816,5656,0.42006958,1
816,5860,0.39703885,1
816,6254,0.54234344,1
816,6490,0.42202663,1
6718,816,0.32630378,1
6762,816,0.7056302,1
7098,816,0.48685443,1
7287,816,0.46492082,1
816,7422,0.541675,1
816,8163,0.90845656,1
8737,816,0.4060861,1
816,8896,0.9017194,1
816,9315,0.5391586,1
955,823,0.547669,1
5840,824,0.6094355,1
6276,824,0.40827167,1
3035,831,0.5215378,1
831,6459,0.7693522,1
7945,831,0.38354647,1
840,1390,0.9174914,1
1769,840,0.9138691,1
840,2363,0.5813069,1
840,2461,0.7556961,1
840,3308,0.6905075,1
840,5280,0.58813673,1
7747,840,0.52745676,1
840,7810,0.6657337,1
840,8687,0.41009971,1
840,8804,0.37051246,1
9376,840,0.33060843,1
842,843,0.6805668,1
842,4694,0.821286,1
5222,842,0.9613906,1
843,4694,0.5533893,1
5222,843,0.7085262,1
844,1182,0.58162844,1
1859,844,0.72187227,1
1872,844,0.65263826,1
5772,844,0.38810453,1
6233,844,0.64626884,1
844,6423,0.4921217,1
6863,844,0.5633005,1
7579,844,0.93079835,1
7673,844,0.6485921,1
844,7857,0.51944375,1
7883,844,0.5596705,1
8082,844,0.5448237,1
9300,844,0.37713864,1
6521,851,0.37176406,1
851,8571,0.4105821,1
855,1956,0.80517346,1
3067,855,0.9560162,1
855,4048,0.80517346,1
855,4810,0.7164306,1
5766,855,0.9199196,1
855,5977,0.99205875,1
6144,855,0.99205875,1
7663,855,0.9606609,1
7998,855,0.98091084,1
855,8273,0.9843873,1
855,8482,0.5265923,1
9658,855,0.9566123,1
864,859,0.8451005,1
859,865,0.806268,1
2274,859,0.7285325,1
859,3940,0.8728185,1
5079,859,0.8877584,1
859,6070,0.8023338,1
859,6326,0.87647235,1
859,7665,0.61050904,1
8350,859,0.6862353,1
859,8355,0.4298681,1
859,9422,0.9031995,1
861,864,0.53974056,1
865,861,0.95991427,1
861,2274,0.68320495,1
3940,861,0.7846266,1
861,5079,0.82725906,1
861,6070,0.6163675,1
861,6326,0.60210496,1
861,8350,0.5169328,1
9422,861,0.7117946,1
864,865,0.5983828,1
864,1463,0.4853469,1
1656,864,0.44354945,1
2274,864,0.91787225,1
3940,864,0.90758586,1
5079,864,0.92389715,1
864,6070,0.81214386,1
864,6326,0.9345899,1
7665,864,0.46250007,1
864,8063,0.42970055,1
8350,864,0.5754671,1
864,8355,0.40059608,1
9422,864,0.94669205,1
865,1161,0.45949164,1
865,2274,0.8079603,1
865,3940,0.91267455,1
5079,865,0.9542885,1
6070,865,0.9585469,1
865,6326,0.95433354,1
865,8350,0.44855917,1
8355,865,0.46566555,1
865,9422,0.94946074,1
868,1222,0.76478153,1
868,1255,0.59695965,1
868,1507,0.502957,1
868,1599,0.9365681,1
1977,868,0.96194005,1
2283,868,0.38121113,1
868,2549,0.80419225,1
2765,868,0.84847635,1
868,3428,0.37170142,1
868,3440,0.85074365,1
5138,868,0.65820414,1
5820,868,0.5602168,1
868,5900,0.7278158,1
868,6042,0.68268424,1
868,6093,0.86202973,1
868,6481,0.41773516,1
868,6605,0.6664774,1
868,7751,0.5478211,1
868,8021,0.8552061,1
868,8162,0.63396066,1
868,8429,0.6706263,1
868,8843,0.37170142,1
868,9138,0.59695965,1
868,9210,0.8338246,1
868,9211,0.9059696,1
9465,868,0.7940715,1
869,4246,0.94638294,1
7784,869,0.83093417,1
5062,878,0.9634357,1
882,1016,0.91754353,1
882,1124,0.5415519,1
882,1288,0.9908688,1
882,1360,0.7980342,1
1365,882,0.5415519,1
1682,882,0.3216542,1
882,1684,0.91754353,1
2835,882,0.7980342,1
2901,882,0.7480893,1
882,3531,0.48854542,1
882,5093,0.39183107,1
5542,882,0.5172129,1
882,5635,0.37042704,1
6435,882,0.3689776,1
7565,882,0.37922573,1
7656,882,0.87521505,1
882,7987,0.6695407,1
882,8117,0.374552,1
882,9450,0.3252339,1
882,9779,0.55765396,1
883,1124,0.6498542,1
883,1360,0.43107432,1
1365,883,0.6498542,1
883,2835,0.43107432,1
2901,883,0.6317087,1
7987,883,0.47285625,1
883,9779,0.35600603,1
887,5677,0.3602623,1
9735,887,0.96833014,1
892,2087,0.88938665,1
892,8530,0.95181596,1
6521,895,0.42349246,1
8571,895,0.61929554,1
943,896,0.68345064,1
1462,896,0.7886212,1
896,1463,0.35287458,1
896,4139,0.94215065,1
896,5598,0.9158435,1
896,6472,0.781338,1
6519,896,0.5006348,1
8062,896,0.4098274,1
896,8064,0.846685,1
8354,896,0.34279144,1
8575,896,0.8119659,1
896,9039,0.6848879,1
9040,896,0.31422725,1
896,9041,0.8454748,1
9792,896,0.5036661,1
903,1005,0.41329676,1
1293,903,0.6207444,1
1385,903,0.82231474,1
903,1403,0.97994655,1
903,1503,0.70291156,1
1795,903,0.5628377,1
1816,903,0.7986888,1
903,1867,0.5095651,1
1964,903,0.85103184,1
2167,903,0.7203563,1
903,3016,0.77124655,1
4198,903,0.9473635,1
4199,903,0.48151484,1
4550,903,0.94158053,1
903,5224,0.8433714,1
5486,903,0.50441915,1
5769,903,0.7539784,1
6064,903,0.7696968,1
6278,903,0.7951156,1
903,6486,0.77124655,1
903,7173,0.8149109,1
903,7279,0.8894376,1
7466,903,0.8097568,1
7594,903,0.87385446,1
903,7689,0.8166919,1
7765,903,0.30179924,1
903,7973,0.8747216,1
8198,903,0.3084964,1
903,8667,0.77851707,1
8983,903,0.6157692,1
903,9603,0.9473635,1
907,2161,0.88359624,1
3238,907,0.9418571,1
907,4850,0.97064835,1
907,6346,0.98043996,1
907,7984,0.7709006,1
907,8243,0.9847965,1
915,1178,0.872425,1
2711,915,0.4978929,1
4516,915,0.9127263,1
6451,915,0.32454997,1
919,1156,0.9208366,1
1807,919,0.9596958,1
919,2440,0.88921803,1
919,6468,0.4716191,1
919,6690,0.95922065,1
919,6979,0.3976559,1
9374,919,0.9176986,1
921,920,0.4346476,1
922,920,0.47002828,1
1340,920,0.6751454,1
920,6969,0.6796359,1
920,8505,0.8909362,1
8732,920,0.9143247,1
8763,920,0.33658645,1
920,9054,0.30489314,1
9345,920,0.50185204,1
922,921,0.6864445,1
921,923,0.9925551,1
921,6969,0.3043014,1
922,8590,0.52494997,1
1340,923,0.4783294,1
923,6969,0.47565058,1
923,7783,0.34955925,1
923,8505,0.56024903,1
8732,923,0.40453532,1
1875,933,0.8281704,1
2663,933,0.8184608,1
933,5569,0.7717077,1
6512,933,0.91560465,1
6752,933,0.5854598,1
933,7996,0.9410219,1
933,8136,0.49454087,1
933,8671,0.82736063,1
933,8831,0.5144079,1
943,1462,0.92565525,1
943,1463,0.6253299,1
4139,943,0.9744196,1
943,5598,0.86036867,1
6472,943,0.6505235,1
6519,943,0.95070994,1
943,7670,0.32866582,1
943,8062,0.98786026,1
8063,943,0.3569358,1
943,8064,0.8565117,1
943,8354,0.31129906,1
943,8575,0.82610345,1
943,9039,0.54711765,1
9041,943,0.67651963,1
943,9792,0.4498218,1
1476,946,0.6590233,1
946,1595,0.9310725,1
946,2336,0.8607592,1
2367,946,0.8048246,1
946,7569,0.9491504,1
7608,946,0.91505593,1
7786,946,0.91813767,1
946,7980,0.86060995,1
8298,946,0.34261546,1
9360,946,0.9310725,1
949,5206,0.3847428,1
949,8266,0.9225002,1
953,2180,0.38981396,1
953,5034,0.8483275,1
953,5136,0.5184678,1
953,5241,0.73761296,1
953,8649,0.41438338,1
976,955,0.4744709,1
1943,960,0.5320007,1
960,3065,0.8221892,1
960,6003,0.5947869,1
960,6763,0.9195207,1
8377,960,0.9334636,1
8799,960,0.8278279,1
1665,961,0.32575786,1
961,2480,0.35346323,1
961,3491,0.922253,1
961,5777,0.57451105,1
9522,963,0.5840195,1
9294,966,0.7947966,1
968,2188,0.69502765,1
7993,968,0.74700534,1
8106,968,0.78697354,1
977,1144,0.69722563,1
977,1158,0.3396176,1
3858,977,0.7831135,1
5256,977,0.41455227,1
977,5625,0.37940165,1
977,6587,0.43570557,1
977,6990,0.5062999,1
7094,977,0.4613995,1
977,7113,0.7065044,1
977,8542,0.46807468,1
977,8890,0.5790027,1
1762,979,0.7253503,1
7617,979,0.43558466,1
1020,983,0.9505647,1
983,1304,0.8606886,1
4397,983,0.9505647,1
983,6475,0.33668286,1
6487,983,0.83076143,1
983,6511,0.44151935,1
983,6538,0.65210974,1
983,6586,0.90429556,1
6602,983,0.69135034,1
6783,983,0.88359624,1
983,6784,0.4194116,1
6804,983,0.489561,1
7120,983,0.91618335,1
7320,983,0.98563254,1
7392,983,0.89847577,1
983,7717,0.6017961,1
983,7861,0.5017892,1
983,7913,0.44535094,1
983,7999,0.75760984,1
983,8098,0.85802233,1
983,8206,0.91618335,1
3961,988,0.9405372,1
988,7845,0.3778324,1
7021,998,0.44102234,1
998,7041,0.5811954,1
9206,998,0.45895255,1
1002,1221,0.7907379,1
1002,1223,0.7907379,1
1002,1885,0.8972923,1
1002,2224,0.575819,1
1002,2408,0.769616,1
3570,1002,0.92034817,1
5206,1002,0.95114803,1
1002,7082,0.54639256,1
7762,1002,0.7974244,1
1002,8266,0.34441996,1
1002,8614,0.90840983,1
1293,1005,0.6743606,1
1005,1385,0.9195484,1
1518,1005,0.39648104,1
1964,1005,0.76068366,1
3016,1005,0.8670179,1
4198,1005,0.87446344,1
4550,1005,0.47253343,1
1005,5224,0.96030545,1
1005,6064,0.9288369,1
6278,1005,0.8414663,1
1005,6486,0.8670179,1
7594,1005,0.7708937,1
1005,7689,0.7401936,1
7765,1005,0.72057277,1
1005,7925,0.9138863,1
1005,7973,0.71673733,1
1005,8983,0.5970437,1
9603,1005,0.87446344,1
1009,1533,0.6692474,1
1539,1009,0.913268,1
1009,5706,0.62550455,1
1009,7916,0.48125458,1
8087,1009,0.32864285,1
1017,1016,0.37653366,1
1124,1016,0.80223,1
1288,1016,0.98505694,1
1360,1016,0.7672227,1
1016,1365,0.80223,1
1684,1016,0.88359624,1
2835,1016,0.7672227,1
2901,1016,0.7012952,1
1016,3531,0.442903,1
3840,1016,0.3401783,1
5542,1016,0.5625289,1
1016,6435,0.53350085,1
1016,7565,0.4391442,1
1016,7656,0.9754878,1
1016,7987,0.6144133,1
8117,1016,0.41923323,1
9450,1016,0.3531141,1
1016,9779,0.45076177,1
1017,1124,0.8773311,1
1360,1017,0.838677,1
1017,1365,0.8773311,1
1017,1518,0.38725454,1
1682,1017,0.90909535,1
1684,1017,0.37653366,1
1753,1017,0.42388174,1
1017,2835,0.838677,1
2901,1017,0.518124,1
3531,1017,0.32184356,1
5093,1017,0.3648257,1
1017,5542,0.572023,1
6435,1017,0.49648345,1
6809,1017,0.7617805,1
1017,7565,0.47355595,1
7987,1017,0.4968098,1
8117,1017,0.45696774,1
8129,1017,0.46402568,1
1017,8170,0.42045388,1
9450,1017,0.6905841,1
1017,9779,0.38935173,1
1064,1019,0.9542812,1
1019,1076,0.98141634,1
1369,1019,0.9855987,1
1391,1019,0.91665965,1
1019,1409,0.9601851,1
1546,1019,0.8801752,1
1019,2205,0.98141634,1
2289,1019,0.71579784,1
2416,1019,0.9382187,1
1019,2422,0.98141634,1
2899,1019,0.94457465,1
1019,3200,0.97352725,1
3566,1019,0.71579784,1
1019,4018,0.9855987,1
4088,1019,0.9855987,1
5818,1019,0.9269886,1
6060,1019,0.9583793,1
6506,1019,0.41687182,1
1019,6530,0.7986641,1
1019,6570,0.9677336,1
1019,6851,0.9542812,1
7090,1019,0.88359624,1
1019,7180,0.93825096,1
1019,7671,0.8862341,1
1019,7910,0.67939,1
8684,1019,0.92097825,1
9074,1019,0.94457465,1
1304,1020,0.34271643,1
4397,1020,0.88359624,1
6511,1020,0.3457742,1
1020,6538,0.8406,1
6586,1020,0.4755381,1
6602,1020,0.30056098,1
6783,1020,0.9505647,1
7007,1020,0.5344414,1
7120,1020,0.45378402,1
7320,1020,0.8858177,1
7392,1020,0.97936624,1
1020,7717,0.58612853,1
7861,1020,0.4693747,1
1020,7913,0.44426382,1
1020,7999,0.3561318,1
1020,8098,0.68394357,1
8206,1020,0.45378402,1
1022,1465,0.57250893,1
1022,4406,0.9838769,1
1022,5732,0.940925,1
6658,1022,0.7617206,1
1022,6847,0.900632,1
1022,7674,0.9081682,1
7675,1022,0.8595926,1
1022,7721,0.7327783,1
1022,7732,0.6597777,1
1022,7858,0.7316564,1
1022,7867,0.74975216,1
7948,1022,0.5678975,1
1022,8135,0.3348027,1
8584,1022,0.9504694,1
1022,9467,0.89520633,1
1673,1026,0.92067873,1
1026,1836,0.8740118,1
1026,2167,0.36553338,1
1026,7714,0.37042305,1
1027,2075,0.49954605,1
1027,5366,0.36921325,1
1034,1387,0.6266708,1
1034,1525,0.9803223,1
1767,1034,0.4245089,1
1810,1034,0.78051084,1
1034,1812,0.78051084,1
1034,1915,0.8707367,1
1034,2236,0.75864154,1
2323,1034,0.593724,1
1034,3242,0.7576579,1
3244,1034,0.7884747,1
3260,1034,0.631287,1
1034,3826,0.6117097,1
4140,1034,0.83340037,1
4501,1034,0.31234843,1
4795,1034,0.74877626,1
1034,5325,0.43099967,1
1034,5566,0.5686063,1
1034,5676,0.7303633,1
1034,7623,0.9195218,1
7811,1034,0.5662284,1
1034,8612,0.63128996,1
8683,1034,0.42950645,1
8774,1034,0.5197738,1
9175,1034,0.75662327,1
1034,9232,0.95068985,1
1034,9276,0.837157,1
9385,1034,0.44064966,1
2278,1037,0.71569574,1
3775,1037,0.9279517,1
3928,1037,0.3735993,1
1037,6520,0.33098152,1
1037,6673,0.8720537,1
7377,1037,0.35281327,1
8186,1037,0.39255843,1
9235,1037,0.75985193,1
1115,1039,0.88463926,1
1039,1303,0.40523675,1
1039,4416,0.543528,1
7632,1039,0.47856802,1
7865,1039,0.5252504,1
1039,7908,0.31458578,1
3546,1041,0.81751966,1
1043,6740,0.7112763,1
1043,8252,0.7088411,1
9505,1043,0.4299927,1
1053,1412,0.7678092,1
1053,1458,0.52636623,1
3412,1053,0.8774569,1
4751,1053,0.34067965,1
6353,1053,0.32995135,1
6654,1053,0.9198252,1
6680,1053,0.5992329,1
6772,1053,0.8243887,1
1053,7557,0.69653904,1
8226,1053,0.88661164,1
1053,8434,0.31618607,1
1055,2685,0.44104135,1
4835,1055,0.942368,1
8131,1055,0.472872,1
1055,8323,0.38601473,1
8368,1055,0.31551898,1
8766,1055,0.7917782,1
1061,1518,0.58647156,1
1061,1753,0.7881981,1
1061,1921,0.5066848,1
1061,2075,0.9448495,1
2467,1061,0.8049624,1
3856,1061,0.7779995,1
1061,4848,0.7598652,1
1061,5366,0.87514937,1
7892,1061,0.9247229,1
8170,1061,0.48727876,1
1061,8728,0.90166146,1
9362,1061,0.33928832,1
1064,1076,0.9201001,1
1369,1064,0.773617,1
1391,1064,0.8483427,1
1064,1409,0.84292835,1
1546,1064,0.9616183,1
1064,2205,0.9201001,1
2289,1064,0.6022535,1
2416,1064,0.5798488,1
1064,2422,0.9201001,1
2899,1064,0.75128645,1
1064,3200,0.7733281,1
3566,1064,0.6022535,1
4018,1064,0.773617,1
1064,4088,0.773617,1
5818,1064,0.7089228,1
6060,1064,0.7082464,1
6506,1064,0.5804521,1
6530,1064,0.33690405,1
1064,6570,0.9523401,1
6851,1064,0.88359624,1
1064,7090,0.9542812,1
7180,1064,0.88176304,1
1064,7671,0.75272834,1
1064,7910,0.82211,1
8684,1064,0.67300415,1
9074,1064,0.75128645,1
1067,1417,0.9743857,1
1067,2456,0.9939634,1
3344,1067,0.7440086,1
1067,6009,0.8250597,1
7942,1067,0.3503833,1
1067,8078,0.38370532,1
1067,8085,0.3068081,1
1067,8087,0.36148608,1
1067,8151,0.3330584,1
1837,1068,0.5092935,1
1068,2038,0.5287181,1
2065,1068,0.5092935,1
1068,2268,0.6397797,1
2302,1068,0.5573503,1
1068,2330,0.88359624,1
2573,1068,0.88359624,1
4266,1068,0.67853075,1
1068,5583,0.72736794,1
5636,1068,0.32768205,1
5860,1068,0.7874455,1
1068,6892,0.7294123,1
7098,1068,0.7580704,1
7287,1068,0.53677905,1
1068,7422,0.5287181,1
8163,1068,0.39038572,1
1068,9016,0.5364597,1
9258,1068,0.36544397,1
1068,9315,0.61612046,1
1456,1072,0.9249227,1
1072,1635,0.84612906,1
1072,1702,0.95209295,1
2240,1072,0.89797896,1
2964,1072,0.88359624,1
3117,1072,0.88359624,1
1072,3142,0.95209295,1
1072,3435,0.95058614,1
4046,1072,0.95209295,1
4168,1072,0.88359624,1
4264,1072,0.88359624,1
5204,1072,0.98991007,1
1072,5773,0.5444735,1
5865,1072,0.92560846,1
5996,1072,0.92560846,1
1072,6156,0.81745803,1
6259,1072,0.8858722,1
6367,1072,0.8480676,1
1072,6764,0.95209295,1
1072,7080,0.95209295,1
1072,7105,0.8440243,1
7112,1072,0.7006018,1
1072,7429,0.95209295,1
7624,1072,0.95209295,1
7659,1072,0.88359624,1
7699,1072,0.7570682,1
1072,7710,0.86668646,1
7730,1072,0.8515935,1
1072,7733,0.518079,1
1072,7737,0.9075087,1
7761,1072,0.9112445,1
1072,8024,0.72031695,1
8034,1072,0.9249227,1
1072,8577,0.72031695,1
1072,8948,0.88359624,1
9240,1072,0.78834486,1
9264,1072,0.8437663,1
9400,1072,0.86323804,1
1076,1369,0.9572914,1
1391,1076,0.9621914,1
1076,1409,0.838047,1
1076,1546,0.97307557,1
2205,1076,0.88359624,1
2289,1076,0.75428456,1
2416,1076,0.8780041,1
1076,2422,0.88359624,1
1076,2899,0.9108232,1
1076,3200,0.9694947,1
3566,1076,0.75428456,1
4018,1076,0.9572914,1
4088,1076,0.9572914,1
5818,1076,0.9437389,1
6060,1076,0.9728431,1
1076,6506,0.52466285,1
6530,1076,0.80595726,1
6570,1076,0.9546399,1
1076,6637,0.30133158,1
1076,6851,0.9201001,1
7090,1076,0.98141634,1
7180,1076,0.96360564,1
1076,7671,0.7671583,1
7910,1076,0.7602814,1
8684,1076,0.84516525,1
9074,1076,0.9108232,1
1078,1157,0.54446924,1
1078,3485,0.9042811,1
1078,4013,0.88359624,1
1078,4075,0.7874875,1
4792,1078,0.99502194,1
1078,5571,0.95617247,1
5657,1078,0.96935064,1
5703,1078,0.9225849,1
1078,5704,0.96935064,1
1078,6039,0.923893,1
1078,7812,0.7089192,1
1078,7856,0.7824659,1
7947,1078,0.81785893,1
8418,1078,0.62940115,1
1078,8663,0.904762,1
1080,1155,0.93440926,1
1080,1734,0.9761612,1
3993,1080,0.7782074,1
1080,4136,0.67298234,1
6496,1080,0.6323662,1
1080,7240,0.8861359,1
7582,1080,0.82024825,1
7628,1080,0.98341215,1
1080,7695,0.8427116,1
1080,7712,0.78337866,1
1080,7760,0.7450709,1
1080,7967,0.7204491,1
1080,8449,0.8861359,1
1117,1081,0.6998506,1
1119,1081,0.91251165,1
1081,1720,0.87860227,1
2271,1081,0.9159699,1
1081,2501,0.63795006,1
1081,3567,0.7348452,1
1081,3717,0.9434485,1
4043,1081,0.56642884,1
5537,1081,0.94182986,1
5692,1081,0.9831033,1
1081,6799,0.36552468,1
7692,1081,0.50824064,1
1081,7758,0.7682482,1
1081,8238,0.3765877,1
8661,1081,0.7416629,1
8701,1081,0.6964335,1
9262,1081,0.7200982,1
1082,6873,0.61535895,1
7711,1082,0.7138635,1
1086,2231,0.41206014,1
3582,1086,0.5756406,1
1086,6334,0.30857524,1
6933,1086,0.88687056,1
1086,6934,0.88687056,1
7794,1086,0.5276704,1
1087,6373,0.3117492,1
7613,1087,0.32314494,1
7785,1087,0.59710884,1
8153,1087,0.82577914,1
1090,1836,0.8766499,1
2305,1090,0.72288877,1
1090,3323,0.7297952,1
1090,3937,0.38016546,1
4335,1090,0.6149894,1
4524,1090,0.584014,1
5394,1090,0.8419382,1
1090,6307,0.37997591,1
6333,1090,0.7884689,1
7714,1090,0.5635314,1
1090,8027,0.90846264,1
8554,1090,0.6137498,1
8756,1090,0.30538887,1
1090,8888,0.61060804,1
1121,1092,0.8164415,1
1126,1092,0.830922,1
1092,1276,0.8350791,1
1330,1092,0.9903285,1
2596,1092,0.73783255,1
3069,1092,0.40053117,1
1092,3619,0.8523854,1
3994,1092,0.6287877,1
4481,1092,0.57111615,1
5076,1092,0.7130662,1
6821,1092,0.8164415,1
1092,6909,0.69299966,1
1092,7022,0.6614021,1
7930,1092,0.8164415,1
8041,1092,0.6113505,1
1092,8207,0.4083007,1
1094,2932,0.98820364,1
3032,1094,0.86553305,1
1094,3090,0.9839569,1
1094,3145,0.9839569,1
4252,1094,0.3850157,1
4871,1094,0.86831206,1
5587,1094,0.87211543,1
1094,6912,0.9898168,1
7577,1094,0.9438996,1
1094,8242,0.90083075,1
8854,1094,0.94786555,1
1096,1423,0.5078365,1
1450,1096,0.78440607,1
1096,1451,0.8902213,1
1096,1851,0.56689405,1
1096,1936,0.78440607,1
1096,2043,0.9867242,1
2838,1096,0.83792424,1
3136,1096,0.8600919,1
3343,1096,0.5781113,1
3452,1096,0.6952516,1
1096,5562,0.7857631,1
1096,6528,0.9036493,1
6568,1096,0.7042775,1
1096,6569,0.66651994,1
1096,6697,0.8086431,1
6924,1096,0.959097,1
1096,7364,0.8329649,1
7600,1096,0.92654204,1
1096,7727,0.787657,1
1096,7745,0.48287007,1
1096,7792,0.38009962,1
7805,1096,0.8428005,1
1096,7904,0.80121887,1
1096,8066,0.32658613,1
1096,8165,0.39990184,1
1096,8312,0.61313325,1
8313,1096,0.74563706,1
8576,1096,0.46636418,1
1096,8682,0.6580816,1
1096,9489,0.7537833,1
9791,1096,0.8843814,1
1098,1244,0.96075684,1
1284,1103,0.79262894,1
1750,1105,0.8491081,1
2513,1105,0.62234396,1
1105,4445,0.5868543,1
5905,1105,0.63101256,1
6386,1105,0.818637,1
9139,1105,0.62234396,1
9251,1105,0.6626776,1
1109,1322,0.4440713,1
1109,1659,0.6944407,1
1759,1109,0.69183886,1
1826,1109,0.51776594,1
1109,2071,0.41445273,1
1109,2091,0.70110583,1
1109,2093,0.7399071,1
1109,4161,0.39377517,1
6944,1109,0.59819984,1
7789,1109,0.79056966,1
7791,1109,0.57920593,1
1109,8159,0.35252124,1
8306,1109,0.86491144,1
1109,8479,0.9527572,1
8532,1109,0.9210436,1
8679,1109,0.6860771,1
8809,1109,0.3976971,1
1109,8950,0.94946784,1
1109,9056,0.94946784,1
9480,1109,0.91808796,1
1113,1805,0.82926404,1
1113,4686,0.9644087,1
7875,1113,0.89524466,1
1146,1115,0.7551802,1
1148,1115,0.9782256,1
1303,1115,0.69132054,1
1640,1115,0.62442696,1
2625,1115,0.4767103,1
1115,4416,0.34159783,1
1115,7345,0.55973196,1
1115,7585,0.8938877,1
1115,7632,0.8325043,1
1115,7865,0.74323595,1
7908,1115,0.75354666,1
8746,1115,0.45347106,1
1115,9169,0.3406566,1
1119,1117,0.9063949,1
1117,1322,0.3386982,1
1117,1659,0.46854717,1
1720,1117,0.8135642,1
2271,1117,0.78528774,1
1117,2501,0.5413249,1
1117,3567,0.68877,1
3717,1117,0.66353685,1
4043,1117,0.45821205,1
5537,1117,0.70787823,1
5692,1117,0.546362,1
1117,6799,0.94571656,1
7758,1117,0.44338888,1
8238,1117,0.45433554,1
1117,8363,0.3052974,1
8661,1117,0.5965306,1
8701,1117,0.59642833,1
9262,1117,0.87805766,1
1720,1119,0.7298946,1
2271,1119,0.79586786,1
2501,1119,0.57555735,1
3567,1119,0.7729454,1
1119,3717,0.5801742,1
1119,4043,0.8741935,1
5537,1119,0.7039312,1
1119,5692,0.7483286,1
1119,6799,0.69077545,1
1119,7692,0.3293258,1
7758,1119,0.3278494,1
1119,8238,0.443958,1
8661,1119,0.52396363,1
1119,8701,0.372209,1
1119,9262,0.66449475,1
1121,1276,0.7334919,1
1121,1292,0.7906571,1
1121,1309,0.8671212,1
1121,1330,0.76397485,1
2596,1121,0.97409713,1
1121,3069,0.86366934,1
1121,3619,0.722221,1
3994,1121,0.9366601,1
1121,4481,0.6099744,1
1121,6676,0.8462235,1
6821,1121,0.88359624,1
1121,6909,0.6869785,1
1121,7022,0.6854721,1
1121,7864,0.65088516,1
1121,7930,0.88359624,1
1124,1288,0.4753794,1
1360,1124,0.60873204,1
1124,1365,0.88359624,1
1518,1124,0.3179297,1
1124,1682,0.8984921,1
1124,1683,0.5062531,1
1124,1684,0.80223,1
1858,1124,0.35664335,1
2835,1124,0.60873204,1
1124,2901,0.345956,1
1124,3531,0.77120626,1
5093,1124,0.4134741,1
5542,1124,0.8848225,1
6435,1124,0.90444785,1
6809,1124,0.5740107,1
7565,1124,0.7448401,1
1124,7656,0.65137035,1
1124,7987,0.96773034,1
8117,1124,0.8211542,1
1124,9450,0.3039958,1
1124,9779,0.30993345,1
1276,1126,0.9219507,1
1126,1330,0.3693508,1
1126,3619,0.5917749,1
1126,3994,0.4835811,1
1126,4481,0.5596677,1
1126,5076,0.98084086,1
1126,6477,0.87537205,1
1126,6909,0.8666426,1
7022,1126,0.46160015,1
1126,8041,0.56316066,1
1126,8207,0.46330798,1
1127,1306,0.88359624,1
1127,2142,0.9656513,1
1127,6476,0.52855974,1
1127,7021,0.9253036,1
1127,7041,0.48421353,1
1127,9206,0.8614241,1
1128,7131,0.79105335,1
8155,1128,0.84340394,1
2382,1129,0.6137639,1
4911,1130,0.7506122,1
6583,1130,0.56930655,1
1485,1135,0.9742551,1
1135,4050,0.746484,1
1135,4431,0.71550184,1
5645,1135,0.5411668,1
6687,1135,0.84834677,1
1135,7572,0.30018145,1
1135,7741,0.35657188,1
8315,1135,0.3912321,1
8744,1135,0.764022,1
1135,9321,0.6217133,1
3536,1138,0.7770495,1
1143,2648,0.8757013,1
7229,1143,0.86958134,1
1143,7593,0.5166638,1
9017,1143,0.45732957,1
1144,1158,0.40808797,1
1144,3636,0.30344072,1
3858,1144,0.7678374,1
4838,1144,0.6739761,1
5256,1144,0.5175228,1
5625,1144,0.3766031,1
6587,1144,0.46577492,1
6990,1144,0.43099564,1
7024,1144,0.34276804,1
1144,7094,0.51254576,1
1144,7113,0.61294746,1
8542,1144,0.5839581,1
1144,8890,0.4501033,1
1148,1146,0.9804539,1
1146,1303,0.38369635,1
1146,1640,0.49183738,1
1146,4416,0.46401644,1
7585,1146,0.9099824,1
7632,1146,0.6351883,1
1146,7865,0.8494778,1
1146,7908,0.86430925,1
1146,8746,0.33676535,1
1146,9169,0.3716773,1
1148,1303,0.55034894,1
1640,1148,0.7386867,1
1148,2625,0.42750067,1
4416,1148,0.50072646,1
1148,7345,0.55860096,1
1148,7585,0.9827917,1
1148,7632,0.93046016,1
7865,1148,0.6963926,1
1148,7908,0.9889925,1
1148,8746,0.6986138,1
1148,9169,0.4929873,1
1734,1155,0.95987535,1
1155,3993,0.8795936,1
4136,1155,0.7807487,1
1155,6496,0.69019955,1
7240,1155,0.9463662,1
7582,1155,0.83741343,1
1155,7628,0.9817826,1
7695,1155,0.9257088,1
1155,7712,0.7031058,1
1155,7760,0.7285388,1
7967,1155,0.8584199,1
8449,1155,0.9463662,1
1156,1807,0.72076166,1
2440,1156,0.99206465,1
1156,6402,0.918446,1
1156,6468,0.6036261,1
6690,1156,0.8864538,1
1156,6738,0.9244138,1
6979,1156,0.77316695,1
1156,9374,0.9621713,1
1345,1157,0.38981345,1
1157,1415,0.49386975,1
1157,3078,0.5679086,1
3485,1157,0.6580682,1
1157,4013,0.54446924,1
4075,1157,0.6149508,1
1157,4792,0.4247806,1
1157,5571,0.75632054,1
1157,5657,0.69943005,1
5659,1157,0.49482688,1
5704,1157,0.69943005,1
6039,1157,0.76840734,1
1157,6789,0.4478562,1
1157,7278,0.33306235,1
7812,1157,0.5018131,1
7856,1157,0.43589756,1
1157,7947,0.44134337,1
8057,1157,0.3250813,1
1157,8361,0.4163293,1
8418,1157,0.897727,1
1157,8663,0.4777115,1
8876,1157,0.34403268,1
1157,9260,0.43400118,1
1158,3858,0.72967124,1
4838,1158,0.8186329,1
1158,5256,0.65736383,1
1158,5625,0.74113923,1
1158,6587,0.7486301,1
1158,6990,0.56357336,1
7024,1158,0.8753966,1
7094,1158,0.9672954,1
7113,1158,0.86333513,1
7997,1158,0.52316314,1
1158,8542,0.97565097,1
8890,1158,0.46086502,1
1875,1161,0.31091723,1
1161,4842,0.66303104,1
1161,7880,0.70347744,1
1161,7996,0.46969286,1
8545,1161,0.9895281,1
1178,4516,0.92967725,1
1453,1180,0.94320726,1
1180,7023,0.8906858,1
1180,7244,0.92499495,1
1508,1182,0.5208507,1
1182,1591,0.5452521,1
1859,1182,0.8859693,1
1182,1872,0.7774988,1
5772,1182,0.9753239,1
6233,1182,0.9483043,1
1182,6423,0.94251215,1
1182,6565,0.61991996,1
1182,6709,0.5687501,1
6863,1182,0.7604941,1
7579,1182,0.94235134,1
7673,1182,0.6709948,1
1182,7857,0.73942107,1
1182,7883,0.60371286,1
7943,1182,0.3814335,1
8078,1182,0.35332188,1
1182,8082,0.9409994,1
8645,1182,0.64343,1
1182,9300,0.6125353,1
1184,1572,0.46012172,1
1184,1974,0.78051347,1
1184,1980,0.97811073,1
2031,1184,0.30602965,1
2037,1184,0.7030693,1
2056,1184,0.9169185,1
2610,1184,0.91333777,1
3867,1184,0.34499696,1
1184,4158,0.5362391,1
4161,1184,0.7724499,1
5675,1184,0.9107821,1
1184,7036,0.7632278,1
9593,1184,0.8121483,1
1218,1185,0.88359624,1
2140,1185,0.7965403,1
1185,2488,0.9277254,1
3755,1185,0.8867354,1
5198,1185,0.7965403,1
6056,1185,0.8193736,1
6471,1185,0.9485119,1
6940,1185,0.8579447,1
1190,1257,0.79055184,1
1190,3819,0.773891,1
1190,7575,0.7703356,1
1190,7754,0.5848675,1
1190,7820,0.92220116,1
7428,1194,0.9163786,1
7156,1198,0.873966,1
1212,1210,0.88359624,1
1211,3222,0.95288706,1
1211,5516,0.8528138,1
7939,1211,0.66394216,1
8689,1211,0.88288444,1
9327,1211,0.38370565,1
1211,9492,0.4357617,1
1216,1394,0.6598238,1
1512,1216,0.88359624,1
1216,1908,0.6151058,1
1216,4748,0.78052825,1
5795,1216,0.85537773,1
7284,1216,0.9869528,1
7882,1216,0.894604,1
1216,7889,0.776288,1
7958,1216,0.712471,1
1216,8060,0.56359464,1
8061,1216,0.45592853,1
8379,1216,0.8193656,1
8696,1216,0.9357807,1
8761,1216,0.97823274,1
1216,8769,0.8840732,1
8800,1216,0.89832985,1
9388,1216,0.82842404,1
2140,1218,0.7965403,1
1218,2488,0.9277254,1
3755,1218,0.8867354,1
5198,1218,0.7965403,1
6056,1218,0.8193736,1
1218,6471,0.9485119,1
6940,1218,0.8579447,1
1219,1592,0.8622637,1
1219,2218,0.48431405,1
1219,2553,0.8870264,1
2808,1219,0.9103216,1
1219,3391,0.44638717,1
3517,1219,0.6265851,1
3734,1219,0.48431405,1
4208,1219,0.9103216,1
4976,1219,0.6275382,1
5614,1219,0.624154,1
6036,1219,0.34740978,1
6320,1219,0.4831794,1
6905,1219,0.6265851,1
7166,1219,0.51321286,1
7664,1219,0.31868437,1
8513,1219,0.6179801,1
1219,9528,0.5800857,1
9532,1219,0.5800857,1
9646,1219,0.53934175,1
1223,1221,0.88359624,1
1885,1221,0.8247276,1
2224,1221,0.3560924,1
1221,3570,0.654406,1
5206,1221,0.5060221,1
1221,7082,0.63011014,1
7762,1221,0.84944564,1
8614,1221,0.31095946,1
1255,1222,0.66053313,1
1507,1222,0.4304706,1
1222,1599,0.94707865,1
1977,1222,0.94840467,1
1222,2549,0.9297984,1
1222,2765,0.5868281,1
1222,3428,0.59243184,1
3440,1222,0.66310745,1
5138,1222,0.58247113,1
5820,1222,0.6032358,1
5843,1222,0.97781914,1
5900,1222,0.9399721,1
1222,6042,0.7599585,1
1222,6093,0.8140474,1
1222,6481,0.5999987,1
6605,1222,0.75294137,1
7751,1222,0.8807916,1
1222,7876,0.62246424,1
8021,1222,0.5895784,1
8031,1222,0.5047345,1
1222,8162,0.94428706,1
8843,1222,0.59243184,1
9138,1222,0.66053313,1
9211,1222,0.71688217,1
9465,1222,0.8625959,1
9659,1222,0.349677,1
1885,1223,0.8247276,1
1223,2224,0.3560924,1
3570,1223,0.654406,1
1223,5206,0.5060221,1
7082,1223,0.63011014,1
1223,7762,0.84944564,1
1223,8614,0.31095946,1
1583,1224,0.65996706,1
1224,1585,0.6466676,1
2465,1224,0.88359624,1
1224,2587,0.89615554,1
3653,1224,0.9447322,1
1224,4236,0.8584104,1
4616,1224,0.8790992,1
1224,4627,0.3176821,1
1224,4629,0.434879,1
1224,5337,0.8584104,1
6321,1224,0.87128603,1
1224,8070,0.7497931,1
9233,1224,0.6257022,1
1300,1225,0.7738471,1
1225,1496,0.87720865,1
1225,1723,0.7072108,1
1225,2649,0.94445086,1
1225,3407,0.7898403,1
1225,3770,0.7898403,1
4664,1225,0.7567939,1
1225,6510,0.95128185,1
1225,6607,0.5271217,1
1225,6856,0.4753083,1
1225,7731,0.78570586,1
7793,1225,0.7874953,1
1225,8025,0.5630236,1
1225,8179,0.45272046,1
1239,7784,0.6778924,1
1240,6531,0.54171145,1
1253,1662,0.9242528,1
1879,1253,0.5076984,1
3429,1253,0.5512936,1
1253,5098,0.83740675,1
7194,1253,0.7471169,1
1253,7837,0.5823939,1
1255,1507,0.9555212,1
1255,1599,0.6144576,1
1977,1255,0.8062634,1
2549,1255,0.40247756,1
1255,2765,0.7979052,1
1255,3428,0.851869,1
1255,3440,0.81760776,1
1255,5138,0.9496921,1
5820,1255,0.8045969,1
5843,1255,0.6129166,1
1255,5900,0.8296177,1
6042,1255,0.9517543,1
6093,1255,0.541711,1
6481,1255,0.8796154,1
1255,6605,0.46260056,1
7122,1255,0.52589595,1
1255,7751,0.8608578,1
7876,1255,0.9018085,1
1255,8021,0.81437004,1
8031,1255,0.94728225,1
1255,8429,0.43772027,1
8843,1255,0.851869,1
9138,1255,0.88359624,1
9210,1255,0.7754396,1
1255,9211,0.84286577,1
9465,1255,0.85947865,1
9659,1255,0.39107275,1
9677,1255,0.57010174,1
1257,3819,0.8348373,1
1257,7575,0.5249628,1
1257,7754,0.539597,1
1257,7820,0.44425577,1
1261,1766,0.3177755,1
2131,1261,0.71628654,1
2138,1261,0.9737274,1
2840,1261,0.7106267,1
3310,1261,0.782972,1
1261,3631,0.88281363,1
5066,1261,0.70732284,1
5117,1261,0.8608275,1
1261,7439,0.9900323,1
1261,7771,0.87238806,1
7886,1261,0.8602087,1
1261,8139,0.73824877,1
1261,8842,0.44750756,1
1268,1474,0.89992416,1
1914,1268,0.54583776,1
1268,2418,0.714551,1
2439,1268,0.5493959,1
3172,1268,0.33355516,1
1268,4574,0.31529355,1
1268,5126,0.5628898,1
1268,5291,0.5320614,1
1268,5621,0.92546844,1
1268,6532,0.6054734,1
6694,1268,0.63296247,1
1268,6723,0.40132126,1
6918,1268,0.36761814,1
1268,7324,0.72754055,1
8013,1268,0.44399965,1
8095,1268,0.5010257,1
8330,1268,0.6054734,1
8689,1268,0.43068928,1
8692,1268,0.47770485,1
1268,8694,0.38753745,1
8785,1268,0.34680644,1
1268,8997,0.6520104,1
1268,9307,0.7356693,1
9327,1268,0.39146045,1
1522,1274,0.94786423,1
1274,2226,0.4037907,1
4814,1274,0.54043514,1
1274,6166,0.41473576,1
6967,1274,0.7138738,1
1274,7890,0.35520062,1
7935,1274,0.5348683,1
8612,1274,0.41555333,1
1274,8686,0.69171923,1
9292,1274,0.990078,1
1274,9385,0.48886937,1
1276,1330,0.6792941,1
2596,1276,0.8205684,1
3069,1276,0.4028457,1
1276,3619,0.88612515,1
3994,1276,0.6178426,1
1276,4481,0.7743484,1
1276,5076,0.74636364,1
6821,1276,0.7334919,1
1276,6909,0.83797663,1
1276,7022,0.7632206,1
1276,7864,0.37055472,1
7930,1276,0.7334919,1
8041,1276,0.76101905,1
1276,8207,0.57284236,1
1279,1277,0.4609492,1
1277,1764,0.43957955,1
1277,3079,0.72302395,1
4488,1277,0.43957955,1
1277,5240,0.669176,1
7734,1277,0.30082563,1
7734,1279,0.3456271,1
1287,1683,0.61864567,1
1288,1360,0.35952935,1
1288,1365,0.4753794,1
1288,1684,0.98505694,1
1858,1288,0.30589107,1
1288,2835,0.35952935,1
1288,2901,0.31194982,1
3531,1288,0.32448655,1
1288,5542,0.3199107,1
1288,6809,0.4762024,1
7656,1288,0.9662487,1
1288,7987,0.3015075,1
1292,1309,0.98224026,1
1292,2596,0.9649122,1
1292,6821,0.7906571,1
7930,1292,0.7906571,1
1293,1385,0.97575086,1
1293,1816,0.67073023,1
1867,1293,0.46509475,1
1293,1964,0.36083576,1
3016,1293,0.95427537,1
1293,4198,0.5148547,1
5224,1293,0.61967444,1
1293,6064,0.62690973,1
6278,1293,0.90944916,1
1293,6486,0.95427537,1
7173,1293,0.4626959,1
1293,7466,0.34917134,1
1293,7594,0.7097059,1
1293,7603,0.9117617,1
7689,1293,0.83081007,1
7765,1293,0.58911794,1
1293,7925,0.56873643,1
7973,1293,0.7833943,1
8667,1293,0.3448207,1
8983,1293,0.5435942,1
9603,1293,0.5148547,1
1312,1296,0.74782956,1
2051,1296,0.73934317,1
1300,1496,0.7422806,1
1723,1300,0.9406425,1
2222,1300,0.32599658,1
1300,2649,0.69263893,1
1300,2687,0.42695245,1
2852,1300,0.7794945,1
1300,3407,0.76499766,1
3754,1300,0.4790772,1
3770,1300,0.76499766,1
3823,1300,0.6674265,1
1300,5148,0.55551434,1
6510,1300,0.8875787,1
6607,1300,0.5793733,1
6856,1300,0.8817092,1
7328,1300,0.49571428,1
7676,1300,0.84130174,1
7731,1300,0.41107285,1
7793,1300,0.76637185,1
7953,1300,0.65256363,1
1300,8025,0.68856746,1
8295,1300,0.45826596,1
1303,1640,0.6174671,1
1303,2625,0.93856007,1
1303,4416,0.8607783,1
1303,6371,0.4197542,1
7345,1303,0.62258583,1
1303,7585,0.42205846,1
7632,1303,0.72740847,1
1303,7865,0.82524306,1
1303,7908,0.3384275,1
8746,1303,0.9734327,1
1303,9169,0.6129511,1
1304,4397,0.34271643,1
1304,6475,0.75549906,1
1304,6476,0.7695587,1
1304,6487,0.60042274,1
6538,1304,0.64319414,1
1304,6586,0.5620251,1
6602,1304,0.50430965,1
6783,1304,0.8606886,1
6784,1304,0.46098173,1
1304,6804,0.48511088,1
1304,7120,0.4782983,1
7320,1304,0.4120793,1
7392,1304,0.6214186,1
1304,7717,0.42957807,1
7861,1304,0.38957936,1
7913,1304,0.4998949,1
1304,7999,0.5895588,1
1304,8206,0.4782983,1
1306,2142,0.9656513,1
6476,1306,0.52855974,1
1306,7021,0.9253036,1
1306,7041,0.48421353,1
1306,9206,0.8614241,1
2596,1309,0.86935073,1
3069,1309,0.33473045,1
6821,1309,0.8671212,1
7930,1309,0.8671212,1
6540,1312,0.42852026,1
1444,1314,0.79027903,1
1314,1647,0.49000767,1
1314,2154,0.41596082,1
2374,1314,0.99804604,1
1659,1322,0.93706,1
1759,1322,0.3641393,1
1322,1826,0.5843486,1
1322,2071,0.78156966,1
2091,1322,0.753366,1
2093,1322,0.8187848,1
6799,1322,0.49733618,1
1322,6944,0.80054367,1
7789,1322,0.34978253,1
1322,8159,0.68811816,1
8274,1322,0.30134168,1
8479,1322,0.42799,1
1322,8532,0.5436195,1
8679,1322,0.4779913,1
8950,1322,0.5187082,1
9056,1322,0.5187082,1
1322,9480,0.75180256,1
1326,5491,0.8999598,1
1326,5729,0.9968027,1
1326,8352,0.91892177,1
9387,1326,0.37681293,1
9458,1326,0.5286453,1
2596,1330,0.6011344,1
3619,1330,0.70382696,1
1330,3994,0.5489784,1
1330,4481,0.57883376,1
5076,1330,0.77162266,1
6821,1330,0.76397485,1
1330,6909,0.36803815,1
1330,7022,0.6627866,1
7930,1330,0.76397485,1
8041,1330,0.6966268,1
1330,8207,0.38087878,1
1336,1342,0.38720152,1
2268,1336,0.3440569,1
1336,4109,0.7049432,1
1336,5656,0.44846243,1
1336,6254,0.5140364,1
1336,6490,0.5471076,1
1336,8737,0.4850442,1
6969,1340,0.81708306,1
8505,1340,0.5990064,1
1340,8732,0.9076904,1
8763,1340,0.35712823,1
1342,2356,0.52368796,1
4109,1342,0.9324137,1
1342,4951,0.3245433,1
1342,6254,0.8515737,1
6490,1342,0.8398298,1
1342,6574,0.58983237,1
1342,6718,0.64767176,1
6762,1342,0.73837936,1
8163,1342,0.60010725,1
8737,1342,0.82779646,1
8765,1342,0.7788848,1
1342,8896,0.4587564,1
9341,1342,0.38568148,1
1345,1415,0.9449495,1
1345,3078,0.73458743,1
1345,5659,0.74782187,1
6789,1345,0.73254836,1
7278,1345,0.76852375,1
8057,1345,0.42390278,1
1345,8361,0.7396039,1
1345,8588,0.39753044,1
8876,1345,0.8799416,1
9260,1345,0.39049235,1
1347,3089,0.972606,1
1347,6790,0.96169704,1
1347,8055,0.86665493,1
1348,4829,0.5029106,1
1350,1853,0.74018747,1
5172,1350,0.3244907,1
5232,1350,0.3204344,1
1350,5233,0.47796658,1
1350,5993,0.49294287,1
1350,7995,0.5484,1
1350,8705,0.40248305,1
1353,4696,0.91362154,1
9244,1353,0.7865893,1
1621,1355,0.8664614,1
9245,1355,0.8877564,1
5811,1356,0.93217623,1
1356,7078,0.99205786,1
1360,1365,0.60873204,1
1360,1682,0.7500075,1
1683,1360,0.43629858,1
1684,1360,0.7672227,1
1858,1360,0.91678935,1
2835,1360,0.88359624,1
1360,2901,0.93569744,1
3531,1360,0.62996316,1
1360,5093,0.844138,1
1360,5542,0.8308276,1
1360,5635,0.36351115,1
1360,6435,0.48806533,1
1360,6809,0.6386583,1
1360,7565,0.5959526,1
1360,7656,0.74532783,1
7987,1360,0.6476513,1
8117,1360,0.6385461,1
9450,1360,0.71897405,1
1360,9779,0.3423621,1
1365,1518,0.3179297,1
1365,1682,0.8984921,1
1365,1683,0.5062531,1
1365,1684,0.80223,1
1365,1858,0.35664335,1
1365,2835,0.60873204,1
1365,2901,0.345956,1
1365,3531,0.77120626,1
5093,1365,0.4134741,1
1365,5542,0.8848225,1
6435,1365,0.90444785,1
6809,1365,0.5740107,1
1365,7565,0.7448401,1
1365,7656,0.65137035,1
7987,1365,0.96773034,1
1365,8117,0.8211542,1
9450,1365,0.3039958,1
9779,1365,0.30993345,1
1369,1391,0.93300116,1
1409,1369,0.98727185,1
1546,1369,0.98386925,1
1369,2205,0.9572914,1
1369,2289,0.6306854,1
2416,1369,0.88637364,1
2422,1369,0.9572914,1
2899,1369,0.9576279,1
1369,3200,0.8117746,1
3566,1369,0.6306854,1
1369,4018,0.88359624,1
4088,1369,0.88359624,1
5818,1369,0.9593809,1
6060,1369,0.9264329,1
6506,1369,0.3055716,1
1369,6530,0.57881194,1
6570,1369,0.85160255,1
1369,6851,0.773617,1
1369,7090,0.9855987,1
7180,1369,0.98955184,1
7671,1369,0.69564414,1
1369,7910,0.6744615,1
8684,1369,0.94121766,1
9074,1369,0.9576279,1
1385,1518,0.46862915,1
1816,1385,0.6351807,1
1385,1964,0.919332,1
3016,1385,0.9729558,1
3614,1385,0.52008605,1
1385,4198,0.9108912,1
4199,1385,0.732488,1
1385,4550,0.35981908,1
5224,1385,0.919079,1
6064,1385,0.80052197,1
6278,1385,0.8858042,1
6486,1385,0.9729558,1
7173,1385,0.34872293,1
7594,1385,0.9399722,1
1385,7603,0.48592192,1
1385,7689,0.9638563,1
1385,7765,0.7684977,1
7973,1385,0.8430404,1
1385,8359,0.3502232,1
8667,1385,0.38225543,1
1385,8983,0.9107119,1
1385,9603,0.9108912,1
1525,1387,0.49389565,1
1387,1767,0.879602,1
1810,1387,0.5639863,1
1387,1812,0.5639863,1
1387,1915,0.55774444,1
2236,1387,0.3895061,1
2323,1387,0.84008634,1
3242,1387,0.65983146,1
3244,1387,0.6708423,1
3260,1387,0.7979065,1
1387,3826,0.8826746,1
4501,1387,0.76988435,1
5325,1387,0.7907844,1
5403,1387,0.6621559,1
5566,1387,0.8076029,1
1387,5604,0.5069405,1
1387,5676,0.6976435,1
6791,1387,0.37134132,1
1387,7623,0.52094316,1
8612,1387,0.49816224,1
1387,8683,0.63333684,1
1387,8774,0.75999606,1
9175,1387,0.8457928,1
9232,1387,0.76453763,1
9276,1387,0.9545027,1
9385,1387,0.8742736,1
1769,1390,0.8832388,1
2461,1390,0.6670506,1
1390,3308,0.7082889,1
1390,5280,0.37818447,1
1390,7747,0.35369506,1
1390,7810,0.61154544,1
9376,1390,0.34002414,1
9493,1390,0.34256324,1
9495,1390,0.32068077,1
1409,1391,0.9493432,1
1391,1546,0.9558331,1
1391,2205,0.9621914,1
2289,1391,0.64829797,1
1391,2416,0.9495667,1
1391,2422,0.9621914,1
2899,1391,0.8971995,1
1391,3200,0.93339014,1
3566,1391,0.64829797,1
1391,4018,0.93300116,1
1391,4088,0.93300116,1
5818,1391,0.9095447,1
1391,6060,0.9464575,1
6570,1391,0.80494446,1
6851,1391,0.8483427,1
7090,1391,0.91665965,1
7180,1391,0.94194996,1
7671,1391,0.3472972,1
1391,8684,0.8358818,1
9074,1391,0.8971995,1
1512,1394,0.6598238,1
1394,1908,0.59258956,1
4748,1394,0.78766656,1
5795,1394,0.698333,1
7284,1394,0.64033926,1
7882,1394,0.37455627,1
7889,1394,0.7087499,1
7958,1394,0.55861485,1
8060,1394,0.67424273,1
1394,8061,0.9696456,1
8379,1394,0.34807295,1
1394,8696,0.626611,1
8761,1394,0.6783973,1
8769,1394,0.7145593,1
8800,1394,0.5404641,1
9388,1394,0.39851224,1
1403,1795,0.64298743,1
1816,1403,0.89874554,1
1403,2167,0.78442883,1
1403,4198,0.8252094,1
1403,4550,0.3183425,1
5769,1403,0.52829885,1
1403,6278,0.30917555,1
7173,1403,0.401208,1
7279,1403,0.797722,1
1403,7458,0.39202473,1
1403,7466,0.63967377,1
1403,7594,0.4820155,1
1403,7765,0.40876523,1
1403,8667,0.3874274,1
1403,9603,0.8252094,1
1409,1546,0.962203,1
2205,1409,0.838047,1
2289,1409,0.68094224,1
2416,1409,0.83262825,1
2422,1409,0.838047,1
1409,2899,0.9476955,1
3200,1409,0.82860243,1
3566,1409,0.68094224,1
1409,4018,0.98727185,1
1409,4088,0.98727185,1
5818,1409,0.91183674,1
1409,6060,0.93648905,1
6506,1409,0.30452743,1
1409,6530,0.5712535,1
1409,6570,0.8937369,1
1409,6851,0.84292835,1
7090,1409,0.9601851,1
7180,1409,0.91327083,1
7671,1409,0.7887565,1
1409,7910,0.6511868,1
1409,8684,0.8307188,1
1409,9074,0.9476955,1
1412,1458,0.97540945,1
3412,1412,0.93464583,1
4751,1412,0.94673127,1
6353,1412,0.96672064,1
1412,6654,0.711673,1
6772,1412,0.45356134,1
1412,9382,0.30290172,1
3078,1415,0.91431165,1
5659,1415,0.8754167,1
6789,1415,0.88422173,1
7278,1415,0.7902628,1
1415,8057,0.35636073,1
8361,1415,0.8274199,1
8588,1415,0.43058354,1
1415,8876,0.9185511,1
1415,9260,0.36081904,1
1416,8058,0.9449141,1
2456,1417,0.9672815,1
1417,3344,0.5523843,1
1417,6009,0.84715796,1
6245,1422,0.88422585,1
8065,1422,0.64886194,1
1450,1423,0.4349983,1
1451,1423,0.42975906,1
1423,1851,0.80429006,1
1936,1423,0.4349983,1
1423,2043,0.41102237,1
3136,1423,0.48851538,1
3343,1423,0.5483928,1
3452,1423,0.9366995,1
5562,1423,0.45071644,1
1423,6528,0.8323338,1
1423,6568,0.3044913,1
1423,6569,0.59044915,1
1423,6697,0.6425809,1
6924,1423,0.5887653,1
7364,1423,0.4944302,1
7600,1423,0.33288363,1
7745,1423,0.84149015,1
7805,1423,0.4399467,1
1423,7904,0.6184882,1
1423,8066,0.64886194,1
8154,1423,0.36248106,1
1423,8165,0.8086518,1
8502,1423,0.8209021,1
1423,8576,0.60297835,1
8682,1423,0.43325952,1
9791,1423,0.32944566,1
1686,1431,0.7996829,1
1431,2061,0.7996829,1
3168,1431,0.7649322,1
4822,1431,0.85861117,1
5488,1431,0.9619178,1
1431,6161,0.95411146,1
7606,1431,0.89335966,1
1431,7972,0.90267915,1
8593,1431,0.5211944,1
8823,1431,0.34136954,1
6727,1434,0.9889354,1
1434,7788,0.46084812,1
1434,9148,0.9407621,1
1444,1647,0.72204,1
1444,2374,0.95576,1
1448,1926,0.9270469,1
2149,1448,0.7777831,1
2851,1448,0.95548403,1
3243,1448,0.99590576,1
1448,6505,0.57201153,1
1448,7607,0.8291904,1
1448,7799,0.447843,1
8059,1448,0.70660114,1
1448,8274,0.7646145,1
8538,1448,0.88666594,1
8748,1448,0.5718574,1
1450,1451,0.7554794,1
1450,1936,0.88359624,1
2043,1450,0.5478735,1
2838,1450,0.69655937,1
3136,1450,0.9063396,1
1450,3452,0.44904867,1
5562,1450,0.55049866,1
1450,6528,0.5276232,1
6569,1450,0.39209834,1
6697,1450,0.72064173,1
1450,6924,0.45147502,1
1450,7364,0.41969195,1
1450,7600,0.62165487,1
7745,1450,0.41114438,1
7805,1450,0.57089895,1
1450,7904,0.6428917,1
1450,8057,0.32055616,1
1450,8066,0.3104449,1
1450,8312,0.7992265,1
1450,8313,0.878985,1
8502,1450,0.48607093,1
1450,8682,0.5733805,1
9791,1450,0.57983726,1
1451,1851,0.34608862,1
1936,1451,0.7554794,1
2043,1451,0.81593394,1
2838,1451,0.8847392,1
3136,1451,0.800683,1
1451,3452,0.37091947,1
1451,5562,0.6669788,1
1451,6528,0.50011235,1
6569,1451,0.51425457,1
6697,1451,0.7669854,1
6924,1451,0.72354066,1
1451,7364,0.33520126,1
7600,1451,0.70392686,1
1451,7745,0.49637115,1
1451,7805,0.916441,1
1451,7904,0.7131723,1
8313,1451,0.38287073,1
1451,8502,0.7738994,1
1451,8682,0.8407959,1
1451,9489,0.5867646,1
9791,1451,0.6498293,1
1452,4591,0.3844903,1
1452,6174,0.63958526,1
8312,1452,0.43750802,1
8314,1452,0.9650998,1
1452,8421,0.68297356,1
1453,7023,0.8556885,1
1453,7244,0.95305747,1
1454,3718,0.8815777,1
1454,6196,0.88720495,1
7872,1454,0.46387768,1
1454,9460,0.86111194,1
1454,9461,0.6297177,1
1635,1456,0.76596403,1
1702,1456,0.95629334,1
2240,1456,0.7060261,1
1456,2964,0.9249227,1
3117,1456,0.9249227,1
3142,1456,0.95629334,1
1456,3435,0.9467043,1
1456,4046,0.95629334,1
1456,4168,0.9249227,1
1456,4264,0.9249227,1
5204,1456,0.43131694,1
5773,1456,0.75764096,1
1456,5865,0.80934334,1
1456,5996,0.80934334,1
6259,1456,0.4190855,1
1456,6367,0.70666164,1
6764,1456,0.95629334,1
7080,1456,0.95629334,1
7105,1456,0.36233515,1
7429,1456,0.95629334,1
1456,7624,0.95629334,1
7659,1456,0.9249227,1
7699,1456,0.7789792,1
1456,7710,0.947175,1
7730,1456,0.87162083,1
7733,1456,0.79077,1
1456,7737,0.7234647,1
7761,1456,0.8609113,1
8024,1456,0.87274134,1
8034,1456,0.88359624,1
8577,1456,0.87274134,1
8948,1456,0.9249227,1
1456,9264,0.6903625,1
1456,9400,0.33435044,1
3412,1458,0.93515897,1
4201,1458,0.46006632,1
4751,1458,0.9692271,1
6353,1458,0.85477746,1
1458,6654,0.7060297,1
6772,1458,0.40056828,1
9266,1458,0.37619054,1
1459,2626,0.548514,1
3402,1459,0.9917853,1
1459,6682,0.77247536,1
8914,1459,0.9498584,1
1462,1463,0.43732253,1
1462,4139,0.98000884,1
5598,1462,0.96505207,1
1462,6245,0.4216865,1
1462,6472,0.91587067,1
1462,6519,0.9220687,1
1462,7670,0.31234914,1
1462,8062,0.8946644,1
8064,1462,0.7805002,1
8354,1462,0.46154305,1
8369,1462,0.33208254,1
8575,1462,0.8964378,1
1462,9039,0.6028467,1
9040,1462,0.33859137,1
9041,1462,0.648343,1
1462,9792,0.48211798,1
4139,1463,0.9075686,1
1463,5598,0.6699521,1
1463,6472,0.4726753,1
1463,6519,0.3294153,1
1463,8062,0.3167283,1
1463,8063,0.95869094,1
1463,8064,0.59395236,1
1463,8354,0.5721045,1
8369,1463,0.34473518,1
8575,1463,0.9100635,1
9039,1463,0.47293222,1
1463,9040,0.30799067,1
9041,1463,0.40356535,1
1463,9792,0.3986259,1
4406,1465,0.8243748,1
5732,1465,0.6347854,1
1465,6076,0.30086812,1
6449,1465,0.30086812,1
1465,6658,0.5933025,1
1465,6847,0.84387517,1
1465,7674,0.96164715,1
7675,1465,0.8735931,1
7721,1465,0.80738896,1
7732,1465,0.7230587,1
1465,7858,0.90487087,1
7867,1465,0.7947218,1
7948,1465,0.6444654,1
1465,8135,0.8042159,1
8584,1465,0.6337431,1
9467,1465,0.58055323,1
1472,2057,0.5194975,1
1914,1474,0.52442235,1
1474,2418,0.863447,1
1474,2439,0.8287286,1
4009,1474,0.54210025,1
1474,4574,0.54700834,1
4953,1474,0.4735672,1
1474,5126,0.53974277,1
1474,5234,0.912122,1
5291,1474,0.8549826,1
1474,5556,0.33834565,1
1474,5621,0.9284345,1
6532,1474,0.8238521,1
6694,1474,0.8810787,1
7324,1474,0.79776037,1
1474,7768,0.43556747,1
1474,8013,0.41170076,1
8095,1474,0.4794056,1
1474,8330,0.8238521,1
1474,8689,0.6114726,1
1474,8692,0.4992085,1
1474,8694,0.44821322,1
8785,1474,0.41691008,1
8997,1474,0.51420504,1
9307,1474,0.39985657,1
9327,1474,0.5558293,1
1595,1476,0.858635,1
1476,2336,0.7320734,1
2367,1476,0.97951514,1
7569,1476,0.5790908,1
7786,1476,0.7286675,1
1476,7980,0.7306245,1
1476,8298,0.7582926,1
9360,1476,0.858635,1
1479,8310,0.95315224,1
2501,1480,0.42771018,1
1480,8019,0.84318745,1
8238,1480,0.3056332,1
1480,8309,0.90700144,1
8677,1480,0.88014174,1
1839,1483,0.9879873,1
3659,1483,0.74502003,1
5839,1483,0.88868886,1
6563,1483,0.98711836,1
6775,1483,0.5402057,1
7038,1483,0.6069779,1
8301,1483,0.5988575,1
4050,1485,0.7373907,1
1485,4431,0.7384202,1
5645,1485,0.5498226,1
1485,6687,0.810517,1
8744,1485,0.9141912,1
9321,1485,0.48226172,1
1485,9384,0.30075008,1
2613,1487,0.5878099,1
1982,1492,0.9805494,1
1492,2732,0.91153514,1
3202,1492,0.9855376,1
1492,4490,0.9035391,1
1492,4810,0.35919306,1
1492,5158,0.9049218,1
5501,1492,0.9035391,1
5651,1492,0.9282781,1
5779,1492,0.9282781,1
6843,1492,0.6725755,1
6860,1492,0.8013471,1
8411,1492,0.9035391,1
1492,8514,0.49183258,1
9310,1492,0.9502551,1
1723,1496,0.7732604,1
1496,2649,0.89987147,1
1496,3407,0.82159024,1
3770,1496,0.82159024,1
4664,1496,0.78171504,1
6510,1496,0.41253716,1
1496,7676,0.4451736,1
7731,1496,0.7158367,1
7793,1496,0.82565266,1
8025,1496,0.38147223,1
1503,1795,0.31124085,1
1503,1816,0.708391,1
1503,1867,0.32972452,1
1503,1964,0.326335,1
1503,1970,0.5106612,1
4198,1503,0.8100336,1
1503,4199,0.5193767,1
4550,1503,0.87740326,1
5224,1503,0.3745988,1
5486,1503,0.60293347,1
1503,5769,0.44292986,1
1503,6064,0.498314,1
1503,6278,0.3997647,1
1503,7173,0.7916091,1
7458,1503,0.44271237,1
7466,1503,0.31828064,1
1503,7594,0.3581235,1
7973,1503,0.36843145,1
1503,8667,0.5639933,1
9603,1503,0.8100336,1
1507,1599,0.6413689,1
1507,1977,0.73287183,1
1507,2283,0.33444688,1
2549,1507,0.3674564,1
2765,1507,0.5548275,1
1507,2839,0.5091129,1
1507,3428,0.96518385,1
5138,1507,0.89081895,1
1507,5820,0.80046093,1
1507,5843,0.60987866,1
5900,1507,0.6192966,1
1507,6042,0.8140474,1
6093,1507,0.67189604,1
1507,6481,0.8589251,1
6605,1507,0.3387382,1
7751,1507,0.85590863,1
7876,1507,0.7781375,1
8021,1507,0.8422915,1
1507,8031,0.86999315,1
1507,8429,0.7427314,1
1507,8843,0.96518385,1
1507,9138,0.9555212,1
1507,9210,0.69145113,1
1507,9211,0.934501,1
1507,9465,0.6852383,1
1508,1591,0.9763297,1
1859,1508,0.7149272,1
1508,1872,0.61798877,1
1508,5772,0.61832094,1
6233,1508,0.5472021,1
1508,6423,0.63759285,1
6863,1508,0.5121293,1
7579,1508,0.7449791,1
7673,1508,0.60727715,1
7857,1508,0.5178343,1
1508,7883,0.423988,1
1508,8082,0.52325547,1
1508,8645,0.79770625,1
9300,1508,0.40269008,1
1512,1908,0.6151058,1
1512,4748,0.78052825,1
5795,1512,0.85537773,1
7284,1512,0.9869528,1
7882,1512,0.894604,1
1512,7889,0.776288,1
1512,7958,0.712471,1
1512,8060,0.56359464,1
8061,1512,0.45592853,1
8379,1512,0.8193656,1
8696,1512,0.9357807,1
1512,8761,0.97823274,1
8769,1512,0.8840732,1
8800,1512,0.89832985,1
9388,1512,0.82842404,1
1727,1518,0.3044405,1
1921,1518,0.45885515,1
1956,1518,0.36626244,1
1964,1518,0.45503378,1
1518,1982,0.38719982,1
2075,1518,0.63302064,1
1518,2467,0.4161802,1
3016,1518,0.43035823,1
3856,1518,0.6371275,1
1518,4048,0.36626244,1
4675,1518,0.38101172,1
5366,1518,0.4797677,1
1518,6220,0.40694505,1
6486,1518,0.43035823,1
6779,1518,0.4607019,1
6843,1518,0.3745827,1
6845,1518,0.3221527,1
6860,1518,0.47169665,1
7689,1518,0.45448974,1
7715,1518,0.6746725,1
7892,1518,0.69556034,1
1518,7970,0.58716035,1
1518,7987,0.3011545,1
7998,1518,0.38339397,1
1518,8129,0.4182647,1
1518,8337,0.59657353,1
8356,1518,0.46648887,1
1518,8359,0.6187052,1
8514,1518,0.39673802,1
8728,1518,0.63788545,1
1518,8814,0.51163477,1
8888,1518,0.33432758,1
9779,1518,0.5180178,1
1522,1527,0.41045257,1
1522,2226,0.38539588,1
1522,4814,0.80003434,1
1522,6166,0.32772908,1
1522,6967,0.4825885,1
1522,7890,0.5544705,1
8686,1522,0.8887384,1
8687,1522,0.35258785,1
1767,1525,0.3637492,1
1810,1525,0.7359799,1
1812,1525,0.7359799,1
1915,1525,0.86721355,1
2236,1525,0.9601233,1
2323,1525,0.424339,1
3242,1525,0.604869,1
3244,1525,0.7248817,1
1525,3260,0.7454674,1
1525,3826,0.30522406,1
4140,1525,0.8149815,1
4501,1525,0.39382553,1
1525,4795,0.74051476,1
1525,5325,0.46456045,1
5566,1525,0.65873486,1
5676,1525,0.6923969,1
7623,1525,0.894822,1
7811,1525,0.5671481,1
8612,1525,0.595963,1
8683,1525,0.5196886,1
1525,8774,0.4491183,1
9175,1525,0.7193424,1
9232,1525,0.91558,1
9276,1525,0.82288706,1
9385,1525,0.62981427,1
2226,1527,0.76501393,1
1527,2419,0.82339925,1
4814,1527,0.4043511,1
1527,5280,0.4044252,1
1527,5554,0.67824805,1
1527,5710,0.6402822,1
1527,6166,0.48699474,1
8687,1527,0.9026263,1
1529,1766,0.4843919,1
1529,2131,0.5695049,1
1529,2840,0.59717226,1
1529,3128,0.4860412,1
5117,1529,0.7575328,1
1529,7439,0.37087938,1
1529,8842,0.3227909,1
2676,1532,0.58252627,1
1532,4573,0.93043846,1
1532,8320,0.85072374,1
8465,1532,0.74448925,1
1532,8508,0.4453366,1
1532,8837,0.88731974,1
1532,9191,0.6235914,1
1532,9305,0.8942267,1
1532,9355,0.73545516,1
1539,1533,0.9485397,1
5706,1533,0.9714381,1
1533,7916,0.8669413,1
1533,8087,0.3704615,1
1539,5706,0.36686224,1
1539,7916,0.37067,1
8087,1539,0.7162387,1
2205,1546,0.97307557,1
1546,2289,0.83750206,1
1546,2416,0.8830196,1
1546,2422,0.97307557,1
1546,2899,0.9577758,1
3200,1546,0.8130743,1
1546,3566,0.83750206,1
1546,4018,0.98386925,1
1546,4088,0.98386925,1
1546,5818,0.8604444,1
1546,6060,0.8991597,1
1546,6506,0.68905264,1
6530,1546,0.33371753,1
1546,6570,0.95145893,1
6851,1546,0.9616183,1
1546,7090,0.8801752,1
1546,7180,0.8976882,1
7671,1546,0.4764467,1
7910,1546,0.53142416,1
8684,1546,0.9793859,1
1546,9074,0.9577758,1
3524,1550,0.87260705,1
4527,1550,0.8100252,1
5723,1550,0.7725994,1
8586,1550,0.94959027,1
1550,8779,0.6672141,1
8795,1550,0.7448725,1
9267,1550,0.84989583,1
1990,1561,0.64079523,1
1561,2218,0.33912784,1
1561,2580,0.38598025,1
1561,3517,0.30218798,1
1561,3550,0.4569857,1
3734,1561,0.33912784,1
1561,6905,0.30218798,1
7148,1561,0.64079523,1
1561,8513,0.42085287,1
1974,1572,0.89382726,1
1572,1980,0.78901035,1
1999,1572,0.70505863,1
1572,2031,0.36160034,1
1572,2037,0.89953727,1
1572,2056,0.8458364,1
2610,1572,0.9393654,1
1572,3710,0.88494754,1
3867,1572,0.3931595,1
4158,1572,0.5120565,1
4161,1572,0.7903991,1
4740,1572,0.6793248,1
5675,1572,0.83858484,1
6904,1572,0.34565094,1
7036,1572,0.9613872,1
8532,1572,0.30663645,1
1572,9593,0.97678405,1
8042,1577,0.9790388,1
1577,9135,0.8536252,1
1715,1579,0.86394125,1
1579,1856,0.86394125,1
2886,1579,0.76527566,1
2900,1579,0.4326463,1
3865,1579,0.78694737,1
4456,1579,0.9851836,1
1579,4601,0.9791381,1
4606,1579,0.9966203,1
5339,1579,0.52318823,1
5371,1579,0.38965166,1
5574,1579,0.6978539,1
1579,5780,0.6759528,1
5837,1579,0.9810947,1
1579,6440,0.78694737,1
6549,1579,0.86394125,1
7055,1579,0.9851836,1
1579,7141,0.9605326,1
1579,7356,0.9605326,1
7434,1579,0.807077,1
8442,1579,0.804899,1
8444,1579,0.6759528,1
1579,9338,0.4033792,1
1579,9429,0.9349207,1
1583,1585,0.91446793,1
2465,1583,0.65996706,1
1583,2587,0.7021869,1
3653,1583,0.8862392,1
1583,4629,0.6741236,1
6321,1583,0.85216725,1
1583,8070,0.6614541,1
1585,2465,0.6466676,1
1585,2587,0.6577455,1
1585,3653,0.6928653,1
1585,4095,0.37194347,1
4163,1585,0.5317499,1
1585,5599,0.3764883,1
1585,9233,0.31485102,1
1591,1859,0.7070911,1
1591,1872,0.47096372,1
1591,5772,0.35880098,1
1591,6233,0.41278407,1
1591,6423,0.7617524,1
6863,1591,0.47498128,1
1591,7579,0.58830106,1
7673,1591,0.45264772,1
7857,1591,0.44828516,1
1591,7883,0.32074276,1
1591,8082,0.56411314,1
8645,1591,0.93224955,1
9300,1591,0.4012012,1
1592,2218,0.6015302,1
1592,2553,0.7768028,1
1592,2808,0.97180563,1
1592,3391,0.972706,1
1592,3517,0.7041637,1
1592,3734,0.6015302,1
1592,4208,0.97180563,1
1592,4976,0.7150951,1
5614,1592,0.76897806,1
5873,1592,0.4826087,1
1592,6036,0.45903814,1
6320,1592,0.7897193,1
6905,1592,0.7041637,1
1592,7166,0.59949154,1
7664,1592,0.32875893,1
1592,8513,0.40837985,1
1592,9333,0.39867607,1
1592,9528,0.4263759,1
1592,9532,0.4263759,1
1592,9646,0.48240322,1
1595,2336,0.9756132,1
2367,1595,0.8336111,1
1595,7569,0.9252785,1
1595,7786,0.7125639,1
1595,7980,0.6472986,1
1595,8298,0.37247804,1
9360,1595,0.88359624,1
1599,1977,0.90564597,1
2549,1599,0.9369505,1
1599,2765,0.50629884,1
3428,1599,0.6525079,1
3440,1599,0.669212,1
1599,5138,0.76931715,1
1599,5820,0.74733883,1
5843,1599,0.79749477,1
5900,1599,0.7839928,1
6042,1599,0.54695934,1
6093,1599,0.97062916,1
1599,6481,0.6860119,1
6605,1599,0.76456624,1
1599,7751,0.9837969,1
1599,7876,0.7713026,1
8021,1599,0.4480867,1
8031,1599,0.49228528,1
1599,8162,0.85009634,1
1599,8843,0.6525079,1
1599,9138,0.6144576,1
9210,1599,0.49251685,1
1599,9211,0.70643395,1
1599,9465,0.9376376,1
9659,1599,0.37696096,1
1599,9677,0.5342711,1
1601,7703,0.33349594,1
2648,1603,0.33601642,1
3923,1603,0.35454425,1
1603,5002,0.73941666,1
2425,1607,0.9137681,1
1607,2438,0.5889941,1
1607,5340,0.42168167,1
1607,9485,0.300708,1
1621,9245,0.69067544,1
1625,9244,0.5604604,1
1702,1635,0.9647191,1
1635,2240,0.82885855,1
2964,1635,0.84612906,1
1635,3117,0.84612906,1
3142,1635,0.9647191,1
1635,3435,0.80251825,1
4046,1635,0.9647191,1
1635,4168,0.84612906,1
1635,4264,0.84612906,1
5773,1635,0.8606699,1
5865,1635,0.8672879,1
1635,5996,0.8672879,1
6156,1635,0.9480564,1
1635,6367,0.7480747,1
6764,1635,0.9647191,1
6808,1635,0.52646434,1
1635,7080,0.9647191,1
7112,1635,0.35871857,1
1635,7429,0.9647191,1
7624,1635,0.9647191,1
7659,1635,0.84612906,1
1635,7699,0.7387824,1
7710,1635,0.9461533,1
7730,1635,0.9155027,1
7733,1635,0.69391245,1
1635,7737,0.9164365,1
7761,1635,0.9312861,1
1635,8024,0.9086753,1
1635,8034,0.76596403,1
1635,8577,0.9086753,1
1635,8948,0.84612906,1
1635,9240,0.56646276,1
9264,1635,0.8357847,1
1635,9400,0.75841635,1
2625,1640,0.631772,1
4416,1640,0.41013765,1
7345,1640,0.5589998,1
1640,7585,0.83951604,1
1640,7632,0.85655516,1
7865,1640,0.31138223,1
1640,7908,0.8485765,1
8746,1640,0.37433133,1
1645,2127,0.8534964,1
1645,3925,0.3967823,1
6664,1645,0.62191564,1
7597,1645,0.37276936,1
8879,1645,0.75410986,1
1645,8961,0.8249875,1
1645,9709,0.8534964,1
1647,2154,0.96914643,1
1647,2374,0.81269044,1
2691,1651,0.9823101,1
3561,1651,0.64424485,1
1651,7680,0.6936278,1
9413,1651,0.9823101,1
2341,1656,0.769129,1
1656,2385,0.92775184,1
2634,1656,0.39900807,1
5130,1656,0.73929954,1
5629,1656,0.88092256,1
7744,1656,0.40604362,1
7992,1656,0.5946826,1
1656,8355,0.30993834,1
8868,1656,0.8605592,1
9469,1656,0.89589536,1
1659,1759,0.33905005,1
1659,1826,0.6135832,1
1659,2071,0.72990215,1
2091,1659,0.8594026,1
1659,2093,0.88757557,1
6944,1659,0.62867934,1
1659,7789,0.5589241,1
8159,1659,0.32580253,1
8479,1659,0.42594245,1
8532,1659,0.5887439,1
8679,1659,0.6221892,1
8809,1659,0.47176218,1
8950,1659,0.5932354,1
9056,1659,0.5932354,1
9480,1659,0.68496144,1
3429,1662,0.8865788,1
5098,1662,0.43939263,1
1662,6704,0.88755506,1
1662,7194,0.6925688,1
7837,1662,0.64606184,1
5777,1665,0.95863706,1
1665,9099,0.7511245,1
1673,1836,0.8226437,1
2835,1682,0.7500075,1
2901,1682,0.4718031,1
1682,3531,0.34564203,1
5093,1682,0.35523152,1
5542,1682,0.59443676,1
5635,1682,0.5817597,1
6435,1682,0.3736378,1
1682,6809,0.64065254,1
6860,1682,0.44290113,1
7565,1682,0.30488393,1
1682,7892,0.3630765,1
1682,7987,0.77098364,1
8117,1682,0.41080666,1
8150,1682,0.3462974,1
8170,1682,0.42356074,1
9450,1682,0.5600033,1
1682,9779,0.55646604,1
1683,2835,0.43629858,1
1684,2835,0.7672227,1
1684,2901,0.7012952,1
3531,1684,0.442903,1
3840,1684,0.3401783,1
1684,5542,0.5625289,1
6435,1684,0.53350085,1
7565,1684,0.4391442,1
7656,1684,0.9754878,1
1684,7987,0.6144133,1
1684,8117,0.41923323,1
9450,1684,0.3531141,1
9779,1684,0.45076177,1
2061,1686,0.88359624,1
3168,1686,0.42969003,1
4822,1686,0.8017477,1
5488,1686,0.62992275,1
6161,1686,0.7003207,1
7972,1686,0.4162154,1
1686,8593,0.9103387,1
8823,1686,0.7659387,1
8145,1688,0.70660114,1
1688,8583,0.94329613,1
1698,6059,0.9801363,1
6245,1698,0.3462695,1
1698,7509,0.3295062,1
8000,1698,0.81834537,1
2240,1702,0.78777915,1
1702,2964,0.95209295,1
1702,3117,0.95209295,1
3142,1702,0.88359624,1
3435,1702,0.92105544,1
4046,1702,0.88359624,1
1702,4168,0.95209295,1
4264,1702,0.95209295,1
5204,1702,0.7879162,1
1702,5773,0.8203469,1
1702,5865,0.8517927,1
1702,5996,0.8517927,1
6156,1702,0.6622457,1
1702,6367,0.8690805,1
1702,6764,0.88359624,1
6808,1702,0.7702633,1
7080,1702,0.88359624,1
7112,1702,0.80488384,1
1702,7429,0.88359624,1
1702,7624,0.88359624,1
7659,1702,0.95209295,1
1702,7699,0.84923095,1
1702,7710,0.88206625,1
1702,7730,0.84373116,1
1702,7733,0.9009484,1
7737,1702,0.88826644,1
7761,1702,0.9207079,1
1702,8024,0.97627664,1
1702,8034,0.95629334,1
8577,1702,0.97627664,1
1702,8948,0.95209295,1
9240,1702,0.7031305,1
1702,9264,0.78383887,1
9400,1702,0.8118667,1
1704,2955,0.8460466,1
6590,1704,0.43531144,1
7153,1704,0.94043005,1
1707,1816,0.6690593,1
3614,1707,0.79289824,1
4198,1707,0.7907386,1
4199,1707,0.6591591,1
1707,4550,0.35110602,1
1707,5224,0.33001462,1
5769,1707,0.41228214,1
6064,1707,0.46278942,1
1707,6278,0.46244577,1
7173,1707,0.6553402,1
7466,1707,0.33184978,1
7594,1707,0.33616948,1
1707,7765,0.3353825,1
1707,7973,0.6892614,1
9603,1707,0.7907386,1
6990,1713,0.6788676,1
1713,7997,0.5039066,1
1715,1856,0.88359624,1
1715,2886,0.8992544,1
2900,1715,0.79407966,1
3276,1715,0.81099313,1
1715,3865,0.72736794,1
1715,4456,0.88162917,1
4606,1715,0.5318009,1
5339,1715,0.8411673,1
1715,5371,0.8620567,1
1715,5574,0.8389012,1
1715,5767,0.9640052,1
5780,1715,0.8303348,1
1715,5837,0.7883495,1
1715,5887,0.96175206,1
6150,1715,0.6693167,1
1715,6440,0.72736794,1
1715,6549,0.88359624,1
6588,1715,0.81817806,1
1715,7055,0.88162917,1
1715,7139,0.951453,1
7434,1715,0.85643023,1
7849,1715,0.8618955,1
7927,1715,0.72944444,1
8069,1715,0.9333266,1
1715,8444,0.8303348,1
8445,1715,0.8249144,1
8853,1715,0.7932833,1
9064,1715,0.8357723,1
9338,1715,0.9406958,1
9429,1715,0.6642314,1
1720,2271,0.8817162,1
2501,1720,0.5497696,1
1720,3567,0.5728394,1
1720,3717,0.8160715,1
4043,1720,0.74620247,1
5537,1720,0.71832144,1
5692,1720,0.3935955,1
1720,6799,0.32420322,1
1720,7692,0.30678782,1
1720,7758,0.4544792,1
8238,1720,0.42673916,1
8661,1720,0.97196746,1
1720,8701,0.98237175,1
1720,9262,0.48225114,1
2649,1723,0.798986,1
3407,1723,0.7968846,1
1723,3754,0.43868664,1
3770,1723,0.7968846,1
1723,3823,0.52029413,1
6510,1723,0.31292847,1
1723,6607,0.51551485,1
6856,1723,0.5221162,1
7793,1723,0.59728634,1
7953,1723,0.57819545,1
1723,8025,0.4713666,1
1726,2281,0.9968521,1
3608,1726,0.3767223,1
1726,4449,0.5796718,1
1726,5638,0.42409518,1
1727,1905,0.5360591,1
2280,1727,0.7352061,1
3486,1727,0.7270494,1
1727,5311,0.5360591,1
5640,1727,0.5625631,1
6220,1727,0.68927765,1
1727,6436,0.5625631,1
6779,1727,0.89892787,1
1727,6845,0.86124665,1
7621,1727,0.48358792,1
7936,1727,0.68718076,1
8814,1727,0.5277359,1
3993,1734,0.50623465,1
4136,1734,0.388921,1
6496,1734,0.6819877,1
1734,7240,0.7634957,1
1734,7582,0.68710345,1
1734,7628,0.98280406,1
7695,1734,0.30333233,1
7712,1734,0.37917033,1
1734,7760,0.53351,1
1734,7967,0.70738935,1
1734,8449,0.7634957,1
2513,1750,0.37689474,1
1750,4445,0.41928196,1
1750,5905,0.42725906,1
6386,1750,0.39714056,1
9139,1750,0.37689474,1
1750,9251,0.3356298,1
1753,1921,0.76491576,1
1753,2075,0.83296615,1
1753,2467,0.6425172,1
1753,3856,0.5039759,1
1753,4848,0.7712135,1
5366,1753,0.6871427,1
7715,1753,0.3978732,1
7892,1753,0.9663293,1
1753,8129,0.42103243,1
8150,1753,0.93663085,1
8170,1753,0.4487428,1
1753,8728,0.69036895,1
9362,1753,0.62071395,1
1826,1759,0.8524413,1
2071,1759,0.92198694,1
2091,1759,0.54911196,1
2093,1759,0.54090685,1
1759,6944,0.80536455,1
7789,1759,0.48063627,1
1759,8159,0.31986398,1
8306,1759,0.34345427,1
1759,8479,0.49384674,1
1759,8532,0.5304496,1
8679,1759,0.616945,1
8950,1759,0.72090876,1
9056,1759,0.72090876,1
9480,1759,0.8810769,1
1761,3564,0.55805254,1
1762,7617,0.86306477,1
3079,1764,0.79152596,1
4488,1764,0.88359624,1
1764,5240,0.96034163,1
7734,1764,0.62007016,1
1764,7735,0.5161098,1
8139,1766,0.45362884,1
1767,1810,0.44883657,1
1812,1767,0.44883657,1
1915,1767,0.48121315,1
1767,2323,0.57514477,1
1767,3260,0.393355,1
1767,3826,0.44411653,1
1767,5325,0.32387504,1
1767,5403,0.749158,1
1767,5676,0.32313105,1
8683,1767,0.61899805,1
1767,9385,0.53037995,1
2363,1769,0.58205074,1
1769,2461,0.70177954,1
1769,3308,0.5806346,1
1769,5280,0.39094368,1
7747,1769,0.5999446,1
1769,7810,0.7144246,1
8687,1769,0.43294924,1
1769,8804,0.36925656,1
1769,9231,0.36904097,1
9376,1769,0.38578132,1
1778,8398,0.48128903,1
1987,1782,0.86686504,1
2255,1782,0.99348444,1
5105,1782,0.8911768,1
1782,6562,0.7687065,1
1782,6776,0.7349222,1
8832,1782,0.79488736,1
1816,1795,0.8925125,1
1867,1795,0.38368878,1
1795,1970,0.47975433,1
1795,2167,0.97804457,1
1795,4198,0.5606337,1
1795,5224,0.3633441,1
5769,1795,0.50495136,1
1795,6278,0.42398146,1
1795,7458,0.6277123,1
7466,1795,0.56274694,1
1795,7594,0.30181602,1
1795,7765,0.51851094,1
1795,8667,0.3414115,1
9603,1795,0.5606337,1
1805,4686,0.8683717,1
1805,7875,0.66927165,1
1807,2440,0.8511085,1
1807,6402,0.43864316,1
6468,1807,0.80486214,1
6690,1807,0.9906764,1
6738,1807,0.48099795,1
1807,6979,0.6047449,1
1807,9374,0.79865026,1
3460,1808,0.9100911,1
4095,1808,0.7382475,1
4163,1808,0.93701637,1
6963,1808,0.8772899,1
7578,1808,0.74512947,1
9017,1808,0.33044335,1
1810,1812,0.88359624,1
1810,1915,0.6321291,1
1810,2236,0.75533843,1
2323,1810,0.8243375,1
1810,3242,0.7887502,1
1810,3244,0.82018566,1
3260,1810,0.9434021,1
3826,1810,0.49936172,1
4501,1810,0.621768,1
4795,1810,0.37409976,1
1810,5325,0.7995189,1
1810,5566,0.72887653,1
5604,1810,0.5583806,1
1810,5676,0.94890976,1
7623,1810,0.5858337,1
1810,8612,0.83907896,1
8683,1810,0.6354036,1
8774,1810,0.49044916,1
1810,9175,0.83735865,1
9232,1810,0.5801887,1
9276,1810,0.74995434,1
9385,1810,0.5948466,1
2283,1811,0.6466822,1
1811,5173,0.5269681,1
1811,5340,0.31189623,1
1812,1915,0.6321291,1
2236,1812,0.75533843,1
2323,1812,0.8243375,1
1812,3242,0.7887502,1
3244,1812,0.82018566,1
1812,3260,0.9434021,1
1812,3826,0.49936172,1
4501,1812,0.621768,1
4795,1812,0.37409976,1
1812,5325,0.7995189,1
5566,1812,0.72887653,1
5604,1812,0.5583806,1
5676,1812,0.94890976,1
7623,1812,0.5858337,1
1812,8612,0.83907896,1
1812,8683,0.6354036,1
8774,1812,0.49044916,1
1812,9175,0.83735865,1
9232,1812,0.5801887,1
9276,1812,0.74995434,1
1812,9385,0.5948466,1
1867,1816,0.75452334,1
1970,1816,0.92007136,1
2167,1816,0.8559444,1
1816,3016,0.55321383,1
3614,1816,0.7075844,1
4198,1816,0.97043836,1
4199,1816,0.8609928,1
4550,1816,0.958798,1
1816,5224,0.6388236,1
5486,1816,0.7146744,1
5769,1816,0.9851254,1
1816,6064,0.7458743,1
1816,6278,0.79091746,1
1816,6486,0.55321383,1
7173,1816,0.974922,1
1816,7279,0.9238137,1
1816,7458,0.76604444,1
7466,1816,0.87930644,1
7594,1816,0.5826153,1
1816,7765,0.69374925,1
1816,7973,0.6657767,1
1816,8667,0.98214793,1
9603,1816,0.97043836,1
4644,1824,0.33272457,1
9625,1824,0.87541527,1
1826,2071,0.89203006,1
1826,2091,0.50410146,1
1826,2093,0.3096905,1
1826,6791,0.5717051,1
6944,1826,0.5689024,1
1826,7789,0.70967484,1
7791,1826,0.35714236,1
8159,1826,0.46542346,1
8306,1826,0.4118073,1
8479,1826,0.65970725,1
8532,1826,0.44188207,1
8679,1826,0.5082862,1
1826,8809,0.3608646,1
1826,8950,0.73935944,1
1826,9056,0.73935944,1
1826,9480,0.82487625,1
2101,1831,0.53588724,1
4386,1834,0.5612509,1
5005,1834,0.72994787,1
1834,5128,0.48343083,1
5757,1834,0.6218094,1
1834,5803,0.67989117,1
1834,9273,0.8265258,1
1939,1836,0.3866717,1
2183,1836,0.32515326,1
2305,1836,0.794006,1
3323,1836,0.5961981,1
5394,1836,0.9450378,1
6307,1836,0.40365985,1
6333,1836,0.71502465,1
7714,1836,0.49310797,1
1836,8027,0.7109299,1
1836,8554,0.30435765,1
1836,8756,0.5144442,1
1836,8888,0.89265287,1
2038,1837,0.9491089,1
1837,2065,0.88359624,1
1837,2268,0.6186085,1
1837,2302,0.527252,1
1837,2330,0.5092935,1
1837,2573,0.5092935,1
1837,4266,0.85059917,1
1837,5583,0.8074384,1
5636,1837,0.59011745,1
1837,5860,0.83991176,1
6892,1837,0.7764436,1
1837,7098,0.77308303,1
7287,1837,0.71062154,1
7422,1837,0.9491089,1
9016,1837,0.8333622,1
1837,9258,0.690019,1
1837,9315,0.9246252,1
1839,3659,0.88629395,1
5839,1839,0.84047836,1
1839,6563,0.7856403,1
6775,1839,0.5996919,1
1839,7038,0.8101734,1
1839,8301,0.699683,1
1851,2838,0.4851761,1
3136,1851,0.54558945,1
3343,1851,0.5753851,1
3452,1851,0.77800757,1
5562,1851,0.44997594,1
6528,1851,0.8545623,1
1851,6568,0.5180366,1
6569,1851,0.41524646,1
1851,6697,0.6866105,1
6791,1851,0.37886235,1
6924,1851,0.50110596,1
1851,7904,0.4664731,1
8066,1851,0.9649707,1
8165,1851,0.3153681,1
1851,8576,0.57206875,1
8682,1851,0.6500994,1
9791,1851,0.39844584,1
5233,1853,0.30483076,1
4865,1854,0.937089,1
1854,7894,0.38091636,1
1854,8174,0.4182657,1
1854,8286,0.50572026,1
1856,2886,0.8992544,1
1856,2900,0.79407966,1
3276,1856,0.81099313,1
3865,1856,0.72736794,1
4456,1856,0.88162917,1
4606,1856,0.5318009,1
1856,5339,0.8411673,1
1856,5371,0.8620567,1
1856,5574,0.8389012,1
1856,5767,0.9640052,1
1856,5780,0.8303348,1
5837,1856,0.7883495,1
1856,5887,0.96175206,1
1856,6150,0.6693167,1
1856,6440,0.72736794,1
6549,1856,0.88359624,1
6588,1856,0.81817806,1
1856,7055,0.88162917,1
7139,1856,0.951453,1
7434,1856,0.85643023,1
7849,1856,0.8618955,1
1856,7927,0.72944444,1
1856,8069,0.9333266,1
1856,8444,0.8303348,1
8445,1856,0.8249144,1
8853,1856,0.7932833,1
9064,1856,0.8357723,1
1856,9338,0.9406958,1
9429,1856,0.6642314,1
1954,1857,0.89932483,1
1857,3378,0.763242,1
1857,5094,0.9675148,1
6392,1857,0.94645613,1
1857,9100,0.9234162,1
2835,1858,0.91678935,1
2901,1858,0.34619313,1
1858,3531,0.78860325,1
5093,1858,0.9920685,1
6435,1858,0.6225801,1
6809,1858,0.79052436,1
1858,7565,0.6667907,1
1858,7656,0.7013557,1
1858,8117,0.5804881,1
1858,9450,0.70552456,1
1859,1872,0.9441511,1
1859,5772,0.8776549,1
1859,6233,0.8706929,1
1859,6423,0.91491616,1
6565,1859,0.6772611,1
6709,1859,0.9223075,1
1859,6863,0.7049794,1
1859,7579,0.93318933,1
1859,7673,0.7485286,1
1859,7857,0.6581672,1
1859,7883,0.84724164,1
1859,7943,0.9072007,1
1859,8078,0.45129624,1
1859,8082,0.8605752,1
8645,1859,0.4993773,1
1859,9300,0.8459634,1
1867,1970,0.35087475,1
1867,2167,0.5568869,1
3016,1867,0.35895616,1
4198,1867,0.7411695,1
4199,1867,0.9361615,1
1867,4550,0.5066642,1
5224,1867,0.5619728,1
5486,1867,0.3318141,1
1867,5769,0.65019935,1
6064,1867,0.64878064,1
1867,6278,0.5273953,1
1867,6486,0.35895616,1
1867,7173,0.8716398,1
1867,7458,0.7386273,1
7594,1867,0.39582685,1
7765,1867,0.710506,1
1867,7973,0.7037508,1
8667,1867,0.53668624,1
1867,8983,0.6386051,1
9603,1867,0.7411695,1
1872,5772,0.9876724,1
6233,1872,0.90441036,1
6423,1872,0.9544525,1
1872,6565,0.5459997,1
6709,1872,0.52754337,1
6863,1872,0.8796654,1
1872,7579,0.93188417,1
7673,1872,0.8917611,1
1872,7857,0.78388155,1
1872,7883,0.811948,1
1872,7943,0.84600496,1
1872,8078,0.47386464,1
8082,1872,0.827706,1
1872,8645,0.53189945,1
1872,9300,0.9365864,1
3882,1874,0.9270518,1
9261,1874,0.30645102,1
1875,2663,0.71572375,1
5569,1875,0.7540638,1
6512,1875,0.95100015,1
6752,1875,0.6450885,1
7996,1875,0.9767344,1
1875,8136,0.5754807,1
1875,8671,0.5888244,1
1875,8831,0.6778526,1
1879,1955,0.63761973,1
1879,2116,0.8921795,1
4749,1879,0.94879705,1
1879,5518,0.8779958,1
8417,1879,0.90826416,1
1885,2224,0.6265634,1
2408,1885,0.5035712,1
1885,3570,0.8439255,1
5206,1885,0.81740546,1
1885,7082,0.4631896,1
1885,7762,0.67000335,1
1885,7763,0.30812293,1
1885,8614,0.5756453,1
2280,1905,0.947092,1
1905,3486,0.9585288,1
5311,1905,0.88359624,1
5640,1905,0.89658433,1
6220,1905,0.98829496,1
1905,6436,0.89658433,1
1905,6779,0.7683571,1
1905,6845,0.40968466,1
7621,1905,0.5391056,1
1905,8814,0.46924898,1
5795,1908,0.306443,1
7882,1908,0.3358999,1
1908,7889,0.6655038,1
7958,1908,0.38391933,1
8060,1908,0.83776015,1
8061,1908,0.45660886,1
8379,1908,0.46717057,1
8696,1908,0.6759931,1
8761,1908,0.32511884,1
8769,1908,0.37368947,1
8800,1908,0.55499387,1
9388,1908,0.47214586,1
1914,2418,0.9083938,1
2439,1914,0.66251874,1
1914,4009,0.64105314,1
4574,1914,0.4225194,1
4953,1914,0.46355808,1
1914,5126,0.5189547,1
1914,5291,0.55841875,1
1914,5621,0.45569694,1
6532,1914,0.77239454,1
1914,6694,0.3109068,1
1914,6723,0.7479675,1
1914,6918,0.67059344,1
1914,7324,0.76444983,1
1914,7768,0.72591054,1
1914,8013,0.74242944,1
1914,8330,0.77239454,1
1914,8692,0.8519971,1
1914,8694,0.66692585,1
8785,1914,0.38570294,1
8997,1914,0.5597816,1
1914,9307,0.959226,1
2236,1915,0.41162008,1
2323,1915,0.7532142,1
3242,1915,0.58841896,1
1915,3244,0.98226947,1
3260,1915,0.6833724,1
4501,1915,0.70561427,1
4854,1915,0.5436168,1
1915,5325,0.8891344,1
1915,5566,0.8704232,1
1915,5604,0.5479181,1
5676,1915,0.57152396,1
7623,1915,0.5627947,1
1915,7811,0.47615293,1
1915,8612,0.8194063,1
8683,1915,0.8935437,1
1915,8686,0.33564276,1
8774,1915,0.6368103,1
1915,9175,0.9323694,1
1915,9232,0.5730353,1
1915,9276,0.85716397,1
1915,9385,0.7450801,1
2075,1921,0.58115447,1
2467,1921,0.8511644,1
3856,1921,0.7794114,1
1921,4848,0.6600812,1
5366,1921,0.6459634,1
1921,7715,0.4170624,1
1921,7892,0.89080006,1
1921,8129,0.3374625,1
1921,8150,0.4093604,1
1921,8170,0.41013116,1
8359,1921,0.49611524,1
1921,8728,0.81380844,1
1925,7361,0.37739807,1
2149,1926,0.59458977,1
2851,1926,0.4806907,1
1926,3243,0.74769866,1
1926,6505,0.7872085,1
1926,7607,0.4774834,1
1926,7799,0.33613878,1
1926,8059,0.5602439,1
1926,8274,0.48603916,1
8538,1926,0.85055023,1
8748,1926,0.85067576,1
2203,1932,0.4849367,1
1932,5729,0.7531544,1
9387,1932,0.9439163,1
9458,1932,0.30250365,1
2043,1936,0.5478735,1
2838,1936,0.69655937,1
1936,3136,0.9063396,1
3452,1936,0.44904867,1
5562,1936,0.55049866,1
1936,6528,0.5276232,1
6569,1936,0.39209834,1
1936,6697,0.72064173,1
6924,1936,0.45147502,1
1936,7364,0.41969195,1
1936,7600,0.62165487,1
7745,1936,0.41114438,1
7805,1936,0.57089895,1
1936,7904,0.6428917,1
1936,8057,0.32055616,1
1936,8066,0.3104449,1
8312,1936,0.7992265,1
8313,1936,0.878985,1
8502,1936,0.48607093,1
8682,1936,0.5733805,1
1936,9791,0.57983726,1
1939,2183,0.5307009,1
2305,1939,0.40513834,1
1939,3302,0.99516004,1
3323,1939,0.50833565,1
3740,1939,0.98211986,1
1939,3937,0.44612414,1
4430,1939,0.99516004,1
4675,1939,0.9567414,1
1939,5580,0.96265936,1
1939,7970,0.67994994,1
7990,1939,0.45203212,1
1939,8160,0.53562707,1
8554,1939,0.52853787,1
8756,1939,0.40749162,1
8888,1939,0.50952405,1
1943,3065,0.825502,1
1943,6003,0.5938772,1
1943,6763,0.72235245,1
1943,8377,0.32749674,1
8799,1943,0.3470984,1
9487,1943,0.85261667,1
3378,1954,0.3956583,1
5094,1954,0.3330432,1
1954,6392,0.33612853,1
2116,1955,0.8140466,1
1955,4749,0.35016096,1
5518,1955,0.76522505,1
1955,8417,0.7692431,1
3067,1956,0.9254071,1
4048,1956,0.88359624,1
1956,4810,0.98070097,1
5158,1956,0.3337017,1
1956,5766,0.78167063,1
5977,1956,0.78883904,1
6144,1956,0.78883904,1
1956,6860,0.3013442,1
1956,7663,0.55612385,1
1956,7998,0.88002133,1
8273,1956,0.9337817,1
9658,1956,0.8648153,1
2101,1962,0.64893466,1
1964,3016,0.8958294,1
3614,1964,0.31100622,1
4198,1964,0.9276784,1
4550,1964,0.504863,1
5224,1964,0.5161414,1
5486,1964,0.37671864,1
6064,1964,0.60591364,1
6278,1964,0.6873593,1
1964,6486,0.8958294,1
7173,1964,0.54900444,1
1964,7466,0.6729756,1
1964,7594,0.8619177,1
7603,1964,0.54065,1
1964,7689,0.90481925,1
1964,7765,0.3233876,1
7925,1964,0.43816352,1
1964,7973,0.9215605,1
1964,8983,0.629147,1
1964,9603,0.9276784,1
1965,3545,0.8117893,1
6378,1965,0.8575874,1
1970,2167,0.47939298,1
1970,4198,0.6979564,1
1970,4550,0.3371844,1
5769,1970,0.41121176,1
1970,7173,0.6516032,1
1970,7458,0.5631851,1
1970,7466,0.35208264,1
1970,8667,0.4945182,1
1970,9603,0.6979564,1
1974,1980,0.5965874,1
1999,1974,0.64654136,1
1974,2031,0.71540797,1
2037,1974,0.960712,1
2056,1974,0.86981165,1
1974,2610,0.8844422,1
3710,1974,0.48808706,1
1974,4158,0.47157103,1
1974,4161,0.7291997,1
4740,1974,0.61338204,1
5675,1974,0.46139187,1
1974,5800,0.84362483,1
1974,7036,0.98000526,1
1974,9593,0.7924715,1
1977,2283,0.32189184,1
1977,2549,0.8717879,1
2765,1977,0.75197774,1
1977,3428,0.7613167,1
1977,3440,0.74054694,1
5138,1977,0.93542206,1
1977,5820,0.80412763,1
1977,5843,0.8679876,1
1977,5900,0.8826267,1
1977,6042,0.8107698,1
1977,6093,0.8593509,1
1977,6481,0.95020765,1
6605,1977,0.5926609,1
7122,1977,0.9420996,1
1977,7751,0.67503434,1
7876,1977,0.8043149,1
1977,8021,0.5545944,1
1977,8031,0.528388,1
1977,8162,0.763933,1
1977,8429,0.7009803,1
8843,1977,0.7613167,1
9138,1977,0.8062634,1
9210,1977,0.9446099,1
1977,9211,0.852992,1
9465,1977,0.85383284,1
9659,1977,0.44773886,1
1977,9677,0.43574098,1
1999,1980,0.8575616,1
2037,1980,0.85556173,1
1980,2056,0.53296095,1
1980,2610,0.761917,1
2727,1980,0.57054037,1
1980,3710,0.43918854,1
1980,3867,0.40087375,1
4161,1980,0.83181465,1
4740,1980,0.39196625,1
1980,5675,0.908127,1
1980,7036,0.7267969,1
1980,9593,0.8660568,1
9725,1980,0.50581104,1
1982,2732,0.6961914,1
1982,3202,0.9423418,1
1982,4490,0.8185539,1
1982,5158,0.90266895,1
5501,1982,0.8185539,1
5651,1982,0.93673646,1
1982,5779,0.93673646,1
6843,1982,0.93306667,1
1982,6860,0.9890218,1
8411,1982,0.8185539,1
8482,1982,0.33414748,1
1982,8514,0.6111809,1
9310,1982,0.769944,1
2255,1987,0.90909404,1
1987,5105,0.6287288,1
1987,6562,0.54515576,1
1987,6776,0.951729,1
8832,1987,0.8609792,1
1990,2218,0.34419078,1
1990,2580,0.80797356,1
1990,3517,0.58362263,1
1990,3550,0.83089906,1
1990,3734,0.34419078,1
1990,3896,0.6531733,1
1990,6315,0.5547297,1
1990,6623,0.8175219,1
6905,1990,0.58362263,1
1990,7146,0.932822,1
7148,1990,0.88359624,1
7166,1990,0.3578268,1
1990,7664,0.95728827,1
8513,1990,0.7493543,1
9528,1990,0.36854914,1
1990,9532,0.36854914,1
1999,2031,0.3001476,1
1999,2037,0.92578334,1
2056,1999,0.97241557,1
1999,2610,0.5903997,1
3710,1999,0.9329079,1
1999,4158,0.8308504,1
1999,4161,0.7652582,1
1999,4737,0.7134905,1
4740,1999,0.8483684,1
5675,1999,0.5911319,1
5800,1999,0.81928307,1
1999,7036,0.34972695,1
1999,9593,0.38324124,1
2037,2031,0.40649515,1
2056,2031,0.7435292,1
2610,2031,0.7504409,1
3710,2031,0.36946207,1
3867,2031,0.6828882,1
4158,2031,0.34814543,1
4161,2031,0.8572684,1
2031,4737,0.8155541,1
4740,2031,0.98541147,1
2031,5675,0.8976316,1
2031,7036,0.63461447,1
9593,2031,0.6994699,1
2056,2037,0.7842284,1
2037,2610,0.8575417,1
3710,2037,0.64016664,1
4158,2037,0.5965431,1
4161,2037,0.86774516,1
2037,4740,0.52672666,1
5675,2037,0.8555027,1
6904,2037,0.40846777,1
2037,7036,0.9555129,1
9593,2037,0.9666774,1
2038,2065,0.9491089,1
2268,2038,0.86879206,1
2302,2038,0.5242605,1
2038,2330,0.5287181,1
2573,2038,0.5287181,1
4266,2038,0.8977283,1
5583,2038,0.8697645,1
2038,5636,0.45211115,1
2038,5860,0.9624158,1
2038,6892,0.8517365,1
7098,2038,0.73349476,1
2038,7287,0.94169927,1
2038,7422,0.88359624,1
8163,2038,0.38041797,1
2038,9016,0.90787786,1
2038,9315,0.93883574,1
2039,2530,0.33555135,1
3419,2039,0.42452428,1
2039,4617,0.48258948,1
2838,2043,0.9273378,1
2043,3136,0.7879885,1
3343,2043,0.5875925,1
2043,3452,0.5848096,1
2043,5562,0.6909677,1
2043,6528,0.9107975,1
6568,2043,0.42659798,1
6569,2043,0.38307413,1
6697,2043,0.81114346,1
2043,6924,0.92583555,1
7364,2043,0.9166933,1
7600,2043,0.8291579,1
7745,2043,0.4729618,1
2043,7805,0.9150995,1
7904,2043,0.92887616,1
2043,8066,0.4284155,1
8313,2043,0.6475573,1
8576,2043,0.54787654,1
2043,8682,0.9223661,1
9489,2043,0.9113336,1
2043,9791,0.8437605,1
2046,2295,0.33462426,1
2046,5005,0.5751633,1
2046,5803,0.58064985,1
2046,5807,0.75578505,1
6140,2046,0.3095667,1
2046,6352,0.52383065,1
2046,8083,0.7297334,1
8195,2046,0.7773965,1
2046,8242,0.31559005,1
2053,2054,0.878683,1
2610,2056,0.81605667,1
2056,3710,0.8393874,1
4158,2056,0.92711437,1
2056,4161,0.8047841,1
4737,2056,0.54495203,1
2056,4740,0.41464138,1
5675,2056,0.5322777,1
2056,5800,0.96215445,1
7036,2056,0.7484923,1
2056,9593,0.6299595,1
2901,2057,0.43960825,1
3265,2057,0.7149691,1
2057,3840,0.7236231,1
4231,2057,0.53711283,1
5823,2057,0.4035729,1
2057,9561,0.6764005,1
3168,2061,0.42969003,1
4822,2061,0.8017477,1
5488,2061,0.62992275,1
6161,2061,0.7003207,1
2061,7972,0.4162154,1
8593,2061,0.9103387,1
2061,8823,0.7659387,1
2065,2268,0.6186085,1
2065,2302,0.527252,1
2065,2330,0.5092935,1
2065,2573,0.5092935,1
4266,2065,0.85059917,1
5583,2065,0.8074384,1
5636,2065,0.59011745,1
2065,5860,0.83991176,1
2065,6892,0.7764436,1
7098,2065,0.77308303,1
7287,2065,0.71062154,1
2065,7422,0.9491089,1
2065,9016,0.8333622,1
9258,2065,0.690019,1
2065,9315,0.9246252,1
2091,2071,0.36629754,1
2071,2093,0.7153784,1
2071,6944,0.9015102,1
7789,2071,0.6625646,1
2071,8066,0.33199117,1
2071,8159,0.5602439,1
8306,2071,0.3550222,1
8479,2071,0.592168,1
2071,8532,0.3990799,1
2071,8679,0.8867607,1
2071,8809,0.69968843,1
8950,2071,0.45986646,1
9056,2071,0.45986646,1
2071,9480,0.91950333,1
2075,2467,0.62640995,1
2075,3856,0.53326386,1
4848,2075,0.9091764,1
2075,5366,0.92058593,1
7715,2075,0.59955424,1
7892,2075,0.8097073,1
2075,8150,0.4593721,1
8170,2075,0.3932719,1
2075,8728,0.8259634,1
2075,9362,0.45535925,1
2087,8530,0.7738988,1
2917,2088,0.5378098,1
2091,2093,0.98046416,1
7925,2091,0.4299908,1
8306,2091,0.323697,1
8354,2091,0.48157567,1
8479,2091,0.50100994,1
8505,2091,0.5137461,1
8532,2091,0.6312755,1
8950,2091,0.7229381,1
9056,2091,0.7229381,1
6944,2093,0.48315698,1
7925,2093,0.32776472,1
8159,2093,0.3453464,1
8165,2093,0.40118605,1
8354,2093,0.51013076,1
8505,2093,0.4550818,1
8532,2093,0.7304117,1
2093,8679,0.3101455,1
2093,9480,0.63598067,1
2256,2095,0.3647533,1
2095,6535,0.42116997,1
2095,9414,0.5663023,1
2259,2097,0.44044694,1
2097,5499,0.3843357,1
2097,8257,0.98822045,1
2116,3160,0.43751782,1
4749,2116,0.9311177,1
2116,5518,0.8801135,1
2116,8417,0.8881247,1
7877,2123,0.75790226,1
2127,3925,0.443125,1
7225,2127,0.37004748,1
2127,7597,0.7770715,1
2127,8879,0.8574335,1
8961,2127,0.92689425,1
2127,9709,0.88359624,1
2128,3926,0.94480735,1
2128,6206,0.9903172,1
6667,2128,0.7144777,1
7226,2128,0.84031874,1
9708,2128,0.88359624,1
2138,2131,0.8296146,1
2131,2840,0.9856668,1
2131,3128,0.45673516,1
2131,3310,0.865269,1
3631,2131,0.7033102,1
5066,2131,0.7149686,1
2131,5117,0.96373284,1
7439,2131,0.8481726,1
7771,2131,0.7495359,1
7886,2131,0.71654075,1
2131,8139,0.7447381,1
8842,2131,0.5489651,1
2840,2138,0.7667624,1
2138,3310,0.5326976,1
3631,2138,0.84041935,1
2138,5066,0.54088336,1
2138,5117,0.8638175,1
7439,2138,0.9716129,1
2138,7771,0.6668701,1
2138,7886,0.6627661,1
2138,8139,0.39558905,1
8842,2138,0.39673027,1
2140,2488,0.98013556,1
2140,2530,0.33955404,1
3419,2140,0.40752837,1
2140,3755,0.9515008,1
5198,2140,0.88359624,1
2140,6056,0.89685774,1
6471,2140,0.9937973,1
6940,2140,0.6927343,1
2140,9057,0.70738965,1
6476,2142,0.47992033,1
7021,2142,0.87459517,1
9206,2142,0.894981,1
2851,2149,0.8898504,1
3243,2149,0.96319413,1
2149,6505,0.7278747,1
2149,7607,0.94041985,1
7799,2149,0.8422008,1
8059,2149,0.63499975,1
2149,8274,0.92552096,1
2149,8538,0.6513075,1
2374,2154,0.48699424,1
2157,2156,0.98905665,1
2161,3238,0.9418571,1
4850,2161,0.97064835,1
6346,2161,0.98043996,1
7984,2161,0.7709006,1
8243,2161,0.9847965,1
2167,4198,0.8076093,1
2167,5224,0.43465889,1
2167,5769,0.4632214,1
2167,6278,0.473686,1
2167,7173,0.30527782,1
2167,7458,0.37456986,1
2167,7466,0.4158188,1
2167,7594,0.4389297,1
2167,7765,0.5805038,1
2167,9603,0.8076093,1
2176,2295,0.5642052,1
4386,2176,0.3590836,1
5807,2176,0.53145236,1
6140,2176,0.36231655,1
2176,8195,0.4485194,1
2180,5136,0.47712812,1
2180,5241,0.6241072,1
8649,2180,0.48358825,1
3302,2183,0.67732584,1
3323,2183,0.42412427,1
2183,3740,0.6135071,1
2183,4430,0.67732584,1
2183,4675,0.67607856,1
5394,2183,0.31352434,1
5580,2183,0.49667192,1
2183,7970,0.48863044,1
2183,8160,0.39244503,1
7993,2188,0.9145736,1
8106,2188,0.9290132,1
2188,8108,0.32841775,1
2203,5491,0.48631033,1
5729,2203,0.6845409,1
9387,2203,0.74004596,1
2203,9458,0.7861322,1
2289,2205,0.75428456,1
2416,2205,0.8780041,1
2205,2422,0.88359624,1
2899,2205,0.9108232,1
2205,3200,0.9694947,1
2205,3566,0.75428456,1
4018,2205,0.9572914,1
4088,2205,0.9572914,1
2205,5818,0.9437389,1
6060,2205,0.9728431,1
6506,2205,0.52466285,1
6530,2205,0.80595726,1
6570,2205,0.9546399,1
6637,2205,0.30133158,1
6851,2205,0.9201001,1
7090,2205,0.98141634,1
7180,2205,0.96360564,1
2205,7671,0.7671583,1
7910,2205,0.7602814,1
8684,2205,0.84516525,1
9074,2205,0.9108232,1
2218,2553,0.35948685,1
2218,2580,0.56966114,1
2218,3391,0.3907464,1
2218,3517,0.38560313,1
2218,3550,0.38852847,1
2218,3734,0.88359624,1
2218,3896,0.45872778,1
4976,2218,0.30171221,1
2218,5873,0.35592884,1
6036,2218,0.36023265,1
6320,2218,0.3860983,1
6623,2218,0.6685666,1
6905,2218,0.38560313,1
7146,2218,0.36556262,1
7148,2218,0.34419078,1
2218,7166,0.650655,1
2218,7664,0.31426752,1
8513,2218,0.6211446,1
9270,2218,0.3289458,1
9333,2218,0.3137101,1
9528,2218,0.5081793,1
9532,2218,0.5081793,1
2221,2862,0.9258188,1
8148,2221,0.32485846,1
9785,2221,0.5181054,1
8295,2222,0.83822644,1
5635,2223,0.7142045,1
2408,2224,0.91811115,1
2224,6118,0.8839365,1
2224,7082,0.80014676,1
2226,2419,0.9258188,1
3223,2226,0.3144738,1
2226,3260,0.3216624,1
2226,3826,0.30433115,1
2226,4814,0.32023928,1
2226,5280,0.45213816,1
2226,5554,0.53056014,1
2226,5710,0.96297264,1
2226,6166,0.32823807,1
7890,2226,0.48028255,1
2226,8686,0.41245407,1
2226,8687,0.72020763,1
8992,2226,0.60384923,1
9292,2226,0.48033914,1
9486,2226,0.52807736,1
5709,2228,0.8394861,1
8558,2228,0.8338093,1
2228,9232,0.30581915,1
2231,3582,0.6885119,1
6933,2231,0.31111935,1
6934,2231,0.31111935,1
7614,2231,0.31790727,1
6373,2233,0.907599,1
2233,7613,0.93352985,1
7785,2233,0.7697541,1
2233,7900,0.96366084,1
2233,8153,0.3954695,1
2323,2236,0.7903148,1
3242,2236,0.64904237,1
2236,3244,0.7418972,1
2236,3260,0.6660618,1
2236,3826,0.38664642,1
4140,2236,0.84232646,1
4501,2236,0.4842876,1
4795,2236,0.9024105,1
2236,5325,0.68216795,1
5566,2236,0.8562281,1
5604,2236,0.7576995,1
2236,5676,0.5687019,1
2236,7623,0.67987376,1
7811,2236,0.5707792,1
8774,2236,0.36545694,1
2236,9175,0.75034124,1
9232,2236,0.96795815,1
9276,2236,0.78581226,1
2240,2964,0.89797896,1
3117,2240,0.89797896,1
2240,3142,0.78777915,1
3435,2240,0.59321296,1
2240,4046,0.78777915,1
2240,4168,0.89797896,1
4264,2240,0.89797896,1
5773,2240,0.61996794,1
2240,5865,0.80542815,1
2240,5996,0.80542815,1
2240,6156,0.47976503,1
6367,2240,0.8434958,1
2240,6764,0.78777915,1
6808,2240,0.56979614,1
2240,7080,0.78777915,1
7112,2240,0.43931493,1
2240,7429,0.78777915,1
2240,7624,0.78777915,1
7659,2240,0.89797896,1
2240,7699,0.661644,1
7733,2240,0.3685931,1
2240,8024,0.7455992,1
2240,8034,0.7060261,1
8577,2240,0.7455992,1
2240,8948,0.89797896,1
9240,2240,0.7272235,1
9264,2240,0.64858,1
2240,9400,0.41934174,1
5671,2246,0.7850162,1
6538,2246,0.8249638,1
7007,2246,0.74419266,1
7120,2246,0.36331767,1
2246,7717,0.6111469,1
7861,2246,0.41469425,1
2246,7999,0.33494765,1
8206,2246,0.36331767,1
2249,2468,0.9664102,1
2249,3205,0.9887278,1
2249,4041,0.7786245,1
2249,4570,0.9752396,1
2249,4866,0.89165604,1
5610,2249,0.8497777,1
6649,2249,0.71575534,1
2249,7591,0.88222533,1
2249,9248,0.56460965,1
5105,2255,0.93383676,1
2255,6562,0.9155806,1
6776,2255,0.6918003,1
2255,8832,0.8120048,1
2256,6535,0.4180171,1
2256,8255,0.7802743,1
2256,9414,0.45407957,1
8257,2259,0.7553733,1
2268,2302,0.67613596,1
2330,2268,0.6397797,1
2573,2268,0.6397797,1
4266,2268,0.81450737,1
5583,2268,0.916319,1
5636,2268,0.39252868,1
2268,5860,0.7598641,1
2268,6892,0.8274777,1
7098,2268,0.73451644,1
2268,7287,0.6164214,1
7422,2268,0.86879206,1
2268,9016,0.5209836,1
2268,9315,0.87014425,1
2271,2501,0.94839567,1
3567,2271,0.773801,1
3717,2271,0.92919755,1
4043,2271,0.93929225,1
5537,2271,0.8947672,1
2271,5692,0.94100565,1
2271,7692,0.64674294,1
7758,2271,0.5492785,1
2271,8238,0.6995437,1
8661,2271,0.6684807,1
8701,2271,0.4993503,1
2274,3940,0.97593427,1
5079,2274,0.8163778,1
6070,2274,0.8372971,1
6326,2274,0.71745205,1
2274,7665,0.5759412,1
9422,2274,0.966013,1
2275,3219,0.88537514,1
5556,2275,0.97846884,1
2275,9307,0.32989365,1
3775,2278,0.9182622,1
2278,3928,0.80229723,1
2278,6673,0.6958657,1
7377,2278,0.8993748,1
2278,8186,0.66019917,1
2278,9235,0.8486574,1
2280,3486,0.98107564,1
2280,5311,0.947092,1
5640,2280,0.914627,1
6220,2280,0.97742724,1
2280,6436,0.914627,1
2280,6779,0.9029666,1
2280,6845,0.54741037,1
2280,7621,0.68288016,1
8814,2280,0.55910796,1
4449,2281,0.60003406,1
5138,2283,0.36823544,1
2283,5173,0.8303428,1
6042,2283,0.3825434,1
6481,2283,0.63509685,1
2283,7876,0.3245155,1
2283,8021,0.3984164,1
2283,8429,0.4903788,1
2283,9210,0.55400276,1
9211,2283,0.48713493,1
2416,2289,0.41425455,1
2422,2289,0.75428456,1
2899,2289,0.7351312,1
2289,3200,0.70757914,1
2289,3566,0.88359624,1
4018,2289,0.6306854,1
4088,2289,0.6306854,1
5818,2289,0.41870788,1
2289,6060,0.69342166,1
2289,6530,0.74723244,1
2289,6570,0.6079886,1
2289,6637,0.7229714,1
2289,6851,0.6022535,1
2289,7090,0.71579784,1
2289,7180,0.59995407,1
2289,7671,0.5739617,1
2289,7910,0.6195506,1
2289,8684,0.7110241,1
2289,9074,0.7351312,1
5807,2295,0.960806,1
2295,6140,0.97866404,1
6352,2295,0.49623907,1
8083,2295,0.41544148,1
8195,2295,0.83370245,1
2302,2330,0.5573503,1
2302,2573,0.5573503,1
4266,2302,0.7806962,1
2302,5583,0.73162264,1
5636,2302,0.4704377,1
5860,2302,0.8439077,1
6892,2302,0.59547096,1
2302,7098,0.7733791,1
2302,7287,0.9722714,1
2302,7422,0.5242605,1
2302,8163,0.32052848,1
2302,9258,0.85074824,1
9315,2302,0.6272132,1
3323,2305,0.89085126,1
2305,3937,0.6532308,1
2305,4335,0.41973996,1
5394,2305,0.81696856,1
2305,5580,0.3026841,1
6307,2305,0.78757375,1
6333,2305,0.87901896,1
2305,7714,0.38050124,1
7970,2305,0.935727,1
2305,8027,0.5226449,1
8554,2305,0.890194,1
8756,2305,0.55580014,1
8888,2305,0.6579846,1
5313,2319,0.36229315,1
8544,2319,0.44639352,1
2401,2322,0.97827464,1
2322,2551,0.701346,1
3297,2322,0.97827464,1
2322,3337,0.8268452,1
2322,5771,0.9615062,1
2322,5774,0.5952116,1
2322,6411,0.9615062,1
2322,8644,0.8770801,1
2322,8798,0.90481406,1
2322,9432,0.90481406,1
2461,2323,0.32676855,1
3241,2323,0.31461337,1
2323,3242,0.9597566,1
2323,3244,0.91372555,1
2323,3260,0.66294736,1
3826,2323,0.90909535,1
4501,2323,0.74333864,1
4795,2323,0.5004565,1
2323,5325,0.8642007,1
5403,2323,0.45356497,1
5566,2323,0.80451494,1
5604,2323,0.6662703,1
2323,5676,0.9527436,1
7623,2323,0.7125652,1
7811,2323,0.32855114,1
2323,8612,0.55433035,1
2323,8683,0.6431423,1
8774,2323,0.83270067,1
2323,9175,0.84410447,1
9232,2323,0.740819,1
9276,2323,0.8047137,1
2323,9385,0.6047328,1
2573,2330,0.88359624,1
4266,2330,0.67853075,1
2330,5583,0.72736794,1
5636,2330,0.32768205,1
2330,5860,0.7874455,1
6892,2330,0.7294123,1
7098,2330,0.7580704,1
2330,7287,0.53677905,1
2330,7422,0.5287181,1
8163,2330,0.39038572,1
2330,9016,0.5364597,1
9258,2330,0.36544397,1
2330,9315,0.61612046,1
5128,2331,0.45602414,1
5642,2331,0.948386,1
2331,8151,0.35051638,1
2331,8171,0.4662568,1
9373,2331,0.99174905,1
2331,9383,0.87027276,1
2367,2336,0.8346405,1
7569,2336,0.9914351,1
2336,7786,0.69433707,1
2336,7980,0.56289107,1
2336,8298,0.46274582,1
2336,9360,0.9756132,1
2491,2338,0.6048474,1
5146,2338,0.63042057,1
5148,2338,0.31819934,1
2385,2341,0.91191334,1
2634,2341,0.93115443,1
5130,2341,0.4227027,1
2341,5629,0.9333154,1
2341,7744,0.6359744,1
7992,2341,0.4790094,1
8868,2341,0.6557739,1
2341,9469,0.9104714,1
2343,5132,0.9660303,1
2343,5535,0.9608005,1
2343,7583,0.34624717,1
7615,2343,0.8802454,1
2343,8871,0.761184,1
2354,4030,0.45121706,1
4723,2354,0.31587568,1
2354,5594,0.34024763,1
2354,5695,0.9193095,1
7629,2354,0.38284463,1
2354,8358,0.89783585,1
2356,4109,0.91380435,1
4266,2356,0.49887025,1
4951,2356,0.95322555,1
5636,2356,0.34609044,1
5767,2356,0.30543298,1
2356,5860,0.6428062,1
2356,6254,0.5354472,1
6490,2356,0.5757683,1
2356,6574,0.3145697,1
6718,2356,0.76632607,1
2356,6762,0.65155166,1
7287,2356,0.40395045,1
2356,8163,0.7238503,1
2356,8737,0.5945209,1
8765,2356,0.67756253,1
2356,8896,0.80351293,1
9315,2356,0.36327162,1
2360,3695,0.9585525,1
4832,2360,0.362706,1
6389,2360,0.7087016,1
2360,7866,0.50969064,1
8356,2360,0.45352563,1
2363,2419,0.33602378,1
2461,2363,0.90236473,1
2363,3223,0.5248315,1
2363,3308,0.84483606,1
2363,4814,0.324162,1
5280,2363,0.5973408,1
7747,2363,0.6560963,1
7810,2363,0.4476025,1
8804,2363,0.4950286,1
8992,2363,0.37025023,1
9231,2363,0.6597561,1
9376,2363,0.69953954,1
2363,9493,0.35075292,1
2367,7569,0.72633785,1
2367,7786,0.67489547,1
7980,2367,0.64538646,1
8298,2367,0.7989167,1
9360,2367,0.8336111,1
2634,2385,0.69472784,1
5130,2385,0.32192653,1
5629,2385,0.6714689,1
7744,2385,0.6866899,1
7992,2385,0.5373797,1
2385,8868,0.8382414,1
9469,2385,0.9332633,1
2551,2401,0.5720831,1
2401,3297,0.88359624,1
2401,3337,0.79395366,1
5771,2401,0.88852257,1
2401,5774,0.86466044,1
6411,2401,0.88852257,1
8644,2401,0.98810893,1
8798,2401,0.87245065,1
8855,2401,0.38103017,1
9432,2401,0.87245065,1
6118,2408,0.8636623,1
2408,7082,0.66797173,1
2408,8614,0.45757833,1
2422,2416,0.8780041,1
2416,2899,0.8607346,1
2416,3200,0.7141317,1
2416,3566,0.41425455,1
4018,2416,0.88637364,1
4088,2416,0.88637364,1
2416,5818,0.86966234,1
2416,6060,0.942844,1
6530,2416,0.58163655,1
2416,6570,0.34353435,1
2416,6851,0.5798488,1
2416,7090,0.9382187,1
2416,7180,0.86328477,1
7671,2416,0.59947586,1
2416,7910,0.38593787,1
8684,2416,0.41215026,1
2416,9074,0.8607346,1
2439,2418,0.9270221,1
2418,4574,0.7153774,1
5126,2418,0.739881,1
5291,2418,0.7609109,1
5621,2418,0.8399566,1
2418,6532,0.9580214,1
2418,6694,0.35289156,1
2418,6723,0.46575236,1
6918,2418,0.7841556,1
2418,7324,0.88590205,1
7768,2418,0.42360955,1
8013,2418,0.5966468,1
8330,2418,0.9580214,1
2418,8692,0.72216773,1
8694,2418,0.8422074,1
8785,2418,0.78949434,1
9307,2418,0.8389455,1
2461,2419,0.4775337,1
3308,2419,0.40772527,1
4814,2419,0.51533103,1
2419,5554,0.989883,1
5710,2419,0.7845342,1
2419,6166,0.82952267,1
2419,7083,0.6749366,1
7890,2419,0.43233973,1
2419,8687,0.7768992,1
2419,8992,0.37265742,1
9292,2419,0.41175157,1
9486,2419,0.6329594,1
2422,2899,0.9108232,1
2422,3200,0.9694947,1
3566,2422,0.75428456,1
2422,4018,0.9572914,1
2422,4088,0.9572914,1
2422,5818,0.9437389,1
6060,2422,0.9728431,1
2422,6506,0.52466285,1
2422,6530,0.80595726,1
2422,6570,0.9546399,1
2422,6637,0.30133158,1
2422,6851,0.9201001,1
7090,2422,0.98141634,1
7180,2422,0.96360564,1
2422,7671,0.7671583,1
7910,2422,0.7602814,1
8684,2422,0.84516525,1
9074,2422,0.9108232,1
2438,2425,0.810595,1
3172,2439,0.7631928,1
2439,4009,0.3962905,1
2439,4574,0.8934097,1
2439,5126,0.7758451,1
2439,5291,0.854495,1
5621,2439,0.8752724,1
2439,6532,0.88576245,1
6694,2439,0.49764916,1
6723,2439,0.66888416,1
2439,6918,0.6444805,1
2439,7324,0.58981925,1
7768,2439,0.5537342,1
2439,8013,0.48049518,1
2439,8330,0.88576245,1
2439,8692,0.7555338,1
8694,2439,0.8156495,1
2439,8785,0.87221456,1
8997,2439,0.43520272,1
2439,9307,0.78336304,1
6402,2440,0.8017607,1
2440,6468,0.8482245,1
6690,2440,0.5421487,1
2440,6738,0.8793402,1
6979,2440,0.7020231,1
2440,9374,0.6695393,1
3344,2456,0.827538,1
6009,2456,0.8932929,1
2461,3223,0.34953094,1
3308,2461,0.6118867,1
5280,2461,0.48717955,1
2461,5676,0.3121686,1
2461,7747,0.67893136,1
7810,2461,0.6923544,1
7935,2461,0.39265704,1
2461,8686,0.43506247,1
8687,2461,0.7012209,1
8804,2461,0.5285907,1
8992,2461,0.47234058,1
2461,9136,0.47690532,1
2461,9231,0.7964805,1
2461,9376,0.87459016,1
9493,2461,0.44231814,1
9495,2461,0.44713655,1
2587,2465,0.89615554,1
2465,3653,0.9447322,1
2465,4236,0.8584104,1
2465,4616,0.8790992,1
4627,2465,0.3176821,1
4629,2465,0.434879,1
2465,5337,0.8584104,1
2465,6321,0.87128603,1
2465,8070,0.7497931,1
9233,2465,0.6257022,1
2467,3856,0.92386955,1
4848,2467,0.9150189,1
2467,5366,0.9713823,1
2467,7689,0.34067816,1
2467,7715,0.64029163,1
2467,7892,0.36697012,1
2467,8150,0.74805856,1
2467,8170,0.5075959,1
2467,8728,0.96799123,1
3205,2468,0.9168436,1
4041,2468,0.88538253,1
4570,2468,0.9514927,1
4866,2468,0.9290223,1
2468,5610,0.9048401,1
2468,6649,0.67908305,1
7591,2468,0.36505422,1
2468,9248,0.5040207,1
4985,2480,0.9648738,1
2480,5997,0.9396255,1
2485,4875,0.9490857,1
2485,5541,0.7073553,1
7176,2485,0.7073553,1
2530,2488,0.39235824,1
2488,3755,0.96904916,1
2488,5198,0.98013556,1
2488,6056,0.95729196,1
6471,2488,0.96393794,1
2488,6940,0.63400793,1
2491,5146,0.48555908,1
3074,2494,0.9624935,1
2494,5179,0.9260829,1
7742,2494,0.87093234,1
7952,2494,0.91116315,1
3717,2501,0.59540206,1
4043,2501,0.9910926,1
5537,2501,0.3049888,1
2501,5692,0.638762,1
6799,2501,0.66148496,1
2501,7758,0.692673,1
8238,2501,0.9688339,1
2501,8661,0.4788689,1
8701,2501,0.5417593,1
2501,9262,0.63226247,1
2503,8405,0.7787921,1
4445,2513,0.9260636,1
4923,2513,0.5614817,1
5905,2513,0.9090776,1
2513,6386,0.9869206,1
9139,2513,0.88359624,1
9251,2513,0.7414865,1
2519,5174,0.61848557,1
5499,2519,0.7423511,1
5746,2519,0.88852257,1
9257,2519,0.8543229,1
2648,2529,0.36704916,1
2529,6280,0.8652398,1
2529,7229,0.8353586,1
7230,2529,0.38077074,1
2530,3419,0.3740565,1
5198,2530,0.33955404,1
5805,2530,0.9642906,1
6056,2530,0.37145868,1
9057,2530,0.9571207,1
2549,2765,0.569289,1
3440,2549,0.7218411,1
5138,2549,0.5313545,1
5820,2549,0.37713507,1
5843,2549,0.83909744,1
2549,6042,0.3954151,1
2549,6093,0.91150004,1
6605,2549,0.86946386,1
2549,7751,0.8453135,1
2549,8021,0.5127988,1
2549,8162,0.917225,1
8429,2549,0.504158,1
2549,9138,0.40247756,1
2549,9210,0.7308624,1
2549,9211,0.8438527,1
9465,2549,0.88511336,1
9677,2549,0.31204933,1
2551,3297,0.5720831,1
2551,3337,0.8474245,1
2551,5771,0.6379308,1
5774,2551,0.5441903,1
2551,6411,0.6379308,1
8644,2551,0.50594217,1
2551,8798,0.49341863,1
8855,2551,0.6374457,1
2551,9432,0.49341863,1
2808,2553,0.6878858,1
2553,3391,0.5098943,1
2553,3734,0.35948685,1
4208,2553,0.6878858,1
4976,2553,0.74783486,1
5614,2553,0.38631004,1
2553,5873,0.41115895,1
9646,2553,0.48757607,1
2573,4266,0.67853075,1
5583,2573,0.72736794,1
5636,2573,0.32768205,1
5860,2573,0.7874455,1
2573,6892,0.7294123,1
7098,2573,0.7580704,1
7287,2573,0.53677905,1
2573,7422,0.5287181,1
8163,2573,0.39038572,1
2573,9016,0.5364597,1
9258,2573,0.36544397,1
2573,9315,0.61612046,1
3517,2580,0.3889812,1
3550,2580,0.7526086,1
2580,3734,0.56966114,1
3896,2580,0.93569744,1
6315,2580,0.44468635,1
2580,6623,0.76145387,1
6905,2580,0.3889812,1
2580,7146,0.62665826,1
7148,2580,0.80797356,1
7664,2580,0.88703114,1
8459,2583,0.940715,1
9001,2583,0.77487415,1
9641,2583,0.80186576,1
2587,3653,0.81155896,1
4236,2587,0.8011349,1
2587,4616,0.5139576,1
5337,2587,0.8011349,1
6321,2587,0.8966728,1
8070,2587,0.49325868,1
2596,3069,0.7056214,1
3619,2596,0.77772105,1
4481,2596,0.7182965,1
2596,6676,0.8266031,1
6821,2596,0.97409713,1
2596,6909,0.83801943,1
7022,2596,0.79561853,1
7864,2596,0.50370973,1
2596,7930,0.97409713,1
3128,2597,0.7380212,1
2597,5117,0.35734123,1
2597,5737,0.32642576,1
2895,2603,0.9029892,1
2603,8534,0.9576445,1
2610,3710,0.5229896,1
4158,2610,0.78975016,1
4161,2610,0.6677239,1
2610,4740,0.7164798,1
5800,2610,0.32461518,1
7036,2610,0.98475397,1
9593,2610,0.8756794,1
8887,2611,0.53339875,1
4576,2613,0.9505657,1
2613,7704,0.38250673,1
2613,7940,0.7456104,1
4416,2625,0.8721954,1
2625,7345,0.92661965,1
2625,7585,0.39178303,1
7632,2625,0.67228174,1
7865,2625,0.62069374,1
8746,2625,0.8279569,1
3402,2626,0.9558739,1
2626,6682,0.5086117,1
8914,2626,0.9369787,1
5629,2634,0.5916296,1
7744,2634,0.33831358,1
7992,2634,0.5876859,1
8868,2634,0.52971685,1
9469,2634,0.81032175,1
3005,2637,0.54866934,1
2637,8371,0.74827987,1
2637,8872,0.6723368,1
2637,8884,0.48188323,1
2648,6839,0.34432393,1
2648,7229,0.71372366,1
2648,7593,0.41895345,1
2648,7823,0.5907234,1
3407,2649,0.83498627,1
2649,3770,0.83498627,1
4664,2649,0.80595255,1
6510,2649,0.52169603,1
2649,7731,0.42613357,1
7793,2649,0.9301729,1
2649,8025,0.439338,1
2744,2655,0.97382504,1
5569,2663,0.8971152,1
6512,2663,0.65935427,1
2663,6752,0.862259,1
2663,7996,0.96684384,1
2663,8671,0.97650415,1
8831,2663,0.87483025,1
4573,2676,0.8314725,1
2676,8320,0.5383894,1
2676,8465,0.94131345,1
2676,8508,0.74844974,1
8837,2676,0.522749,1
2676,9191,0.67410964,1
2676,9305,0.3737066,1
9355,2676,0.38563043,1
2681,5098,0.89515054,1
2681,7194,0.45561516,1
2681,8489,0.5565347,1
3447,2685,0.3691189,1
4835,2685,0.8797256,1
6866,2685,0.7236623,1
8131,2685,0.8889388,1
2685,8323,0.83190763,1
8599,2685,0.3155893,1
2685,8766,0.96075165,1
8910,2685,0.43955654,1
2687,8179,0.7716738,1
8295,2687,0.4138667,1
2688,3119,0.86978966,1
7328,2688,0.52513653,1
2688,7397,0.73701084,1
7815,2688,0.36672607,1
8131,2688,0.30334765,1
8830,2688,0.86978966,1
2691,2872,0.40069917,1
2691,3561,0.6466445,1
3763,2691,0.44527435,1
2691,7680,0.86421984,1
9413,2691,0.88359624,1
5889,2706,0.8863922,1
6210,2706,0.62794197,1
2706,9721,0.7279923,1
5894,2711,0.9781352,1
6451,2711,0.9909862,1
9726,2711,0.9064666,1
7609,2725,0.79321307,1
3202,2732,0.8852222,1
2732,4490,0.86232406,1
2732,5158,0.8877651,1
2732,5501,0.86232406,1
2732,5651,0.93820107,1
2732,5779,0.93820107,1
2732,6843,0.90040857,1
6860,2732,0.81337726,1
8411,2732,0.86232406,1
8514,2732,0.72471005,1
2732,9310,0.9732844,1
3428,2765,0.67419225,1
2765,3440,0.8856206,1
5138,2765,0.9059622,1
2765,5820,0.8718372,1
5843,2765,0.5916031,1
2765,5900,0.6693839,1
2765,6042,0.6393944,1
6093,2765,0.3509689,1
2765,6481,0.8697238,1
6605,2765,0.30728534,1
2765,7122,0.8533188,1
7751,2765,0.5138378,1
2765,7876,0.7075525,1
2765,8031,0.41217023,1
2765,8162,0.38647395,1
2765,8429,0.35382184,1
2765,8843,0.67419225,1
2765,9138,0.7979052,1
9210,2765,0.70142734,1
9211,2765,0.7503999,1
9465,2765,0.654468,1
9659,2765,0.9828792,1
2765,9677,0.4916578,1
8425,2780,0.7822435,1
2793,2795,0.5063367,1
2793,6257,0.67401856,1
6258,2793,0.33371958,1
2795,6258,0.8524465,1
2808,3391,0.96646047,1
2808,3517,0.31904486,1
2808,4208,0.88359624,1
2808,4976,0.8415658,1
5614,2808,0.92746055,1
2808,5873,0.33636683,1
2808,6036,0.7514031,1
2808,6320,0.65312505,1
2808,6905,0.31904486,1
2808,9333,0.40903893,1
2808,9528,0.42489153,1
9532,2808,0.42489153,1
2808,9756,0.31486678,1
3059,2821,0.76980895,1
2821,5445,0.81856763,1
2821,9681,0.8675678,1
9796,2821,0.8817019,1
2901,2835,0.93569744,1
3531,2835,0.62996316,1
5093,2835,0.844138,1
5542,2835,0.8308276,1
2835,5635,0.36351115,1
6435,2835,0.48806533,1
2835,6809,0.6386583,1
2835,7565,0.5959526,1
7656,2835,0.74532783,1
2835,7987,0.6476513,1
2835,8117,0.6385461,1
9450,2835,0.71897405,1
2835,9779,0.3423621,1
3136,2838,0.9246812,1
2838,3343,0.6137179,1
3452,2838,0.57172585,1
2838,5562,0.9832606,1
2838,6528,0.9850803,1
2838,6568,0.6696892,1
2838,6569,0.43303266,1
2838,6697,0.7598154,1
2838,6924,0.8749743,1
7364,2838,0.90968853,1
7600,2838,0.98070097,1
2838,7727,0.64894384,1
7745,2838,0.78421324,1
2838,7792,0.4339028,1
7805,2838,0.79605126,1
7904,2838,0.9346757,1
8066,2838,0.34768003,1
2838,8165,0.31600624,1
2838,8312,0.5937677,1
8313,2838,0.88018125,1
8576,2838,0.459205,1
2838,8682,0.797297,1
2838,9489,0.79963726,1
9791,2838,0.9488587,1
6042,2839,0.48481408,1
8429,2839,0.87371075,1
2840,3128,0.4282332,1
3310,2840,0.8453669,1
3631,2840,0.6528021,1
2840,5066,0.62636,1
5117,2840,0.95631653,1
2840,7439,0.9019779,1
2840,7771,0.7300578,1
7886,2840,0.7440047,1
8139,2840,0.56875396,1
8842,2840,0.47208646,1
3243,2851,0.9480772,1
6505,2851,0.5078745,1
2851,7607,0.83635724,1
7799,2851,0.7877104,1
2851,8059,0.88704,1
8274,2851,0.76174575,1
8538,2851,0.7933396,1
8748,2851,0.6543092,1
2862,8148,0.6610395,1
9785,2862,0.88601625,1
3561,2872,0.73093295,1
2872,3763,0.5684,1
7680,2872,0.5133137,1
2872,9413,0.40069917,1
2900,2886,0.72936374,1
2886,3276,0.88339096,1
3865,2886,0.7342694,1
2886,4456,0.7032211,1
2886,5339,0.45035028,1
5371,2886,0.9419076,1
2886,5574,0.5727271,1
2886,5767,0.83132243,1
2886,5780,0.40321007,1
2886,5837,0.42474252,1
2886,6150,0.6846445,1
2886,6440,0.7342694,1
2886,6549,0.8992544,1
6588,2886,0.80549973,1
7055,2886,0.7032211,1
2886,7139,0.7586625,1
7434,2886,0.7862168,1
7603,2886,0.4301049,1
7849,2886,0.84260154,1
2886,7927,0.6366007,1
8069,2886,0.6274386,1
2886,8444,0.40321007,1
8445,2886,0.6744232,1
8609,2886,0.3389077,1
2886,8853,0.5667937,1
9064,2886,0.5119604,1
9338,2886,0.7764478,1
9429,2886,0.36661714,1
2895,8534,0.80327094,1
2899,3200,0.84929097,1
3566,2899,0.7351312,1
2899,4018,0.9576279,1
4088,2899,0.9576279,1
5818,2899,0.81278914,1
6060,2899,0.9363834,1
2899,6530,0.74005413,1
2899,6570,0.7995379,1
2899,6851,0.75128645,1
2899,7090,0.94457465,1
2899,7180,0.90365493,1
2899,7671,0.51863176,1
7910,2899,0.5037033,1
2899,8684,0.7313023,1
9074,2899,0.88359624,1
2900,3276,0.5336003,1
3865,2900,0.8484777,1
5339,2900,0.4219367,1
5371,2900,0.7819865,1
2900,5574,0.85956,1
2900,5767,0.729265,1
2900,5780,0.39299202,1
5837,2900,0.31104904,1
2900,6150,0.44889098,1
6440,2900,0.8484777,1
2900,6549,0.79407966,1
2900,6588,0.7619829,1
7139,2900,0.6259276,1
2900,7434,0.45190257,1
7603,2900,0.43819094,1
7849,2900,0.91559815,1
2900,7927,0.5434171,1
8444,2900,0.39299202,1
2900,8445,0.3962111,1
2900,8609,0.35786557,1
2900,8853,0.46888858,1
9338,2900,0.7433567,1
3531,2901,0.580434,1
2901,3840,0.5373335,1
5093,2901,0.6736579,1
2901,5542,0.87584996,1
2901,5635,0.79758847,1
6435,2901,0.5607468,1
2901,6809,0.5866283,1
7565,2901,0.325708,1
7656,2901,0.7712778,1
2901,8117,0.6955376,1
2901,9450,0.31055078,1
2901,9779,0.5263199,1
2917,8387,0.62104577,1
3133,2927,0.93589455,1
5739,2927,0.59077984,1
2927,8371,0.9063409,1
2927,8940,0.9468201,1
8941,2927,0.9709282,1
2932,3032,0.76069057,1
2932,3090,0.96869844,1
3145,2932,0.96869844,1
2932,5587,0.92013925,1
2932,6912,0.9948043,1
7577,2932,0.9643619,1
2932,8242,0.5663685,1
8854,2932,0.9039497,1
2935,6026,0.32794222,1
8004,2935,0.43395644,1
2935,9237,0.3941421,1
8144,2939,0.53760165,1
5802,2954,0.3155072,1
2954,8484,0.4581367,1
9272,2954,0.62359107,1
2955,5266,0.46019343,1
2955,6590,0.725218,1
7153,2955,0.4865652,1
8834,2959,0.35861447,1
3117,2964,0.88359624,1
3142,2964,0.95209295,1
2964,3435,0.95058614,1
2964,4046,0.95209295,1
4168,2964,0.88359624,1
2964,4264,0.88359624,1
5204,2964,0.98991007,1
2964,5773,0.5444735,1
5865,2964,0.92560846,1
5996,2964,0.92560846,1
6156,2964,0.81745803,1
6259,2964,0.8858722,1
6367,2964,0.8480676,1
6764,2964,0.95209295,1
2964,7080,0.95209295,1
2964,7105,0.8440243,1
7112,2964,0.7006018,1
2964,7429,0.95209295,1
7624,2964,0.95209295,1
2964,7659,0.88359624,1
2964,7699,0.7570682,1
2964,7710,0.86668646,1
7730,2964,0.8515935,1
2964,7733,0.518079,1
2964,7737,0.9075087,1
7761,2964,0.9112445,1
2964,8024,0.72031695,1
8034,2964,0.9249227,1
2964,8577,0.72031695,1
8948,2964,0.88359624,1
2964,9240,0.78834486,1
9264,2964,0.8437663,1
9400,2964,0.86323804,1
2966,8363,0.40525714,1
5661,2990,0.42851877,1
2990,6178,0.4828187,1
3005,3034,0.9162853,1
3005,4416,0.47774032,1
3005,5739,0.6511775,1
3005,8371,0.72408146,1
3005,8872,0.6453962,1
8884,3005,0.71130234,1
3299,3007,0.59539235,1
5670,3007,0.5208676,1
3007,6141,0.39328113,1
3007,6385,0.8514577,1
3012,3596,0.5870279,1
5864,3012,0.9310438,1
6634,3012,0.8862845,1
3012,6712,0.95538163,1
3012,6927,0.87194884,1
7840,3012,0.83798647,1
3012,7960,0.47162583,1
8410,3012,0.66561735,1
8587,3012,0.72997713,1
4198,3016,0.90160733,1
4199,3016,0.6881609,1
4550,3016,0.82839763,1
3016,5224,0.8932048,1
5486,3016,0.5514805,1
5769,3016,0.5946608,1
6064,3016,0.9129677,1
6278,3016,0.9555392,1
3016,6486,0.88359624,1
7173,3016,0.609379,1
7466,3016,0.3597193,1
3016,7594,0.89568216,1
7603,3016,0.44482002,1
3016,7689,0.98886687,1
7765,3016,0.8319727,1
7925,3016,0.7442218,1
3016,7973,0.9835265,1
8667,3016,0.3490242,1
8983,3016,0.9451637,1
9603,3016,0.90160733,1
3032,3090,0.7073432,1
3145,3032,0.7073432,1
3032,4252,0.46084046,1
5587,3032,0.3727337,1
6912,3032,0.85949814,1
7577,3032,0.73104346,1
3032,8242,0.91957986,1
3032,8854,0.72671145,1
3034,5739,0.951127,1
8371,3034,0.91930956,1
8872,3034,0.93615943,1
3034,8884,0.95335895,1
3035,6459,0.6854587,1
7945,3035,0.41451126,1
3111,3038,0.8695326,1
9020,3038,0.95975477,1
9306,3038,0.99370754,1
5445,3059,0.8609707,1
9681,3059,0.639055,1
3059,9796,0.95677817,1
3065,6003,0.9320974,1
3065,6763,0.9978941,1
3065,8377,0.50085,1
8799,3065,0.8992755,1
3065,9487,0.72323906,1
4048,3067,0.9254071,1
3067,4810,0.589489,1
5766,3067,0.9369971,1
5977,3067,0.98664814,1
6144,3067,0.98664814,1
7663,3067,0.970435,1
7998,3067,0.9256203,1
3067,8273,0.9770802,1
3067,9658,0.9364025,1
9563,3068,0.9687658,1
3069,3619,0.4400621,1
3994,3069,0.92628187,1
3069,6676,0.7706715,1
3069,6821,0.86366934,1
3069,6909,0.3763287,1
3069,7022,0.35245,1
7864,3069,0.62742496,1
7930,3069,0.86366934,1
3071,9459,0.8180685,1
3074,5179,0.9629039,1
7742,3074,0.7657468,1
3074,7952,0.8607813,1
5659,3078,0.93612504,1
3078,6789,0.7510601,1
7278,3078,0.94118756,1
3078,8057,0.83099353,1
3078,8361,0.7883215,1
3078,8418,0.34645557,1
8588,3078,0.54316497,1
3078,8876,0.8490082,1
9260,3078,0.59554946,1
3079,4488,0.79152596,1
3079,5240,0.8214774,1
3079,7734,0.5016577,1
7735,3079,0.46228328,1
6790,3089,0.9381541,1
3089,8055,0.9552478,1
3090,3145,0.88359624,1
3090,4871,0.61359406,1
3090,5587,0.953271,1
3090,6912,0.96759427,1
3090,7577,0.9962668,1
3090,8242,0.7481332,1
8854,3090,0.9316206,1
4592,3102,0.3026004,1
3102,9368,0.53933156,1
9020,3111,0.9822579,1
9306,3111,0.73225766,1
3142,3117,0.95209295,1
3117,3435,0.95058614,1
4046,3117,0.95209295,1
4168,3117,0.88359624,1
3117,4264,0.88359624,1
3117,5204,0.98991007,1
5773,3117,0.5444735,1
3117,5865,0.92560846,1
5996,3117,0.92560846,1
6156,3117,0.81745803,1
6259,3117,0.8858722,1
6367,3117,0.8480676,1
6764,3117,0.95209295,1
3117,7080,0.95209295,1
7105,3117,0.8440243,1
7112,3117,0.7006018,1
3117,7429,0.95209295,1
3117,7624,0.95209295,1
3117,7659,0.88359624,1
3117,7699,0.7570682,1
3117,7710,0.86668646,1
7730,3117,0.8515935,1
7733,3117,0.518079,1
7737,3117,0.9075087,1
7761,3117,0.9112445,1
3117,8024,0.72031695,1
8034,3117,0.9249227,1
3117,8577,0.72031695,1
3117,8948,0.88359624,1
3117,9240,0.78834486,1
9264,3117,0.8437663,1
3117,9400,0.86323804,1
7328,3119,0.8527728,1
3119,7397,0.9512862,1
7815,3119,0.5279511,1
8830,3119,0.88359624,1
3126,5632,0.90362215,1
3128,5117,0.7747003,1
5737,3128,0.44279444,1
3128,8842,0.61930245,1
5739,3133,0.45148346,1
3133,8371,0.9475639,1
8940,3133,0.934127,1
8941,3133,0.9744188,1
3343,3136,0.55485487,1
3452,3136,0.67237014,1
5562,3136,0.5776724,1
3136,6528,0.82252204,1
3136,6568,0.40880355,1
6569,3136,0.44212046,1
6697,3136,0.7107728,1
3136,6924,0.68445647,1
7364,3136,0.80093163,1
7600,3136,0.8042879,1
7727,3136,0.44434664,1
7805,3136,0.6195477,1
3136,7904,0.8898523,1
3136,8066,0.39741972,1
3136,8165,0.32158583,1
8312,3136,0.66899186,1
3136,8313,0.70868355,1
8576,3136,0.547689,1
8682,3136,0.8130586,1
3136,9489,0.6327955,1
9791,3136,0.65676314,1
3435,3142,0.92105544,1
4046,3142,0.88359624,1
4168,3142,0.95209295,1
4264,3142,0.95209295,1
3142,5204,0.7879162,1
5773,3142,0.8203469,1
3142,5865,0.8517927,1
3142,5996,0.8517927,1
3142,6156,0.6622457,1
3142,6367,0.8690805,1
3142,6764,0.88359624,1
6808,3142,0.7702633,1
7080,3142,0.88359624,1
7105,3142,0.67370117,1
7112,3142,0.80488384,1
3142,7429,0.88359624,1
3142,7624,0.88359624,1
7659,3142,0.95209295,1
3142,7699,0.84923095,1
3142,7710,0.88206625,1
3142,7730,0.84373116,1
3142,7733,0.9009484,1
7737,3142,0.88826644,1
7761,3142,0.9207079,1
8024,3142,0.97627664,1
8034,3142,0.95629334,1
3142,8577,0.97627664,1
3142,8948,0.95209295,1
9240,3142,0.7031305,1
9264,3142,0.78383887,1
3142,9400,0.8118667,1
3143,3445,0.47124183,1
3143,4301,0.64679086,1
3143,9349,0.8210034,1
3145,4871,0.61359406,1
3145,5587,0.953271,1
3145,6912,0.96759427,1
3145,7577,0.9962668,1
8242,3145,0.7481332,1
3145,8854,0.9316206,1
4749,3160,0.5911359,1
4822,3168,0.6655894,1
5488,3168,0.845737,1
3168,6161,0.61177593,1
3168,7606,0.9064113,1
7972,3168,0.98005325,1
8593,3168,0.92775506,1
3168,8823,0.44644752,1
3172,4009,0.63326913,1
4574,3172,0.6773346,1
4953,3172,0.5588032,1
5126,3172,0.65181655,1
5234,3172,0.524876,1
5291,3172,0.7621733,1
5516,3172,0.31429312,1
3172,5621,0.34243482,1
3172,6532,0.4527112,1
7324,3172,0.40850246,1
8330,3172,0.4527112,1
3172,8692,0.38538247,1
3172,8694,0.3014005,1
3172,8785,0.46696532,1
3172,8997,0.60579157,1
9307,3172,0.4749021,1
3196,3238,0.32102138,1
3196,4564,0.8697573,1
3200,3566,0.70757914,1
4018,3200,0.8117746,1
4088,3200,0.8117746,1
3200,5818,0.693592,1
3200,6060,0.83396345,1
3200,6570,0.8120991,1
3200,6851,0.7733281,1
7090,3200,0.97352725,1
3200,7180,0.63572013,1
3200,7671,0.45044574,1
7910,3200,0.39165,1
3200,8684,0.6760551,1
3200,9074,0.84929097,1
4490,3202,0.90547925,1
3202,5158,0.83924943,1
5501,3202,0.90547925,1
3202,5651,0.8646928,1
3202,5779,0.8646928,1
6843,3202,0.60530716,1
3202,6860,0.8743006,1
3202,8411,0.90547925,1
8514,3202,0.7405549,1
9310,3202,0.9333298,1
3204,5174,0.52346367,1
3204,5225,0.41648892,1
3204,5654,0.50323343,1
3204,6272,0.37623727,1
9077,3204,0.33973816,1
9316,3204,0.3653536,1
9566,3204,0.47089615,1
3205,4041,0.9606138,1
3205,4570,0.9783384,1
3205,4866,0.9732632,1
5610,3205,0.9647674,1
6649,3205,0.83668625,1
7591,3205,0.7835902,1
9248,3205,0.47576514,1
3219,5556,0.96167,1
3222,5516,0.9801697,1
3222,7939,0.89246094,1
8689,3222,0.88109255,1
3222,9327,0.6389819,1
3222,9492,0.7463132,1
3308,3223,0.8715598,1
3223,5280,0.6623723,1
8804,3223,0.9923505,1
9136,3223,0.8794491,1
9231,3223,0.96903384,1
3238,4850,0.9623479,1
3238,6346,0.932886,1
7984,3238,0.77715015,1
8243,3238,0.98944736,1
3241,5676,0.53614336,1
3242,3244,0.8991143,1
3242,3260,0.9220558,1
3826,3242,0.76391274,1
3242,4501,0.67241305,1
3242,5325,0.9562676,1
3242,5566,0.8353453,1
5604,3242,0.8608631,1
3242,5676,0.5475065,1
3242,7623,0.7803489,1
3242,8612,0.39642462,1
3242,8683,0.5880747,1
3242,8774,0.9181248,1
3242,9175,0.6364263,1
3242,9232,0.7716674,1
9276,3242,0.9590803,1
9385,3242,0.57313335,1
6505,3243,0.6870924,1
7607,3243,0.94856197,1
7799,3243,0.64390236,1
3243,8059,0.77758986,1
3243,8274,0.7775721,1
8538,3243,0.68818575,1
8748,3243,0.55683005,1
3260,3244,0.92418367,1
3826,3244,0.6384177,1
3244,4501,0.9804159,1
4795,3244,0.8255623,1
4854,3244,0.40556154,1
5325,3244,0.8624411,1
5566,3244,0.85500616,1
5604,3244,0.69541276,1
3244,5676,0.84344715,1
3244,7623,0.8890643,1
7811,3244,0.5378451,1
3244,8612,0.7149483,1
8683,3244,0.79247135,1
3244,8774,0.72628164,1
3244,9175,0.92307454,1
3244,9232,0.7007782,1
9276,3244,0.9006781,1
9385,3244,0.74658954,1
3826,3260,0.9358705,1
3260,4501,0.8332564,1
3260,4795,0.80995435,1
4814,3260,0.31684262,1
3260,5325,0.94627374,1
5403,3260,0.39396778,1
3260,5566,0.86445695,1
3260,5604,0.8179239,1
5676,3260,0.9294762,1
7623,3260,0.801919,1
7811,3260,0.31151804,1
8612,3260,0.6610367,1
3260,8683,0.7792247,1
3260,8774,0.6667328,1
9175,3260,0.8912164,1
3260,9232,0.7422959,1
3260,9276,0.96438086,1
9385,3260,0.7425044,1
3265,4231,0.7250242,1
3265,5823,0.8601345,1
3265,6296,0.37878385,1
6299,3265,0.6082537,1
8889,3265,0.5993939,1
9561,3265,0.8692894,1
9562,3265,0.63218176,1
3266,3661,0.9030418,1
3266,3935,0.9119486,1
7655,3266,0.58769137,1
3865,3276,0.77580297,1
5371,3276,0.85349804,1
5574,3276,0.8546477,1
5767,3276,0.8175756,1
3276,5887,0.52835315,1
6150,3276,0.86979765,1
6440,3276,0.77580297,1
6549,3276,0.81099313,1
6588,3276,0.4820524,1
3276,7139,0.96408516,1
7603,3276,0.4652244,1
3276,7849,0.78411406,1
3276,7927,0.48424208,1
8069,3276,0.8823416,1
3276,8445,0.8764923,1
8609,3276,0.3415228,1
3276,8853,0.98173296,1
9064,3276,0.79631555,1
3276,9338,0.7034497,1
9404,3279,0.44192082,1
3291,5627,0.58847845,1
7609,3291,0.33219257,1
7611,3291,0.47254395,1
9330,3291,0.30051544,1
9332,3291,0.5120832,1
3337,3297,0.79395366,1
5771,3297,0.88852257,1
3297,5774,0.86466044,1
3297,6411,0.88852257,1
8644,3297,0.98810893,1
3297,8798,0.87245065,1
3297,8855,0.38103017,1
9432,3297,0.87245065,1
5670,3299,0.8212857,1
3299,6141,0.9072885,1
6385,3299,0.5878848,1
9089,3299,0.9314737,1
3302,3740,0.7708904,1
3302,4430,0.88359624,1
3302,4675,0.9475487,1
5580,3302,0.9874999,1
7990,3302,0.3512525,1
3302,8027,0.40313286,1
3302,8160,0.5882454,1
8554,3302,0.394535,1
3302,8756,0.7297618,1
5280,3308,0.9540448,1
3308,7747,0.38731715,1
7810,3308,0.48842958,1
8804,3308,0.67289007,1
8992,3308,0.48645297,1
9136,3308,0.682219,1
9231,3308,0.61669755,1
9376,3308,0.69115925,1
9493,3308,0.34091654,1
9495,3308,0.38178447,1
3631,3310,0.78217745,1
5066,3310,0.9062658,1
5117,3310,0.8846895,1
3310,7439,0.70108324,1
7771,3310,0.53029346,1
3310,7886,0.6533852,1
3310,8139,0.8073534,1
3310,8842,0.44452268,1
4886,3315,0.96817154,1
3323,3740,0.31898263,1
3323,3937,0.87005,1
3323,5394,0.73142093,1
3323,6307,0.56438327,1
6333,3323,0.7353491,1
7714,3323,0.7226065,1
3323,7970,0.9315334,1
7990,3323,0.5092703,1
8027,3323,0.7639893,1
3323,8554,0.93691224,1
3323,8888,0.8162374,1
3337,5771,0.8299672,1
3337,5774,0.48483676,1
3337,6411,0.8299672,1
3337,8644,0.7465054,1
3337,8798,0.9187389,1
8855,3337,0.88311815,1
3337,9432,0.9187389,1
3452,3343,0.94135624,1
5562,3343,0.3897771,1
6528,3343,0.75215465,1
6568,3343,0.50747174,1
6569,3343,0.54576594,1
3343,6924,0.7450446,1
3343,7364,0.6494285,1
7600,3343,0.88109964,1
7727,3343,0.45145994,1
3343,7904,0.6357763,1
3343,8066,0.6139141,1
3343,8165,0.5727101,1
8502,3343,0.48404852,1
3343,8576,0.7383121,1
8682,3343,0.57078654,1
9489,3343,0.5927749,1
9791,3343,0.42615396,1
3344,5695,0.30174688,1
6009,3344,0.5219415,1
3362,7242,0.8393319,1
3635,3365,0.45399287,1
4238,3365,0.4524552,1
3365,7801,0.6791383,1
3365,8122,0.58066595,1
3636,3366,0.9475223,1
6990,3366,0.8093726,1
7802,3366,0.7183884,1
4140,3372,0.5782724,1
3372,5403,0.5033148,1
5094,3378,0.8351284,1
3378,6392,0.7871813,1
9100,3378,0.88877165,1
3517,3391,0.48109075,1
3734,3391,0.3907464,1
4208,3391,0.96646047,1
3391,5614,0.845082,1
3391,6320,0.859088,1
6905,3391,0.48109075,1
7166,3391,0.6519901,1
3391,8513,0.60677546,1
3397,4586,0.53931224,1
6682,3402,0.83013177,1
8914,3402,0.9839535,1
3405,4506,0.84447145,1
3405,9319,0.9390605,1
7670,3406,0.83095354,1
3770,3407,0.88359624,1
3407,4664,0.96883744,1
6510,3407,0.5854844,1
3407,6856,0.43889403,1
7676,3407,0.62341803,1
7731,3407,0.79354495,1
7793,3407,0.6194781,1
3412,4751,0.75021917,1
3412,6024,0.33740148,1
6353,3412,0.9420491,1
3412,6654,0.73417366,1
3412,6772,0.52788895,1
7557,3412,0.6774411,1
9382,3412,0.5384727,1
5198,3419,0.40752837,1
5805,3419,0.5232614,1
3419,6056,0.55956405,1
6471,3419,0.40537477,1
6940,3419,0.30809456,1
3419,9057,0.39584187,1
3428,3440,0.648632,1
5138,3428,0.9318972,1
5820,3428,0.8823559,1
5843,3428,0.54797435,1
5900,3428,0.70977235,1
6042,3428,0.974141,1
6093,3428,0.5122762,1
3428,6481,0.8340892,1
3428,6605,0.50916106,1
7751,3428,0.8249242,1
3428,7876,0.86170334,1
3428,8021,0.43679056,1
8031,3428,0.8890475,1
3428,8429,0.59132594,1
3428,8843,0.88359624,1
3428,9138,0.851869,1
3428,9210,0.7093257,1
9211,3428,0.8749995,1
3428,9465,0.5156596,1
9659,3428,0.4727098,1
9677,3428,0.73965937,1
3429,6704,0.9183162,1
7194,3429,0.8585113,1
3429,7837,0.5713644,1
5234,3430,0.89166826,1
3430,7768,0.8905508,1
3435,4046,0.92105544,1
4168,3435,0.95058614,1
3435,4264,0.95058614,1
6156,3435,0.7867113,1
6259,3435,0.7954727,1
6530,3435,0.4105097,1
3435,6764,0.92105544,1
6808,3435,0.8975809,1
3435,7080,0.92105544,1
7105,3435,0.68254966,1
3435,7112,0.7974737,1
7429,3435,0.92105544,1
7624,3435,0.92105544,1
7659,3435,0.95058614,1
8024,3435,0.9309502,1
8034,3435,0.9467043,1
3435,8577,0.9309502,1
8948,3435,0.95058614,1
9240,3435,0.9280894,1
3435,9400,0.41042814,1
5138,3440,0.6439515,1
5843,3440,0.6959164,1
5900,3440,0.5700941,1
6042,3440,0.5891767,1
3440,6093,0.78963006,1
3440,6481,0.43286934,1
3440,6605,0.5291149,1
3440,7751,0.69576263,1
3440,7876,0.84535927,1
3440,8021,0.59029484,1
8031,3440,0.37858024,1
3440,8162,0.5266739,1
8429,3440,0.5618113,1
3440,8843,0.648632,1
3440,9138,0.81760776,1
3440,9210,0.82023466,1
9211,3440,0.90809685,1
9433,3440,0.32431355,1
3440,9465,0.5333891,1
4301,3445,0.32251117,1
3447,8022,0.8839782,1
3447,8931,0.91340107,1
3451,3662,0.7694607,1
3452,5562,0.7445401,1
3452,6528,0.7239395,1
3452,6568,0.34864512,1
6569,3452,0.3784584,1
3452,6697,0.48173922,1
6924,3452,0.88718224,1
3452,7364,0.69141924,1
7600,3452,0.30814293,1
7727,3452,0.35883623,1
3452,7745,0.3538461,1
7805,3452,0.5779484,1
3452,7904,0.8858206,1
8066,3452,0.68278855,1
8312,3452,0.55370504,1
8313,3452,0.3047647,1
3452,8502,0.6728002,1
3452,8576,0.9670623,1
3452,8682,0.8058637,1
9489,3452,0.4924729,1
3452,9791,0.6013562,1
3923,3460,0.5812916,1
4095,3460,0.83237964,1
3460,4163,0.8722161,1
3460,5599,0.35490835,1
6494,3460,0.40051898,1
6839,3460,0.40700305,1
3460,6963,0.6928227,1
7578,3460,0.6201712,1
3469,7823,0.8173814,1
4013,3485,0.9042811,1
4075,3485,0.73340255,1
4792,3485,0.6167668,1
5571,3485,0.8710767,1
3485,5657,0.8831807,1
5703,3485,0.7340209,1
3485,5704,0.8831807,1
3485,6039,0.7076029,1
3485,7812,0.5498496,1
7856,3485,0.7437953,1
7860,3485,0.4323464,1
7947,3485,0.7413788,1
3485,8361,0.31362587,1
8418,3485,0.80237067,1
3485,8663,0.6615268,1
5311,3486,0.9585288,1
3486,5640,0.92704225,1
6220,3486,0.9219653,1
6436,3486,0.92704225,1
3486,6779,0.7353746,1
3486,6845,0.60885537,1
3486,7621,0.9365771,1
7936,3486,0.5909786,1
3486,8814,0.4520278,1
3862,3487,0.6399189,1
3491,5997,0.43624935,1
3497,6483,0.4998396,1
3497,7580,0.45866126,1
3503,3731,0.7650347,1
3517,3550,0.68134147,1
3734,3517,0.38560313,1
3896,3517,0.35843974,1
4208,3517,0.31904486,1
3517,6320,0.57967067,1
6623,3517,0.5426305,1
6905,3517,0.88359624,1
7146,3517,0.5065529,1
7148,3517,0.58362263,1
7166,3517,0.5197683,1
7664,3517,0.4402941,1
3517,8513,0.8795762,1
3517,9270,0.30771133,1
4527,3524,0.84671783,1
3524,5723,0.85867935,1
3524,7827,0.55549157,1
8586,3524,0.6319205,1
3524,8779,0.95792526,1
3524,8795,0.9279621,1
9267,3524,0.7386468,1
3632,3526,0.70126325,1
6628,3526,0.96461093,1
3531,5093,0.98134816,1
5542,3531,0.6470476,1
6435,3531,0.7708904,1
3531,6809,0.948331,1
3531,7565,0.9749536,1
3531,7656,0.8290021,1
3531,7987,0.56375104,1
8117,3531,0.971846,1
3531,9450,0.9773406,1
6378,3545,0.9603789,1
3550,3734,0.38852847,1
3550,3896,0.79191595,1
6315,3550,0.67800426,1
3550,6623,0.6942829,1
3550,6905,0.68134147,1
7146,3550,0.7884494,1
7148,3550,0.83089906,1
3550,7166,0.3443584,1
7664,3550,0.9044805,1
3550,8513,0.62124383,1
3561,3763,0.8159437,1
3823,3561,0.3102784,1
3561,7680,0.8456335,1
9413,3561,0.6466445,1
4018,3566,0.6306854,1
3566,4088,0.6306854,1
3566,5818,0.41870788,1
6060,3566,0.69342166,1
3566,6530,0.74723244,1
3566,6570,0.6079886,1
3566,6637,0.7229714,1
3566,6851,0.6022535,1
3566,7090,0.71579784,1
3566,7180,0.59995407,1
3566,7671,0.5739617,1
3566,7910,0.6195506,1
3566,8684,0.7110241,1
9074,3566,0.7351312,1
3567,3717,0.43162954,1
3567,5537,0.8065296,1
3567,5692,0.6115509,1
7692,3567,0.42870885,1
3567,7758,0.5289472,1
8661,3567,0.62985384,1
3567,8701,0.6868013,1
9262,3567,0.64148915,1
5206,3570,0.89078975,1
7762,3570,0.92946094,1
3570,8614,0.79302204,1
3571,7763,0.8203005,1
3576,6585,0.73757833,1
3580,9496,0.46410105,1
3582,6933,0.33852926,1
3582,6934,0.33852926,1
3582,7614,0.5874428,1
7794,3582,0.4020747,1
3596,5864,0.749172,1
6712,3596,0.6829693,1
6927,3596,0.70060384,1
3596,7840,0.5259935,1
3596,8410,0.71020716,1
8587,3596,0.38750088,1
3603,3894,0.31837672,1
6524,3603,0.43607867,1
3603,7881,0.6288157,1
9502,3603,0.4314728,1
3608,4449,0.8590195,1
3614,4198,0.69971526,1
3614,4199,0.7015262,1
4550,3614,0.40650478,1
3614,5224,0.43771005,1
3614,5769,0.7845789,1
6064,3614,0.4833093,1
3614,7173,0.38980123,1
7466,3614,0.5073826,1
7509,3614,0.3647606,1
7594,3614,0.38832143,1
3614,7973,0.6706803,1
3614,9603,0.69971526,1
4481,3619,0.86160326,1
5076,3619,0.56298727,1
6821,3619,0.722221,1
6909,3619,0.73323905,1
7022,3619,0.811517,1
7864,3619,0.72883445,1
7930,3619,0.722221,1
8041,3619,0.5086619,1
8207,3619,0.6464196,1
5066,3631,0.8508636,1
5117,3631,0.8661224,1
7439,3631,0.6304209,1
7771,3631,0.5584714,1
3631,7886,0.51182127,1
3631,8139,0.5893079,1
6628,3632,0.7145025,1
3635,4238,0.70315593,1
3635,7801,0.72099733,1
3635,8122,0.90006214,1
6990,3636,0.6137523,1
3636,7802,0.8099088,1
7657,3641,0.6166331,1
3641,8865,0.79139125,1
7681,3650,0.8403643,1
4236,3653,0.6628307,1
3653,4616,0.608031,1
4627,3653,0.53078,1
4629,3653,0.61184376,1
5337,3653,0.6628307,1
6321,3653,0.81966907,1
8070,3653,0.8991736,1
9233,3653,0.55023384,1
8308,3654,0.43784305,1
3654,8819,0.8142631,1
5839,3659,0.51521784,1
3659,6563,0.8144498,1
3659,6775,0.4728737,1
7038,3659,0.60013765,1
8125,3659,0.37098646,1
3659,8301,0.58434045,1
3935,3661,0.50955707,1
7655,3661,0.9009722,1
3673,5339,0.31533983,1
3673,5574,0.3411059,1
3673,6321,0.47019026,1
6883,3673,0.34926227,1
3673,7777,0.33102396,1
3689,8026,0.9174162,1
3695,4832,0.5643847,1
3695,6389,0.8795501,1
7866,3695,0.54662573,1
3695,8356,0.36270618,1
3710,3867,0.3123399,1
3710,4158,0.74345475,1
3710,4161,0.9028428,1
4737,3710,0.6543105,1
4740,3710,0.75428766,1
3710,5675,0.42729616,1
5800,3710,0.76771027,1
3710,6808,0.34494644,1
3717,4043,0.6274144,1
5537,3717,0.8234684,1
3717,5692,0.8780787,1
7692,3717,0.45344493,1
7758,3717,0.53737074,1
3717,8238,0.5632572,1
3717,8661,0.5839802,1
8701,3717,0.69273233,1
3717,9262,0.6443766,1
6196,3718,0.9766509,1
7872,3718,0.7627731,1
9460,3718,0.6351331,1
9461,3718,0.67432576,1
3734,3896,0.45872778,1
3734,4976,0.30171221,1
5873,3734,0.35592884,1
6036,3734,0.36023265,1
3734,6320,0.3860983,1
6623,3734,0.6685666,1
3734,6905,0.38560313,1
7146,3734,0.36556262,1
3734,7148,0.34419078,1
3734,7166,0.650655,1
7664,3734,0.31426752,1
8513,3734,0.6211446,1
9270,3734,0.3289458,1
3734,9333,0.3137101,1
9528,3734,0.5081793,1
3734,9532,0.5081793,1
4002,3739,0.6080367,1
3739,7991,0.42159405,1
8029,3739,0.7131379,1
3739,8244,0.36590335,1
3937,3740,0.3258099,1
3740,4430,0.7708904,1
3740,4675,0.97084504,1
3740,5394,0.43028238,1
3740,5580,0.9715366,1
7970,3740,0.52070224,1
3740,7990,0.39922646,1
8027,3740,0.41738272,1
3740,8160,0.5435588,1
3740,8244,0.4527111,1
8554,3740,0.6690217,1
3740,8756,0.79043335,1
3740,8888,0.38809973,1
3745,7662,0.70128524,1
3751,7617,0.3526322,1
3754,6856,0.3326391,1
3755,5198,0.9515008,1
6056,3755,0.80119336,1
6471,3755,0.9154591,1
3755,6940,0.7815817,1
3761,6859,0.5565818,1
3763,7680,0.6418951,1
3763,9413,0.44527435,1
4664,3770,0.96883744,1
6510,3770,0.5854844,1
3770,6856,0.43889403,1
7676,3770,0.62341803,1
3770,7731,0.79354495,1
7793,3770,0.6194781,1
3928,3775,0.4421432,1
6673,3775,0.52946556,1
3775,7377,0.4140133,1
8186,3775,0.39150652,1
3775,9235,0.7118405,1
3805,7885,0.32186705,1
7956,3805,0.42563626,1
3805,8674,0.65856177,1
3805,9426,0.8459818,1
3819,7575,0.75316817,1
3819,7754,0.88906354,1
7820,3819,0.77450156,1
3823,6510,0.5877245,1
3823,6856,0.6722949,1
7676,3823,0.34177405,1
7731,3823,0.37445587,1
3826,4501,0.8255766,1
5325,3826,0.848746,1
5403,3826,0.35687748,1
5566,3826,0.6578984,1
5604,3826,0.693507,1
5676,3826,0.89538753,1
7623,3826,0.3439548,1
8612,3826,0.33835068,1
3826,8683,0.8354445,1
3826,8774,0.71764743,1
9232,3826,0.3555251,1
9276,3826,0.6925705,1
9385,3826,0.7151519,1
4231,3840,0.57941204,1
3840,5542,0.46300757,1
5823,3840,0.46238896,1
7656,3840,0.3262571,1
3840,9779,0.32637218,1
3841,6299,0.34898338,1
3841,9562,0.33823335,1
3842,4258,0.8596317,1
4618,3842,0.9426002,1
3842,6334,0.9257829,1
7740,3842,0.9159664,1
3842,7776,0.9128878,1
7814,3842,0.9075486,1
7817,3842,0.62430876,1
8111,3842,0.43559906,1
9044,3842,0.86749595,1
3846,7630,0.9797559,1
3856,4848,0.5048883,1
3856,5366,0.46396795,1
3856,7892,0.54426277,1
3856,8170,0.4721617,1
8728,3856,0.63479865,1
5256,3858,0.8061093,1
5625,3858,0.8401655,1
6587,3858,0.9028081,1
6990,3858,0.47812924,1
7094,3858,0.75298935,1
3858,7113,0.80862,1
7413,3858,0.694813,1
7997,3858,0.3628809,1
3858,8542,0.8943876,1
3858,8890,0.7115133,1
4609,3864,0.88852257,1
4456,3865,0.65350825,1
4606,3865,0.43068665,1
3865,5339,0.8743406,1
3865,5371,0.8485896,1
3865,5574,0.86324763,1
3865,5767,0.9715366,1
5780,3865,0.6357819,1
5837,3865,0.6176111,1
3865,5887,0.8621288,1
3865,6150,0.7212571,1
6440,3865,0.88359624,1
6549,3865,0.72736794,1
3865,6588,0.6251259,1
7055,3865,0.65350825,1
7139,3865,0.9344551,1
3865,7434,0.8471253,1
7849,3865,0.885758,1
7927,3865,0.61677015,1
8069,3865,0.9137953,1
8444,3865,0.6357819,1
8445,3865,0.96138126,1
3865,8853,0.7353647,1
9064,3865,0.8945554,1
3865,9338,0.8489138,1
9429,3865,0.5657123,1
4740,3867,0.34907964,1
5675,3867,0.52368104,1
3867,5800,0.40570354,1
3867,6904,0.573644,1
3867,6944,0.3748901,1
6302,3891,0.49182555,1
3965,3892,0.8671153,1
6535,3892,0.47930104,1
7847,3892,0.48362923,1
3892,9414,0.39414436,1
3892,9785,0.35276616,1
3893,7807,0.7409063,1
3894,6524,0.63278097,1
3894,7881,0.59175396,1
3894,9502,0.6471238,1
6315,3896,0.8045004,1
6623,3896,0.83490044,1
3896,6905,0.35843974,1
3896,7146,0.67615104,1
7148,3896,0.6531733,1
7664,3896,0.66239136,1
6972,3905,0.84525293,1
3905,8037,0.9371043,1
4095,3923,0.34419894,1
4163,3923,0.6183727,1
3925,5268,0.37488493,1
6664,3925,0.48584515,1
3925,7225,0.5143896,1
3925,7597,0.86313367,1
8961,3925,0.8554832,1
3925,9709,0.443125,1
3926,6206,0.8903022,1
6667,3926,0.8991507,1
7226,3926,0.44474083,1
3926,9708,0.94480735,1
3928,4291,0.8011535,1
6673,3928,0.7588542,1
3928,7377,0.48474416,1
8186,3928,0.63718307,1
8726,3928,0.5202191,1
9235,3928,0.52746546,1
7655,3935,0.69405943,1
3937,4675,0.3087691,1
5394,3937,0.30190957,1
3937,7714,0.43629867,1
7970,3937,0.89034086,1
7990,3937,0.44810346,1
3937,8027,0.56261206,1
8554,3937,0.9086148,1
8888,3937,0.6759107,1
5079,3940,0.96942085,1
6070,3940,0.84054434,1
3940,6326,0.949787,1
7665,3940,0.62855995,1
9422,3940,0.9682311,1
3961,7845,0.3489905,1
7847,3965,0.638708,1
9414,3965,0.38804966,1
4136,3993,0.97387433,1
6496,3993,0.9072521,1
7240,3993,0.9821237,1
3993,7582,0.94173414,1
7628,3993,0.57045615,1
3993,7695,0.8598579,1
3993,7712,0.88296163,1
3993,7967,0.8265285,1
8449,3993,0.9821237,1
3994,5076,0.31196105,1
3994,6676,0.41937906,1
6821,3994,0.9366601,1
3994,6909,0.55214524,1
3994,7022,0.55815935,1
3994,7930,0.9366601,1
3994,8041,0.501689,1
4002,7991,0.4537526,1
8029,4002,0.95059377,1
4574,4009,0.3447079,1
4009,4953,0.8790016,1
4009,5126,0.5689249,1
4009,5234,0.42073667,1
4009,5291,0.7030215,1
4009,5621,0.7308329,1
4009,6532,0.85470134,1
6723,4009,0.6160866,1
6918,4009,0.6301311,1
7324,4009,0.5251026,1
7768,4009,0.34015486,1
4009,8013,0.54028594,1
4009,8330,0.85470134,1
8692,4009,0.8096654,1
4009,8694,0.62133384,1
4009,8785,0.32765123,1
4009,8997,0.7439051,1
4009,9307,0.76281464,1
4013,4075,0.7874875,1
4792,4013,0.99502194,1
4013,5571,0.95617247,1
5657,4013,0.96935064,1
5703,4013,0.9225849,1
5704,4013,0.96935064,1
6039,4013,0.923893,1
7812,4013,0.7089192,1
7856,4013,0.7824659,1
7947,4013,0.81785893,1
4013,8418,0.62940115,1
4013,8663,0.904762,1
4088,4018,0.88359624,1
4018,5818,0.9593809,1
4018,6060,0.9264329,1
6506,4018,0.3055716,1
4018,6530,0.57881194,1
6570,4018,0.85160255,1
4018,6851,0.773617,1
7090,4018,0.9855987,1
7180,4018,0.98955184,1
4018,7671,0.69564414,1
4018,7910,0.6744615,1
4018,8684,0.94121766,1
9074,4018,0.9576279,1
4723,4030,0.9046202,1
4030,4843,0.629533,1
4030,5594,0.81737673,1
5695,4030,0.45513946,1
7629,4030,0.7651578,1
8358,4030,0.4728553,1
4570,4041,0.52926403,1
4866,4041,0.9853587,1
5610,4041,0.7421508,1
6649,4041,0.7308406,1
7591,4041,0.932725,1
4041,9248,0.3746724,1
4043,5537,0.555494,1
5692,4043,0.4897605,1
4043,6799,0.8808986,1
7758,4043,0.7362843,1
4043,8238,0.8900783,1
4043,8661,0.6294869,1
8677,4043,0.3138815,1
4043,8701,0.49345878,1
4043,9262,0.629572,1
4045,4175,0.5402893,1
4045,4705,0.64499074,1
6684,4045,0.79406613,1
6949,4045,0.4735689,1
4045,7813,0.8675941,1
4045,8717,0.41245657,1
4046,4168,0.95209295,1
4046,4264,0.95209295,1
5204,4046,0.7879162,1
4046,5773,0.8203469,1
5865,4046,0.8517927,1
4046,5996,0.8517927,1
6156,4046,0.6622457,1
4046,6367,0.8690805,1
4046,6764,0.88359624,1
6808,4046,0.7702633,1
4046,7080,0.88359624,1
7105,4046,0.67370117,1
7112,4046,0.80488384,1
4046,7429,0.88359624,1
4046,7624,0.88359624,1
4046,7659,0.95209295,1
4046,7699,0.84923095,1
7710,4046,0.88206625,1
4046,7730,0.84373116,1
4046,7733,0.9009484,1
7737,4046,0.88826644,1
7761,4046,0.9207079,1
8024,4046,0.97627664,1
8034,4046,0.95629334,1
8577,4046,0.97627664,1
4046,8948,0.95209295,1
9240,4046,0.7031305,1
4046,9264,0.78383887,1
9400,4046,0.8118667,1
4810,4048,0.98070097,1
5158,4048,0.3337017,1
4048,5766,0.78167063,1
5977,4048,0.78883904,1
6144,4048,0.78883904,1
4048,6860,0.3013442,1
7663,4048,0.55612385,1
7998,4048,0.88002133,1
4048,8273,0.9337817,1
9658,4048,0.8648153,1
4050,4431,0.56932265,1
4050,5645,0.43125543,1
4050,6825,0.337585,1
4050,7741,0.58584285,1
8315,4050,0.5564364,1
4050,8609,0.46463168,1
9321,4050,0.3214543,1
4067,8448,0.967034,1
4075,4792,0.9371155,1
5571,4075,0.9286011,1
4075,5657,0.9509657,1
4075,5703,0.8710445,1
4075,5704,0.9509657,1
4075,6039,0.9251305,1
7812,4075,0.92151815,1
4075,7856,0.7330232,1
4075,7947,0.8846882,1
4075,8418,0.5982256,1
8663,4075,0.95918137,1
5818,4088,0.9593809,1
6060,4088,0.9264329,1
6506,4088,0.3055716,1
6530,4088,0.57881194,1
4088,6570,0.85160255,1
6851,4088,0.773617,1
4088,7090,0.9855987,1
4088,7180,0.98955184,1
4088,7671,0.69564414,1
4088,7910,0.6744615,1
4088,8684,0.94121766,1
4088,9074,0.9576279,1
4095,4163,0.9190391,1
6494,4095,0.33066037,1
6963,4095,0.4803991,1
7578,4095,0.99728024,1
4095,9017,0.34489933,1
4109,4951,0.8389009,1
5583,4109,0.32797563,1
4109,5636,0.7913926,1
5656,4109,0.6065931,1
4109,5860,0.39602372,1
4109,6254,0.8349775,1
4109,6490,0.8873737,1
4109,6574,0.527075,1
6718,4109,0.55143,1
6762,4109,0.873166,1
7287,4109,0.30598617,1
4109,8163,0.8594329,1
4109,8737,0.9067499,1
8765,4109,0.6100353,1
4109,8896,0.9315972,1
9315,4109,0.37312415,1
4109,9341,0.7545653,1
4424,4126,0.4175871,1
6496,4136,0.9226364,1
4136,6745,0.45076695,1
7240,4136,0.93347543,1
4136,7582,0.90578824,1
7628,4136,0.6344645,1
7695,4136,0.63631356,1
4136,7712,0.6662869,1
7967,4136,0.83064306,1
8449,4136,0.93347543,1
4139,5598,0.932652,1
6059,4139,0.36352813,1
6472,4139,0.9018116,1
6519,4139,0.6750863,1
4139,7670,0.55943614,1
8062,4139,0.5762585,1
4139,8063,0.48376545,1
4139,8064,0.87964255,1
8354,4139,0.42157072,1
4139,8575,0.97757953,1
9039,4139,0.45774752,1
9040,4139,0.37098297,1
4139,9041,0.86351216,1
4139,9792,0.5638649,1
4795,4140,0.37792823,1
4140,5403,0.7373189,1
4140,7623,0.31448838,1
7811,4140,0.570678,1
9232,4140,0.83198553,1
4161,4158,0.85116273,1
4158,5675,0.9754107,1
4158,5800,0.97197556,1
7036,4158,0.4668198,1
4158,7791,0.34564838,1
4158,8809,0.45354035,1
4158,9593,0.7361969,1
4161,4737,0.7154183,1
4740,4161,0.77895045,1
5675,4161,0.8237681,1
4161,5800,0.8683353,1
6904,4161,0.52475023,1
4161,7036,0.7908378,1
9593,4161,0.6966289,1
5599,4163,0.4389435,1
4163,6494,0.62549555,1
4163,6963,0.54015845,1
7578,4163,0.78233993,1
4163,7593,0.41369805,1
9017,4163,0.32121903,1
4168,4264,0.88359624,1
5204,4168,0.98991007,1
4168,5773,0.5444735,1
5865,4168,0.92560846,1
5996,4168,0.92560846,1
4168,6156,0.81745803,1
6259,4168,0.8858722,1
6367,4168,0.8480676,1
4168,6764,0.95209295,1
4168,7080,0.95209295,1
7105,4168,0.8440243,1
7112,4168,0.7006018,1
4168,7429,0.95209295,1
7624,4168,0.95209295,1
4168,7659,0.88359624,1
4168,7699,0.7570682,1
4168,7710,0.86668646,1
4168,7730,0.8515935,1
4168,7733,0.518079,1
4168,7737,0.9075087,1
7761,4168,0.9112445,1
8024,4168,0.72031695,1
4168,8034,0.9249227,1
8577,4168,0.72031695,1
4168,8948,0.88359624,1
9240,4168,0.78834486,1
4168,9264,0.8437663,1
9400,4168,0.86323804,1
4705,4175,0.43321517,1
4198,4199,0.96335584,1
4198,4550,0.9626381,1
4198,5224,0.9060701,1
4198,5486,0.838383,1
5769,4198,0.8919489,1
6064,4198,0.9339901,1
4198,6278,0.9551909,1
6486,4198,0.90160733,1
7173,4198,0.9718062,1
7279,4198,0.91962653,1
7458,4198,0.6387347,1
7466,4198,0.9434402,1
7509,4198,0.5832326,1
4198,7594,0.95146096,1
7689,4198,0.78789055,1
7765,4198,0.79256517,1
7925,4198,0.82216233,1
7973,4198,0.9180604,1
4198,8667,0.9554943,1
8983,4198,0.38331994,1
4198,9603,0.88359624,1
4199,4550,0.72324973,1
4199,5224,0.80418026,1
4199,5486,0.8879108,1
4199,5769,0.72792417,1
4199,6064,0.80409974,1
4199,6278,0.83936024,1
4199,6486,0.6881609,1
4199,7173,0.87856424,1
4199,7458,0.3208509,1
4199,7466,0.79257274,1
7509,4199,0.5217776,1
7594,4199,0.7426564,1
7765,4199,0.5487662,1
7973,4199,0.67606515,1
4199,8198,0.9326994,1
4199,8667,0.83505726,1
4199,9603,0.96335584,1
9794,4199,0.37892294,1
6353,4201,0.34135827,1
6772,4201,0.45530546,1
4201,8434,0.7576239,1
4201,8949,0.64828247,1
4201,9382,0.30573648,1
4976,4208,0.8415658,1
4208,5614,0.92746055,1
4208,5873,0.33636683,1
4208,6036,0.7514031,1
4208,6320,0.65312505,1
4208,6905,0.31904486,1
4208,9333,0.40903893,1
4208,9528,0.42489153,1
9532,4208,0.42489153,1
4208,9756,0.31486678,1
4231,5823,0.81489414,1
8889,4231,0.3225206,1
4231,9561,0.82667017,1
4236,4616,0.4050741,1
4627,4236,0.30681252,1
4629,4236,0.86729795,1
5337,4236,0.88359624,1
6321,4236,0.68517977,1
4236,8070,0.6616764,1
4236,9233,0.4715189,1
7801,4238,0.7612084,1
8122,4238,0.95372397,1
7784,4246,0.7519884,1
4252,6912,0.3903884,1
4252,7577,0.32422227,1
4252,8242,0.4692965,1
4258,4618,0.7649319,1
4258,6334,0.8875914,1
4258,7740,0.660845,1
4258,7776,0.46303475,1
4258,7814,0.6726099,1
7817,4258,0.5300021,1
4258,9044,0.55642176,1
4264,5204,0.98991007,1
4264,5773,0.5444735,1
5865,4264,0.92560846,1
5996,4264,0.92560846,1
6156,4264,0.81745803,1
4264,6259,0.8858722,1
6367,4264,0.8480676,1
6764,4264,0.95209295,1
4264,7080,0.95209295,1
4264,7105,0.8440243,1
7112,4264,0.7006018,1
4264,7429,0.95209295,1
7624,4264,0.95209295,1
4264,7659,0.88359624,1
4264,7699,0.7570682,1
4264,7710,0.86668646,1
7730,4264,0.8515935,1
7733,4264,0.518079,1
4264,7737,0.9075087,1
4264,7761,0.9112445,1
4264,8024,0.72031695,1
8034,4264,0.9249227,1
4264,8577,0.72031695,1
8948,4264,0.88359624,1
4264,9240,0.78834486,1
9264,4264,0.8437663,1
9400,4264,0.86323804,1
4266,4951,0.5786149,1
4266,5583,0.9719739,1
4266,5636,0.34723774,1
5860,4266,0.71849364,1
4266,6892,0.94447416,1
7098,4266,0.7203987,1
4266,7287,0.550839,1
4266,7422,0.8977283,1
9016,4266,0.9588474,1
4266,9315,0.8598952,1
4279,7989,0.65144277,1
4279,8579,0.32288423,1
4279,9517,0.8974449,1
7377,4291,0.9098033,1
8186,4291,0.83638877,1
8726,4291,0.94582105,1
9349,4301,0.66880494,1
5655,4330,0.7223012,1
6476,4330,0.6507359,1
4330,6487,0.4065284,1
4330,6538,0.94141954,1
6586,4330,0.30235785,1
4330,7120,0.44975746,1
7392,4330,0.46783525,1
7717,4330,0.8063255,1
4330,7733,0.37181014,1
7861,4330,0.83111537,1
8098,4330,0.32146674,1
4330,8206,0.44975746,1
5394,4335,0.37707636,1
6333,4335,0.4642139,1
4335,8027,0.5551123,1
8888,4335,0.39886323,1
4342,9641,0.43597904,1
4350,4349,0.9316922,1
5664,4372,0.9396255,1
4386,5005,0.88694745,1
5757,4386,0.79945076,1
4386,5803,0.8326225,1
4386,9273,0.7641944,1
6511,4397,0.3457742,1
4397,6538,0.8406,1
4397,6586,0.4755381,1
4397,6602,0.30056098,1
4397,6783,0.9505647,1
7007,4397,0.5344414,1
4397,7120,0.45378402,1
4397,7320,0.8858177,1
4397,7392,0.97936624,1
4397,7717,0.58612853,1
7861,4397,0.4693747,1
4397,7913,0.44426382,1
4397,7999,0.3561318,1
4397,8098,0.68394357,1
4397,8206,0.45378402,1
4406,5732,0.92213047,1
6658,4406,0.9085624,1
6847,4406,0.9555124,1
4406,7674,0.8640972,1
7675,4406,0.7523241,1
7721,4406,0.7754182,1
7732,4406,0.79026,1
7858,4406,0.7300826,1
4406,7867,0.84116465,1
4406,7948,0.64489406,1
8584,4406,0.9553861,1
4406,9467,0.72281975,1
4416,7345,0.5173432,1
4416,7585,0.39604837,1
4416,7632,0.39677817,1
4416,7865,0.7739034,1
4416,8746,0.44985718,1
4416,9169,0.34264547,1
4422,8154,0.48464713,1
4422,8695,0.6516117,1
4424,8207,0.4155295,1
4430,4675,0.9475487,1
5580,4430,0.9874999,1
7990,4430,0.3512525,1
4430,8027,0.40313286,1
8160,4430,0.5882454,1
8554,4430,0.394535,1
8756,4430,0.7297618,1
5645,4431,0.69172704,1
4431,6687,0.82385486,1
4431,6825,0.7741171,1
7741,4431,0.5565755,1
8315,4431,0.6178634,1
8609,4431,0.85406506,1
8611,4431,0.6063999,1
8742,4431,0.66023165,1
4431,8744,0.90522754,1
9321,4431,0.93190044,1
4431,9384,0.6063999,1
4445,4923,0.5249727,1
5905,4445,0.9781597,1
4445,6386,0.90015775,1
9139,4445,0.9260636,1
4445,9251,0.6193603,1
4449,5638,0.56886333,1
8176,4449,0.69419044,1
4456,4601,0.98060256,1
4606,4456,0.9827153,1
4456,5339,0.7813223,1
4456,5371,0.5943124,1
4456,5574,0.7334239,1
4456,5767,0.6119007,1
4456,5780,0.72171974,1
5837,4456,0.9361285,1
6440,4456,0.65350825,1
6549,4456,0.88162917,1
6588,4456,0.54008967,1
4456,7055,0.88359624,1
4456,7141,0.963811,1
4456,7356,0.963811,1
4456,7434,0.8215847,1
7849,4456,0.584406,1
4456,8442,0.9023405,1
4456,8444,0.72171974,1
4456,9338,0.43980613,1
9429,4456,0.9825288,1
5866,4476,0.89783585,1
4481,5076,0.37066033,1
6821,4481,0.6099744,1
6909,4481,0.5163459,1
4481,7022,0.8203653,1
7930,4481,0.6099744,1
8041,4481,0.47262606,1
7909,4484,0.68049437,1
9286,4484,0.5596327,1
7906,4486,0.6670437,1
4486,9288,0.9005517,1
4488,5240,0.96034163,1
4488,7734,0.62007016,1
4488,7735,0.5161098,1
5158,4490,0.91672367,1
5501,4490,0.88359624,1
4490,5651,0.89085126,1
4490,5779,0.89085126,1
6843,4490,0.9745857,1
4490,6860,0.8392817,1
8411,4490,0.88359624,1
8482,4490,0.44304752,1
4490,8514,0.47387,1
9310,4490,0.97008353,1
4795,4501,0.6269857,1
5325,4501,0.83093804,1
4501,5566,0.8732608,1
4501,5604,0.54648954,1
5676,4501,0.8801308,1
7623,4501,0.4722543,1
7811,4501,0.31779954,1
8612,4501,0.39922652,1
8683,4501,0.41154176,1
8774,4501,0.7170351,1
9175,4501,0.9010535,1
9232,4501,0.8142332,1
9276,4501,0.9012359,1
9385,4501,0.38309744,1
5083,4502,0.9601169,1
4502,5676,0.34272626,1
4502,9494,0.54256076,1
9319,4506,0.81878674,1
8510,4516,0.4297951,1
4524,6333,0.43374705,1
8027,4524,0.7213685,1
5723,4527,0.9336956,1
7827,4527,0.6568662,1
8586,4527,0.38829094,1
8779,4527,0.89980996,1
4527,8795,0.84084654,1
4527,9267,0.7382534,1
5224,4550,0.96494114,1
5486,4550,0.6833225,1
5769,4550,0.8653496,1
6064,4550,0.9743009,1
4550,6278,0.96742713,1
4550,6486,0.82839763,1
4550,7173,0.9579107,1
7279,4550,0.47779486,1
7466,4550,0.79603803,1
7509,4550,0.32360244,1
4550,7594,0.8300902,1
7765,4550,0.7117903,1
7925,4550,0.9321392,1
4550,7973,0.9949242,1
8198,4550,0.31156966,1
4550,8667,0.8478787,1
4550,9603,0.9626381,1
4866,4570,0.9809951,1
4570,5610,0.84912646,1
6649,4570,0.3879949,1
7591,4570,0.64178103,1
4570,9248,0.6271717,1
4573,8320,0.9251097,1
4573,8465,0.5544178,1
8837,4573,0.7500262,1
9191,4573,0.6590263,1
9305,4573,0.8595066,1
9355,4573,0.8659786,1
4953,4574,0.59551585,1
4574,5126,0.94275534,1
5234,4574,0.56004983,1
5291,4574,0.9365681,1
4574,5621,0.82800007,1
4574,6532,0.72218966,1
6694,4574,0.77362144,1
4574,6723,0.5584291,1
6918,4574,0.5482924,1
4574,7324,0.6374105,1
4574,8013,0.45118362,1
4574,8330,0.72218966,1
4574,8692,0.75174946,1
4574,8694,0.73644024,1
4574,8785,0.40296143,1
8997,4574,0.55415946,1
9307,4574,0.69816464,1
7704,4576,0.844611,1
7940,4576,0.5206141,1
4586,4593,0.6613857,1
6174,4591,0.64310384,1
4591,8421,0.8886917,1
4617,4592,0.30031973,1
4592,6324,0.6242325,1
4606,4601,0.966779,1
4601,5837,0.94074214,1
4601,7055,0.98060256,1
7141,4601,0.9893463,1
7356,4601,0.9893463,1
8442,4601,0.6513329,1
9429,4601,0.8560928,1
4606,5339,0.9412831,1
4606,5371,0.3405603,1
4606,5767,0.6044061,1
5780,4606,0.89029944,1
5837,4606,0.91572183,1
4606,6440,0.43068665,1
4606,6549,0.5318009,1
7055,4606,0.9827153,1
4606,7141,0.9895467,1
4606,7356,0.9895467,1
7434,4606,0.6951293,1
4606,8442,0.8612232,1
4606,8444,0.89029944,1
4606,9338,0.4004196,1
9429,4606,0.8158978,1
4616,5337,0.4050741,1
6321,4616,0.4657309,1
4616,8070,0.6606917,1
9233,4616,0.4601514,1
5805,4617,0.58687574,1
6334,4618,0.92941356,1
7614,4618,0.47087342,1
4618,7740,0.862375,1
4618,7776,0.8737638,1
4618,7794,0.49135667,1
7814,4618,0.8365483,1
4618,7817,0.5923327,1
9044,4618,0.75341094,1
4627,4629,0.42163658,1
5337,4627,0.30681252,1
4627,8070,0.5637214,1
4629,5337,0.86729795,1
4629,8070,0.45020816,1
4629,9233,0.35754618,1
4644,5999,0.738125,1
7917,4644,0.58549356,1
9625,4644,0.6979506,1
4664,6510,0.8389638,1
4664,6856,0.31234762,1
7676,4664,0.6757125,1
7793,4664,0.57387656,1
5580,4675,0.9677749,1
4675,7990,0.54938924,1
4675,8160,0.46644393,1
4675,8359,0.36082703,1
4675,8554,0.5664499,1
8756,4675,0.55861557,1
8888,4675,0.31566885,1
4680,8607,0.95789474,1
4682,7776,0.4235954,1
7814,4682,0.70430815,1
7817,4682,0.64487624,1
4682,9044,0.9439994,1
7875,4686,0.81013936,1
4694,5222,0.8974469,1
9244,4696,0.79007626,1
4705,5268,0.56009185,1
6949,4705,0.5575848,1
7813,4705,0.9360827,1
4705,8717,0.6467432,1
4723,4843,0.8940089,1
4723,5594,0.91754353,1
4740,4737,0.9676454,1
5675,4737,0.8024924,1
5675,4740,0.92796636,1
5800,4740,0.31319895,1
4740,7036,0.33488142,1
9593,4740,0.30486584,1
4748,5795,0.5193635,1
7284,4748,0.94564164,1
4748,7882,0.5320159,1
4748,7889,0.5810002,1
7958,4748,0.37999445,1
8696,4748,0.75767267,1
4748,8761,0.88981104,1
8769,4748,0.6050203,1
8800,4748,0.5652788,1
9388,4748,0.5740426,1
4749,5518,0.93225235,1
4749,8417,0.9023291,1
4751,6353,0.8864659,1
6654,4751,0.3518855,1
4792,5571,0.9565748,1
5657,4792,0.9565303,1
4792,5703,0.91174895,1
5704,4792,0.9565303,1
4792,6039,0.9151294,1
4792,7812,0.5155349,1
7856,4792,0.8226103,1
4792,7947,0.9242918,1
4792,8418,0.3362224,1
8663,4792,0.9652462,1
4795,5325,0.65086174,1
4795,5566,0.5627664,1
4795,5604,0.92080784,1
4795,5676,0.53963923,1
7623,4795,0.7475726,1
7811,4795,0.6866628,1
4795,8612,0.49462554,1
4795,8683,0.8094927,1
4795,8774,0.7339672,1
9175,4795,0.39286917,1
4795,9232,0.7772227,1
4795,9276,0.6918768,1
9292,4795,0.33846077,1
5766,4810,0.46450627,1
5977,4810,0.90163237,1
6144,4810,0.90163237,1
6843,4810,0.40051687,1
6860,4810,0.47803894,1
4810,7663,0.84901994,1
4810,7998,0.92474216,1
8273,4810,0.8138116,1
4810,8482,0.6208841,1
9658,4810,0.5621619,1
4814,5280,0.31961456,1
4814,5709,0.3102258,1
4814,5710,0.46490735,1
4814,6967,0.5687249,1
4814,7890,0.80324614,1
4814,8686,0.32424134,1
9292,4814,0.7643992,1
4822,5488,0.9632241,1
4822,6161,0.95787495,1
7606,4822,0.5122215,1
7972,4822,0.67537504,1
8593,4822,0.77568716,1
4822,8823,0.3241327,1
4829,9382,0.31647602,1
6389,4832,0.90305257,1
6866,4835,0.9710566,1
8131,4835,0.8577893,1
8323,4835,0.569617,1
8766,4835,0.8705809,1
8599,4837,0.9403498,1
4837,8768,0.6371999,1
4837,8910,0.5470227,1
4838,5625,0.8392985,1
6587,4838,0.93779856,1
7024,4838,0.6176242,1
7094,4838,0.8763421,1
4838,8542,0.80683243,1
8890,4838,0.81798077,1
4842,7880,0.5180905,1
8545,4842,0.8367648,1
4843,5594,0.9523876,1
4848,5366,0.9825967,1
7715,4848,0.37598097,1
7892,4848,0.3519968,1
8150,4848,0.46588832,1
8170,4848,0.40263283,1
8728,4848,0.77142316,1
6346,4850,0.9137485,1
7984,4850,0.90705705,1
8243,4850,0.91172814,1
8493,4854,0.68976694,1
4854,8612,0.3852644,1
4854,9175,0.34762776,1
4854,9385,0.36579585,1
5107,4863,0.9942572,1
6048,4863,0.87804,1
4863,6443,0.8436731,1
4863,8289,0.9734483,1
9055,4863,0.90979475,1
4863,9433,0.87671673,1
7894,4865,0.3866137,1
4865,8286,0.6407921,1
5610,4866,0.7832444,1
6649,4866,0.73072624,1
7591,4866,0.91954154,1
4871,5587,0.700093,1
6750,4871,0.39314905,1
4871,6912,0.733217,1
7577,4871,0.41629362,1
4871,8854,0.62208825,1
4875,5541,0.9433118,1
4875,7176,0.9433118,1
4889,8754,0.9889671,1
6583,4911,0.5110482,1
5905,4923,0.59079266,1
6386,4923,0.66997784,1
4923,9139,0.5614817,1
4923,9251,0.4071309,1
5636,4951,0.41094393,1
5656,4951,0.38911003,1
6254,4951,0.62950456,1
4951,6490,0.5417886,1
4951,6574,0.3281851,1
4951,6718,0.68183523,1
4951,6762,0.7708819,1
4951,7287,0.3472081,1
8163,4951,0.8214978,1
8737,4951,0.6347818,1
8765,4951,0.77312815,1
4951,8896,0.44780034,1
4951,9016,0.6821366,1
9341,4951,0.59423745,1
4953,5126,0.89212155,1
5234,4953,0.85846364,1
5291,4953,0.94480807,1
4953,5621,0.7419383,1
4953,6532,0.86467695,1
6723,4953,0.62204605,1
6918,4953,0.63934124,1
8013,4953,0.38224074,1
4953,8330,0.86467695,1
4953,8692,0.7813003,1
8694,4953,0.7361949,1
8785,4953,0.36631307,1
8997,4953,0.44432664,1
9307,4953,0.8174955,1
7724,4967,0.6776543,1
4976,5614,0.50873303,1
5873,4976,0.3055483,1
4976,6320,0.34747833,1
4976,9333,0.34505823,1
5997,4985,0.98722154,1
5005,5128,0.49847177,1
5757,5005,0.7095542,1
5803,5005,0.94990486,1
5005,5807,0.63606066,1
6352,5005,0.6739339,1
5005,7922,0.3200041,1
5005,8195,0.57315403,1
9273,5005,0.9460107,1
5010,6390,0.9397076,1
5010,8072,0.89923024,1
6371,5026,0.8072163,1
9169,5026,0.9057669,1
5136,5034,0.68637705,1
5241,5034,0.8570167,1
8649,5034,0.8850762,1
5117,5066,0.63537747,1
7439,5066,0.62810564,1
5066,7771,0.7245829,1
5066,7886,0.8914078,1
5066,8139,0.731972,1
5066,8842,0.41024703,1
5068,6123,0.5529524,1
7888,5068,0.43861893,1
5076,6477,0.58756226,1
6909,5076,0.80955225,1
5076,7022,0.7598538,1
5076,8041,0.70660114,1
8207,5076,0.71742284,1
6070,5079,0.89815235,1
6326,5079,0.9372965,1
5079,7665,0.4023358,1
9422,5079,0.8979794,1
5083,9494,0.32977286,1
5542,5093,0.42789778,1
6435,5093,0.89113754,1
5093,6809,0.797521,1
5093,7565,0.8440365,1
5093,7656,0.87177503,1
7987,5093,0.40607473,1
8117,5093,0.9350825,1
5093,9450,0.9728742,1
5094,6392,0.9220578,1
9100,5094,0.8077227,1
5098,7194,0.63614583,1
5098,8489,0.7079474,1
6562,5105,0.48339123,1
5105,6776,0.4093423,1
5105,8832,0.90504307,1
5107,6048,0.9153528,1
5107,6443,0.75878555,1
5107,8289,0.8867606,1
9055,5107,0.6137275,1
9433,5107,0.97416604,1
7439,5117,0.92999214,1
5117,7771,0.7553632,1
5117,7886,0.6760517,1
5117,8139,0.32702792,1
8842,5117,0.5614373,1
5126,5234,0.51819664,1
5291,5126,0.986935,1
5126,5516,0.32489568,1
5621,5126,0.7161485,1
6532,5126,0.85740465,1
5126,6694,0.40114754,1
5126,6723,0.77537316,1
6918,5126,0.67950636,1
5126,7324,0.40481257,1
8013,5126,0.53591406,1
8095,5126,0.4583546,1
5126,8330,0.85740465,1
5126,8692,0.82166904,1
8694,5126,0.7224323,1
8785,5126,0.7275984,1
5126,8997,0.6271042,1
9307,5126,0.71941084,1
5642,5128,0.6294608,1
5803,5128,0.3675619,1
6750,5128,0.44244328,1
8171,5128,0.4350777,1
5629,5130,0.5061929,1
7744,5130,0.53581315,1
5130,7992,0.41567582,1
5130,8868,0.4178915,1
5130,9469,0.33388844,1
5132,5535,0.6548827,1
5132,7583,0.5138975,1
7615,5132,0.6614699,1
8871,5132,0.893519,1
5136,5241,0.9209811,1
5136,8649,0.44169268,1
5138,5820,0.9650564,1
5843,5138,0.89618856,1
5138,5900,0.8609465,1
6042,5138,0.83864266,1
6093,5138,0.7004598,1
5138,6481,0.96215963,1
5138,6605,0.5159825,1
7122,5138,0.75716805,1
7751,5138,0.8602673,1
5138,7876,0.88148445,1
5138,8021,0.6712406,1
8031,5138,0.93246573,1
5138,8162,0.36194712,1
5138,8429,0.6977388,1
5138,8843,0.9318972,1
9138,5138,0.9496921,1
5138,9210,0.63343716,1
5138,9211,0.96697515,1
5138,9465,0.90289617,1
5138,9677,0.35517463,1
5148,5146,0.54140896,1
5158,5501,0.91672367,1
5158,5651,0.8998081,1
5158,5779,0.8998081,1
6843,5158,0.8716096,1
5158,6860,0.6677022,1
5158,8411,0.91672367,1
5158,8514,0.33600453,1
5158,9310,0.9102016,1
5162,5340,0.5720715,1
5232,5172,0.86971563,1
5172,5233,0.72497374,1
5172,5993,0.87911236,1
7995,5172,0.66058624,1
5172,8208,0.53270566,1
8705,5172,0.8040635,1
5173,5340,0.3851038,1
5225,5174,0.7336091,1
5746,5174,0.6433024,1
6104,5174,0.3036268,1
5174,6272,0.33260998,1
9077,5174,0.9166328,1
9257,5174,0.39579386,1
9266,5174,0.46756428,1
5174,9316,0.46324626,1
5174,9566,0.6639179,1
5179,5645,0.30782402,1
7742,5179,0.8872175,1
7952,5179,0.8929041,1
6056,5198,0.89685774,1
5198,6471,0.9937973,1
5198,6940,0.6927343,1
9057,5198,0.70738965,1
5865,5204,0.9662998,1
5996,5204,0.9662998,1
5204,6156,0.42219633,1
6259,5204,0.83315533,1
5204,6367,0.85099244,1
5204,6764,0.7879162,1
5204,7080,0.7879162,1
7105,5204,0.6520315,1
7429,5204,0.7879162,1
7624,5204,0.7879162,1
7659,5204,0.98991007,1
7699,5204,0.7388888,1
7710,5204,0.91747,1
5204,7730,0.8538469,1
5204,7733,0.3418314,1
7737,5204,0.9515282,1
5204,7761,0.79893917,1
8024,5204,0.6154981,1
8034,5204,0.43131694,1
8577,5204,0.6154981,1
5204,8948,0.98991007,1
9240,5204,0.7343081,1
5204,9264,0.8209246,1
9400,5204,0.78030705,1
5206,6118,0.63776827,1
7762,5206,0.8533546,1
8614,5206,0.903712,1
5224,5486,0.50341004,1
5769,5224,0.8258774,1
6064,5224,0.8478729,1
5224,6278,0.7999729,1
6486,5224,0.8932048,1
7173,5224,0.93758124,1
7279,5224,0.53067386,1
7458,5224,0.37687606,1
5224,7466,0.8923251,1
5224,7594,0.94205344,1
7689,5224,0.7805258,1
5224,7765,0.9404768,1
7925,5224,0.6431024,1
5224,7973,0.97090346,1
5224,8667,0.95379704,1
8983,5224,0.66529644,1
5224,9603,0.9060701,1
9794,5224,0.30022725,1
5486,5225,0.50004196,1
5225,5746,0.39029837,1
5225,6064,0.40387142,1
9566,5225,0.46906063,1
5233,5232,0.8739467,1
5993,5232,0.6578324,1
7995,5232,0.9071134,1
8208,5232,0.9802657,1
8705,5232,0.9511126,1
5233,5993,0.7952938,1
7995,5233,0.95342976,1
5233,8208,0.90641826,1
5233,8705,0.9428646,1
5234,5291,0.8635642,1
5621,5234,0.94107056,1
6532,5234,0.9518627,1
6694,5234,0.80943006,1
5234,6723,0.8054193,1
5234,6918,0.64752406,1
7768,5234,0.44322437,1
8013,5234,0.6547413,1
8330,5234,0.9518627,1
8692,5234,0.8623303,1
8694,5234,0.8658332,1
8785,5234,0.7340412,1
5234,8997,0.5000507,1
9307,5234,0.8750114,1
9327,5234,0.34150696,1
5234,9492,0.3330989,1
5240,7734,0.5553431,1
7735,5240,0.5752583,1
8649,5241,0.4190108,1
5625,5256,0.95966065,1
6587,5256,0.71087044,1
7094,5256,0.60783684,1
5256,7113,0.6404703,1
7413,5256,0.70293444,1
5256,7997,0.44604924,1
5256,8542,0.83545816,1
8890,5256,0.70937467,1
5266,8373,0.8725031,1
5266,9101,0.966651,1
6949,5268,0.46478203,1
7225,5268,0.3469812,1
7813,5268,0.796576,1
8738,5273,0.96907616,1
5273,8739,0.6990481,1
7810,5280,0.3012139,1
8992,5280,0.46656,1
9136,5280,0.32053843,1
5280,9231,0.62282336,1
9376,5280,0.5982139,1
5621,5291,0.42888433,1
6532,5291,0.93113756,1
5291,6694,0.38439783,1
6723,5291,0.54253286,1
6918,5291,0.702429,1
5291,7324,0.76024646,1
5291,7768,0.3434958,1
5291,8013,0.42781654,1
5291,8095,0.557835,1
5291,8330,0.93113756,1
8692,5291,0.4980976,1
8694,5291,0.52738124,1
8785,5291,0.7538491,1
8997,5291,0.71284455,1
5291,9307,0.92651206,1
9492,5291,0.35544762,1
5311,5640,0.89658433,1
6220,5311,0.98829496,1
5311,6436,0.89658433,1
6779,5311,0.7683571,1
6845,5311,0.40968466,1
7621,5311,0.5391056,1
8814,5311,0.46924898,1
8544,5313,0.92668474,1
5325,5566,0.96438086,1
5325,5604,0.67818666,1
5325,5676,0.91177905,1
5325,7623,0.78590155,1
5325,8612,0.5743003,1
8683,5325,0.7632197,1
5325,8774,0.6889198,1
9175,5325,0.8435741,1
5325,9232,0.8589105,1
5325,9276,0.7901415,1
5325,9385,0.7192333,1
6321,5337,0.68517977,1
8070,5337,0.6616764,1
9233,5337,0.4715189,1
5371,5339,0.830797,1
5574,5339,0.41687247,1
5767,5339,0.8528461,1
5780,5339,0.9520567,1
5837,5339,0.6262388,1
5339,5887,0.47018266,1
5339,6321,0.3512371,1
5339,6440,0.8743406,1
6549,5339,0.8411673,1
6588,5339,0.61782813,1
5339,7055,0.7813223,1
5339,7434,0.96989596,1
5339,7849,0.8799605,1
5339,7927,0.73767006,1
5339,8444,0.9520567,1
5339,9338,0.6348997,1
5339,9429,0.7477772,1
5889,5340,0.53017575,1
5340,6210,0.59463185,1
5346,7934,0.36010468,1
7715,5366,0.3250185,1
7892,5366,0.6172209,1
5366,8150,0.46443263,1
5366,8170,0.35686964,1
8728,5366,0.67779976,1
5574,5371,0.739752,1
5371,5767,0.8044625,1
5371,5780,0.5470016,1
5371,5837,0.4531566,1
5371,5887,0.5160466,1
6150,5371,0.62913007,1
6440,5371,0.8485896,1
6549,5371,0.8620567,1
5371,6588,0.54632044,1
7055,5371,0.5943124,1
7139,5371,0.82116014,1
7434,5371,0.7165224,1
5371,7603,0.32324868,1
5371,7849,0.7269189,1
7927,5371,0.7372109,1
5371,8069,0.56195027,1
8444,5371,0.5470016,1
8445,5371,0.8146529,1
8853,5371,0.42892635,1
9064,5371,0.6613295,1
9338,5371,0.740591,1
5371,9429,0.4082077,1
5382,6403,0.9280296,1
5392,6272,0.9882528,1
8856,5392,0.67401135,1
9077,5392,0.84497476,1
9261,5392,0.57329327,1
5392,9316,0.84821725,1
5394,6307,0.46300322,1
6333,5394,0.9869059,1
7714,5394,0.44495156,1
7970,5394,0.5681116,1
7990,5394,0.6289463,1
8027,5394,0.8339127,1
5394,8554,0.8368395,1
8888,5394,0.58616847,1
5403,5676,0.55004495,1
7890,5403,0.3618581,1
8683,5403,0.7106077,1
5403,8687,0.45678678,1
5403,9276,0.40277246,1
5403,9385,0.65141517,1
5445,9681,0.3079472,1
9796,5445,0.64779985,1
5769,5486,0.66753364,1
6064,5486,0.70503825,1
5486,6278,0.5481934,1
5486,6486,0.5514805,1
5486,7173,0.59087056,1
7458,5486,0.30957168,1
7466,5486,0.30044967,1
7509,5486,0.7763227,1
5486,7594,0.4634452,1
7765,5486,0.5197773,1
5486,7925,0.3703071,1
5486,7973,0.8707763,1
8198,5486,0.9368193,1
8667,5486,0.7434526,1
5486,9603,0.838383,1
5486,9794,0.3982723,1
6161,5488,0.9815279,1
5488,7606,0.8392938,1
7972,5488,0.9360117,1
8593,5488,0.70545214,1
5488,8823,0.5868,1
5491,5729,0.9214479,1
8352,5491,0.94493496,1
9387,5491,0.43091676,1
9458,5491,0.54180646,1
5499,5746,0.61197144,1
5499,8257,0.4620853,1
5499,9257,0.76857114,1
5499,9566,0.5099781,1
5651,5501,0.89085126,1
5779,5501,0.89085126,1
5501,6843,0.9745857,1
5501,6860,0.8392817,1
8411,5501,0.88359624,1
8482,5501,0.44304752,1
8514,5501,0.47387,1
9310,5501,0.97008353,1
5516,6918,0.42435187,1
7939,5516,0.5583688,1
5516,8689,0.8089686,1
5516,9307,0.44338226,1
9327,5516,0.3005759,1
5516,9492,0.59709436,1
8417,5518,0.9904767,1
5571,5521,0.43825197,1
5521,5657,0.561144,1
5703,5521,0.5209606,1
5521,5704,0.561144,1
6039,5521,0.43661383,1
7812,5521,0.59836406,1
5521,7856,0.50306326,1
5521,7860,0.44480845,1
5521,7947,0.6014191,1
6686,5528,0.8300974,1
5528,9335,0.35787484,1
6686,5531,0.34213385,1
7583,5535,0.36397478,1
5535,7587,0.3750079,1
5535,7615,0.9820217,1
5535,8871,0.37206268,1
5692,5537,0.82524264,1
7692,5537,0.4563381,1
7758,5537,0.5506842,1
8661,5537,0.64187557,1
5537,8701,0.43071416,1
5537,9262,0.6286266,1
7176,5541,0.88359624,1
5635,5542,0.51010185,1
5542,5823,0.32496795,1
5542,6435,0.58175033,1
5542,6809,0.46542847,1
7565,5542,0.6305457,1
5542,7656,0.3645436,1
7987,5542,0.7467693,1
8117,5542,0.32881865,1
5542,9450,0.3565487,1
9779,5542,0.5582589,1
5710,5554,0.68279994,1
6166,5554,0.75936705,1
7083,5554,0.41107762,1
5554,8687,0.62519455,1
5554,9292,0.43100837,1
5554,9486,0.8883134,1
6532,5556,0.33695602,1
5556,6918,0.37574258,1
5556,8095,0.32617462,1
8330,5556,0.33695602,1
5556,8997,0.3349898,1
9492,5556,0.31103808,1
6528,5562,0.792055,1
5562,6568,0.5984513,1
5562,6569,0.56026804,1
6924,5562,0.8032807,1
7364,5562,0.5952891,1
7600,5562,0.9456287,1
5562,7727,0.5436922,1
5562,7745,0.6364597,1
7792,5562,0.42794514,1
5562,7805,0.79461926,1
5562,7904,0.8207991,1
5562,8066,0.33238187,1
8313,5562,0.4928686,1
5562,8576,0.6499899,1
5562,8682,0.8874282,1
9489,5562,0.4983795,1
5562,9791,0.83066463,1
5566,5604,0.74186015,1
5566,5676,0.6934866,1
7623,5566,0.79276854,1
8612,5566,0.64400995,1
5566,8683,0.776752,1
8774,5566,0.8074135,1
5566,9175,0.9415111,1
5566,9232,0.81002474,1
5566,9276,0.9284345,1
9385,5566,0.57831824,1
6512,5569,0.43087867,1
6752,5569,0.72212225,1
5569,7996,0.9568861,1
8671,5569,0.95324016,1
8831,5569,0.6714743,1
5571,5657,0.9242965,1
5571,5703,0.9535155,1
5571,5704,0.9242965,1
5571,6039,0.8807557,1
5571,7812,0.6439273,1
7856,5571,0.8250329,1
5571,7947,0.7193292,1
5571,8418,0.38753688,1
5571,8663,0.78787655,1
5767,5574,0.7093291,1
5780,5574,0.8249044,1
5837,5574,0.38867128,1
5887,5574,0.49769467,1
5574,6150,0.6164327,1
5574,6440,0.86324763,1
6549,5574,0.8389012,1
5574,6588,0.73648113,1
5574,7055,0.7334239,1
5574,7139,0.56107354,1
5574,7162,0.3452168,1
5574,7434,0.61094177,1
5574,7849,0.9497512,1
5574,7927,0.54364413,1
5574,8069,0.4017786,1
8444,5574,0.8249044,1
5574,8445,0.5512712,1
8609,5574,0.4799848,1
5574,8853,0.73933494,1
9064,5574,0.32886446,1
5574,9338,0.6738526,1
5580,6333,0.3010102,1
7990,5580,0.59181124,1
8160,5580,0.5265571,1
8244,5580,0.35652554,1
5580,8554,0.57517904,1
8756,5580,0.8226046,1
8888,5580,0.41318145,1
5636,5583,0.34034023,1
5860,5583,0.93073446,1
5583,6892,0.91021866,1
7098,5583,0.8561922,1
5583,7287,0.7914683,1
7422,5583,0.8697645,1
5583,8163,0.37459353,1
9016,5583,0.730766,1
5583,9315,0.9643017,1
5587,6912,0.9674404,1
7577,5587,0.87794554,1
5587,8242,0.31190524,1
8854,5587,0.79289824,1
5591,5655,0.470396,1
5592,5654,0.88815886,1
5592,5936,0.3616991,1
5938,5592,0.31061777,1
5592,6104,0.9228246,1
6245,5598,0.4419863,1
6472,5598,0.9664275,1
6519,5598,0.6022836,1
5598,8062,0.3996363,1
5598,8063,0.5002726,1
5598,8064,0.8512775,1
5598,8354,0.46229872,1
8575,5598,0.93571144,1
5598,9039,0.6543621,1
5598,9040,0.3405888,1
5598,9041,0.7277702,1
9792,5598,0.770721,1
7578,5599,0.45157486,1
5599,7593,0.3196805,1
9017,5599,0.5311887,1
5676,5604,0.7733741,1
7623,5604,0.6331788,1
7811,5604,0.57210803,1
5604,8612,0.96796745,1
8683,5604,0.9309118,1
5604,8774,0.96795815,1
5604,9175,0.73918146,1
9232,5604,0.48675296,1
5604,9276,0.70954174,1
5604,9292,0.45245042,1
5604,9385,0.9399386,1
6649,5610,0.3665184,1
5610,7591,0.5885449,1
9248,5610,0.4527976,1
5613,9530,0.9599361,1
5614,5873,0.3082341,1
6320,5614,0.5133428,1
9333,5614,0.41521513,1
5614,9646,0.3588653,1
5621,6532,0.6844844,1
6694,5621,0.51970094,1
7324,5621,0.88401,1
5621,7768,0.33793917,1
8013,5621,0.4324009,1
8095,5621,0.55420345,1
8330,5621,0.6844844,1
8689,5621,0.54142106,1
5621,8694,0.35004422,1
8785,5621,0.61255807,1
8997,5621,0.7672932,1
9307,5621,0.6662922,1
9327,5621,0.4523178,1
6587,5625,0.7059916,1
7094,5625,0.66307956,1
7113,5625,0.7011805,1
8542,5625,0.81153935,1
8890,5625,0.91151345,1
7611,5627,0.9943145,1
5627,9330,0.53811735,1
5627,9331,0.6172726,1
5627,9332,0.6326418,1
7744,5629,0.50882846,1
5629,7992,0.52094495,1
8868,5629,0.47854343,1
9469,5629,0.91406375,1
5634,8741,0.64799446,1
5635,6809,0.35380304,1
5656,5636,0.55209166,1
5636,5860,0.38511568,1
6892,5636,0.7519961,1
5636,7098,0.4870064,1
5636,7287,0.622897,1
5636,7422,0.45211115,1
5636,8163,0.34258994,1
5636,8896,0.3219338,1
5636,9016,0.42937666,1
5636,9315,0.33502793,1
5640,6220,0.951566,1
6436,5640,0.88359624,1
6779,5640,0.7739725,1
5640,6845,0.4317774,1
7621,5640,0.7402687,1
8814,5640,0.4332769,1
8151,5642,0.49486554,1
5642,8171,0.38708323,1
8338,5642,0.3609721,1
9373,5642,0.97519046,1
5642,9383,0.9210529,1
5645,6687,0.41896665,1
6825,5645,0.60000324,1
7741,5645,0.35758898,1
7952,5645,0.38190737,1
8315,5645,0.44929323,1
5645,8504,0.32126325,1
5645,8609,0.5044559,1
5645,8611,0.96675515,1
5645,8742,0.8521973,1
8744,5645,0.5867515,1
5645,9321,0.59326446,1
5645,9384,0.92700285,1
5779,5651,0.88359624,1
5651,6843,0.95806223,1
5651,6860,0.89524305,1
8411,5651,0.89085126,1
8514,5651,0.44431585,1
9310,5651,0.9257145,1
5655,5654,0.36288768,1
5936,5654,0.3751123,1
5654,5938,0.3340864,1
6104,5654,0.4611909,1
9206,5654,0.31682593,1
5654,9566,0.3183235,1
5938,5655,0.35768154,1
5655,6104,0.39279726,1
5655,6538,0.3243619,1
8163,5656,0.77976954,1
5656,8896,0.38861725,1
5703,5657,0.9745657,1
5657,5704,0.88359624,1
6039,5657,0.9281302,1
7812,5657,0.52940977,1
7856,5657,0.68151873,1
7860,5657,0.36184123,1
5657,7947,0.87073237,1
5657,8418,0.49993408,1
8663,5657,0.9555909,1
6789,5659,0.78549534,1
5659,7278,0.751128,1
8057,5659,0.52465945,1
5659,8361,0.7093893,1
8876,5659,0.96812785,1
9260,5659,0.46138546,1
6178,5661,0.9332194,1
6141,5670,0.9588424,1
5670,6385,0.7765835,1
5670,9089,0.96729505,1
5671,7007,0.36468902,1
5800,5675,0.7737299,1
6904,5675,0.5689746,1
5675,6944,0.4060496,1
7036,5675,0.80949473,1
5675,7789,0.48761445,1
5675,7791,0.42755052,1
5675,8809,0.3492369,1
5675,9593,0.79790515,1
5676,7623,0.6189979,1
7811,5676,0.35086134,1
8612,5676,0.57423836,1
5676,8683,0.8529428,1
8774,5676,0.6809851,1
5676,9175,0.63751704,1
9232,5676,0.67706746,1
5676,9276,0.91064066,1
5676,9385,0.4997425,1
9735,5677,0.43517303,1
5678,9441,0.83927256,1
7692,5692,0.5279823,1
7758,5692,0.5499764,1
5692,8661,0.5241511,1
8701,5692,0.6123423,1
5692,9262,0.6597872,1
5695,8358,0.58158416,1
5703,5704,0.9745657,1
6039,5703,0.937983,1
7856,5703,0.85899276,1
7947,5703,0.7500156,1
5703,8663,0.71381074,1
6039,5704,0.9281302,1
5704,7812,0.52940977,1
5704,7856,0.68151873,1
5704,7860,0.36184123,1
7947,5704,0.87073237,1
8418,5704,0.49993408,1
8663,5704,0.9555909,1
5706,7916,0.4538524,1
8558,5709,0.69009167,1
5709,9175,0.40268266,1
5710,6166,0.44279683,1
7890,5710,0.38751468,1
8687,5710,0.40412584,1
5710,8992,0.4070818,1
5710,9486,0.6017046,1
5715,5716,0.38367945,1
8253,5715,0.95205605,1
5715,8500,0.48096016,1
5715,8788,0.833167,1
5715,9141,0.93313557,1
5715,9201,0.742924,1
9351,5715,0.63493663,1
5715,9353,0.41967726,1
9354,5715,0.44927898,1
5716,8253,0.5036297,1
5716,8500,0.34377995,1
8516,5716,0.4896592,1
5716,9141,0.3026997,1
5716,9201,0.30878416,1
9353,5716,0.8568151,1
7827,5723,0.4563375,1
5723,8586,0.3256973,1
5723,8779,0.82475936,1
5723,8795,0.76035035,1
9267,5723,0.72631925,1
8352,5729,0.8554612,1
5729,9387,0.65737087,1
5729,9458,0.49180987,1
5732,6658,0.6423177,1
5732,6847,0.8666483,1
5732,7674,0.9271008,1
5732,7675,0.9274059,1
7721,5732,0.680465,1
7732,5732,0.37080568,1
5732,7858,0.87251925,1
5732,7867,0.7626443,1
5732,7948,0.7283003,1
5732,8135,0.50051546,1
8584,5732,0.9435074,1
9467,5732,0.83341223,1
8371,5739,0.61555547,1
5739,8872,0.79421437,1
5739,8884,0.857636,1
5739,8940,0.50696445,1
5739,8941,0.72875243,1
5746,8257,0.35001004,1
5746,9257,0.8237688,1
5803,5757,0.8325442,1
5757,5807,0.3873791,1
5757,9273,0.45782378,1
6135,5764,0.90435225,1
5764,9399,0.8339877,1
5977,5766,0.68003297,1
5766,6144,0.68003297,1
5766,7663,0.8672647,1
7998,5766,0.7566258,1
5766,8273,0.872982,1
5766,8482,0.42763135,1
5766,9658,0.98404366,1
5780,5767,0.74747497,1
5767,5887,0.92573327,1
5767,6150,0.9367487,1
5767,6440,0.9715366,1
6549,5767,0.9640052,1
5767,6588,0.651493,1
7055,5767,0.6119007,1
7139,5767,0.9390288,1
7434,5767,0.6145489,1
7603,5767,0.51098317,1
7849,5767,0.85041183,1
7927,5767,0.7952145,1
5767,8069,0.6355508,1
5767,8444,0.74747497,1
8445,5767,0.783515,1
5767,8609,0.41590157,1
5767,8853,0.60877097,1
5767,9064,0.82751393,1
5767,9338,0.71357405,1
9429,5767,0.7909875,1
6064,5769,0.9256946,1
6278,5769,0.958137,1
5769,6486,0.5946608,1
5769,7173,0.9815279,1
5769,7279,0.34546933,1
7458,5769,0.6333527,1
7466,5769,0.614884,1
5769,7509,0.3691528,1
5769,7594,0.89068127,1
5769,7765,0.46041527,1
5769,7925,0.7845864,1
7973,5769,0.9334617,1
5769,8198,0.31788945,1
5769,8667,0.9431613,1
9603,5769,0.8919489,1
5769,9794,0.49305522,1
5771,5774,0.9575614,1
5771,6411,0.88359624,1
8644,5771,0.96773034,1
8798,5771,0.82137096,1
5771,8855,0.35057786,1
9432,5771,0.82137096,1
5772,6233,0.9897855,1
5772,6423,0.97808194,1
5772,6565,0.64514124,1
5772,6709,0.6683233,1
5772,6863,0.8591447,1
5772,7579,0.9674965,1
7673,5772,0.7221083,1
7857,5772,0.68176395,1
5772,7883,0.63538617,1
7943,5772,0.5707387,1
8078,5772,0.5002854,1
5772,8082,0.5835701,1
8645,5772,0.31912857,1
5772,9300,0.7432279,1
5865,5773,0.5055506,1
5773,5996,0.5055506,1
5773,6156,0.30915552,1
6764,5773,0.8203469,1
7080,5773,0.8203469,1
7429,5773,0.8203469,1
5773,7624,0.8203469,1
5773,7659,0.5444735,1
8024,5773,0.3498026,1
8034,5773,0.75764096,1
5773,8577,0.3498026,1
8948,5773,0.5444735,1
6411,5774,0.9575614,1
8644,5774,0.8411887,1
5774,8798,0.74026763,1
9432,5774,0.74026763,1
5777,9099,0.8645299,1
5779,6843,0.95806223,1
6860,5779,0.89524305,1
8411,5779,0.89085126,1
5779,8514,0.44431585,1
5779,9310,0.9257145,1
5837,5780,0.70835406,1
5887,5780,0.54962295,1
5780,6150,0.52120703,1
5780,6440,0.6357819,1
5780,6549,0.8303348,1
5780,6588,0.8886787,1
7055,5780,0.72171974,1
5780,7434,0.9659889,1
5780,7849,0.8544006,1
5780,7927,0.7908355,1
5780,8444,0.88359624,1
9338,5780,0.40955457,1
9429,5780,0.5785334,1
5795,7284,0.9322692,1
5795,7882,0.6155023,1
5795,7889,0.77892435,1
5795,7958,0.3818106,1
5795,8696,0.8300025,1
5795,8761,0.87227356,1
5795,8769,0.5742217,1
8800,5795,0.7257724,1
9388,5795,0.5798212,1
5800,6944,0.44949904,1
5800,9480,0.3470369,1
9593,5800,0.69818133,1
5802,8484,0.8787739,1
9272,5802,0.85429525,1
5807,5803,0.74499375,1
5803,6352,0.7160859,1
5803,9273,0.9171874,1
6056,5805,0.4033554,1
5805,9057,0.7632241,1
6140,5807,0.94736785,1
6352,5807,0.8214209,1
5807,8195,0.7162387,1
9273,5807,0.6017243,1
5811,7078,0.9501927,1
5818,6060,0.98202777,1
5818,6530,0.32835907,1
6570,5818,0.8071565,1
6851,5818,0.7089228,1
5818,7090,0.9269886,1
5818,7180,0.91145885,1
7671,5818,0.41299516,1
7910,5818,0.32900077,1
5818,8684,0.7136559,1
9074,5818,0.81278914,1
5820,5843,0.83840746,1
5900,5820,0.952117,1
5820,6042,0.68881977,1
6093,5820,0.46442974,1
6481,5820,0.9570619,1
6605,5820,0.54817957,1
5820,7122,0.38980597,1
5820,7751,0.8373258,1
7876,5820,0.87109506,1
5820,8021,0.472733,1
8031,5820,0.79225796,1
5820,8429,0.60713184,1
8843,5820,0.8823559,1
9138,5820,0.8045969,1
5820,9210,0.777799,1
9211,5820,0.926345,1
9465,5820,0.46164933,1
9659,5820,0.4588364,1
9677,5820,0.3859295,1
5823,7987,0.30493382,1
5823,9561,0.9883426,1
5837,6440,0.6176111,1
5837,6549,0.7883495,1
7055,5837,0.9361285,1
7141,5837,0.9121683,1
7356,5837,0.9121683,1
7434,5837,0.47492102,1
5837,8442,0.93209344,1
8444,5837,0.70835406,1
9429,5837,0.7963673,1
5839,6563,0.8812056,1
7038,5839,0.7476222,1
8301,5839,0.3720358,1
5840,6276,0.8731867,1
5900,5843,0.93114036,1
6042,5843,0.3781323,1
6093,5843,0.96371025,1
5843,6481,0.6771526,1
6605,5843,0.44882324,1
7751,5843,0.90759486,1
5843,7876,0.7249428,1
8021,5843,0.3973304,1
5843,8031,0.3264123,1
8162,5843,0.8603795,1
8843,5843,0.54797435,1
5843,9138,0.6129166,1
5843,9211,0.6350661,1
5843,9465,0.9580786,1
9659,5843,0.41705477,1
6892,5860,0.7468623,1
5860,7098,0.8551613,1
7287,5860,0.7708904,1
5860,7422,0.9624158,1
9016,5860,0.8341151,1
5860,9315,0.90450275,1
5864,6634,0.54246324,1
6712,5864,0.51731426,1
5864,6927,0.9320974,1
5864,7840,0.5716454,1
7960,5864,0.32106996,1
8410,5864,0.7609812,1
5864,8587,0.6669474,1
5865,5996,0.88359624,1
5865,6156,0.67586774,1
5865,6259,0.8975029,1
6367,5865,0.7203087,1
6764,5865,0.8517927,1
5865,7080,0.8517927,1
7105,5865,0.39335993,1
7112,5865,0.37810764,1
5865,7429,0.8517927,1
5865,7624,0.8517927,1
5865,7659,0.92560846,1
5865,7699,0.78064555,1
5865,7710,0.8298987,1
5865,7730,0.5710454,1
7733,5865,0.32830307,1
5865,7737,0.7294693,1
7761,5865,0.64167804,1
8024,5865,0.64991623,1
8034,5865,0.80934334,1
5865,8577,0.64991623,1
5865,8948,0.92560846,1
9240,5865,0.8471609,1
9264,5865,0.55242985,1
5865,9400,0.6575412,1
6320,5873,0.81544036,1
9646,5873,0.90695685,1
9768,5881,0.66583407,1
5887,6150,0.6229399,1
6440,5887,0.8621288,1
5887,6549,0.96175206,1
6588,5887,0.4886616,1
5887,7139,0.51826006,1
7603,5887,0.6548903,1
5887,7849,0.54700464,1
5887,8069,0.45068195,1
8444,5887,0.54962295,1
5887,8445,0.66632646,1
5887,8609,0.41557276,1
8853,5887,0.31697965,1
9338,5887,0.704297,1
5889,6210,0.93627894,1
5889,9721,0.46353552,1
6451,5894,0.8926902,1
5894,9726,0.96475893,1
6042,5900,0.31991285,1
5900,6093,0.86667615,1
5900,6481,0.77036417,1
6605,5900,0.5748662,1
7751,5900,0.8923144,1
5900,7876,0.81136715,1
5900,8021,0.7327426,1
8031,5900,0.57237417,1
5900,8162,0.674081,1
5900,8843,0.70977235,1
9138,5900,0.8296177,1
5900,9210,0.3824791,1
5900,9211,0.8182517,1
9465,5900,0.9712119,1
5900,9677,0.35702312,1
6386,5905,0.94808364,1
5905,9139,0.9090776,1
5905,9251,0.4429411,1
5938,5936,0.99382484,1
6104,5936,0.34094325,1
6104,5938,0.32224187,1
9083,5945,0.6958026,1
6144,5977,0.88359624,1
5977,7663,0.9245166,1
5977,7998,0.98833966,1
5977,8273,0.8478729,1
5977,8482,0.39883316,1
9658,5977,0.8717077,1
5993,7995,0.85643053,1
5993,8208,0.6032918,1
8705,5993,0.6127454,1
6156,5996,0.67586774,1
5996,6259,0.8975029,1
6367,5996,0.7203087,1
5996,6764,0.8517927,1
5996,7080,0.8517927,1
7105,5996,0.39335993,1
7112,5996,0.37810764,1
5996,7429,0.8517927,1
5996,7624,0.8517927,1
5996,7659,0.92560846,1
5996,7699,0.78064555,1
7710,5996,0.8298987,1
5996,7730,0.5710454,1
7733,5996,0.32830307,1
7737,5996,0.7294693,1
7761,5996,0.64167804,1
8024,5996,0.64991623,1
8034,5996,0.80934334,1
5996,8577,0.64991623,1
8948,5996,0.92560846,1
9240,5996,0.8471609,1
5996,9264,0.55242985,1
5996,9400,0.6575412,1
5999,7917,0.46376443,1
5999,9625,0.513217,1
6763,6003,0.98756915,1
6003,8377,0.5130231,1
8799,6003,0.76590395,1
6003,9487,0.5067167,1
9266,6024,0.6720879,1
6026,6957,0.46509656,1
6026,8004,0.69860786,1
6026,9237,0.97043544,1
6039,7812,0.6890894,1
6039,7856,0.8682923,1
6039,7947,0.8423963,1
6039,8418,0.39019695,1
8663,6039,0.9285896,1
6093,6042,0.7358004,1
6042,6481,0.85218114,1
6605,6042,0.39102042,1
7122,6042,0.4680045,1
7751,6042,0.5915205,1
7876,6042,0.80528826,1
6042,8021,0.8721297,1
6042,8031,0.8465655,1
8429,6042,0.5648638,1
8843,6042,0.974141,1
6042,9138,0.9517543,1
9210,6042,0.65702015,1
6042,9211,0.932606,1
9465,6042,0.6608302,1
9677,6042,0.5693052,1
6186,6047,0.76843935,1
6443,6048,0.8743265,1
6048,8289,0.8787983,1
8429,6048,0.31923535,1
9055,6048,0.6886062,1
6048,9433,0.77757406,1
6056,6471,0.9875279,1
6940,6056,0.6064892,1
9057,6056,0.57161206,1
8000,6059,0.4221594,1
6059,9041,0.30109072,1
6060,6530,0.4788102,1
6570,6060,0.84283274,1
6851,6060,0.7082464,1
7090,6060,0.9583793,1
7180,6060,0.9586151,1
6060,7671,0.58759964,1
7910,6060,0.4515705,1
8684,6060,0.79063416,1
9074,6060,0.9363834,1
6278,6064,0.8925406,1
6064,6486,0.9129677,1
7173,6064,0.96037704,1
7279,6064,0.39133,1
6064,7466,0.75080186,1
7594,6064,0.90162235,1
6064,7689,0.8324242,1
7765,6064,0.67644775,1
7925,6064,0.77550715,1
7973,6064,0.97409564,1
6064,8198,0.4124445,1
6064,8667,0.8068302,1
8983,6064,0.6373816,1
6064,9603,0.9339901,1
9794,6064,0.33740675,1
6326,6070,0.83019364,1
6070,7665,0.75252634,1
8350,6070,0.68900764,1
6070,9422,0.9077312,1
6076,6449,0.88359624,1
6093,6481,0.47514614,1
6605,6093,0.50214374,1
7751,6093,0.89411765,1
7876,6093,0.61111355,1
6093,8021,0.6303106,1
8162,6093,0.753368,1
6093,8843,0.5122762,1
6093,9138,0.541711,1
6093,9211,0.6017677,1
9465,6093,0.9051042,1
9659,6093,0.33492747,1
6093,9677,0.56639737,1
9566,6104,0.3451609,1
6118,7082,0.784163,1
6123,7440,0.32291484,1
6123,7888,0.50838226,1
6135,9399,0.9220578,1
6352,6140,0.69504434,1
6140,8195,0.93248177,1
6141,6385,0.48193505,1
6141,9089,0.96349275,1
6144,7663,0.9245166,1
6144,7998,0.98833966,1
6144,8273,0.8478729,1
8482,6144,0.39883316,1
9658,6144,0.8717077,1
6150,6440,0.7212571,1
6150,6549,0.6693167,1
6588,6150,0.34460694,1
7139,6150,0.84903175,1
7603,6150,0.39449677,1
6150,7849,0.66733724,1
8069,6150,0.8477532,1
6150,8444,0.52120703,1
6150,8445,0.8935584,1
8609,6150,0.33924475,1
8853,6150,0.608744,1
6150,9064,0.9005698,1
9338,6150,0.72506595,1
6259,6156,0.72670287,1
6156,6367,0.8490901,1
6764,6156,0.6622457,1
6156,7080,0.6622457,1
6156,7105,0.43784294,1
6156,7429,0.6622457,1
7624,6156,0.6622457,1
6156,7659,0.81745803,1
7699,6156,0.81689644,1
7710,6156,0.8480549,1
6156,7730,0.90990394,1
7737,6156,0.7439096,1
6156,7761,0.8635089,1
8948,6156,0.81745803,1
6156,9240,0.9165019,1
6156,9264,0.4601412,1
6156,9400,0.5377226,1
6161,7606,0.4075826,1
7972,6161,0.9600166,1
6161,8593,0.687574,1
6161,8823,0.5924665,1
6166,8686,0.37441996,1
8687,6166,0.37598363,1
9486,6166,0.36067334,1
6174,8312,0.49700752,1
6174,8314,0.6987536,1
6174,8421,0.8529285,1
6196,7872,0.79091126,1
6196,9460,0.8572335,1
9461,6196,0.7242256,1
6206,6667,0.5521269,1
7226,6206,0.5943875,1
6206,9708,0.9903172,1
9721,6210,0.50456446,1
6436,6220,0.951566,1
6779,6220,0.5769253,1
6845,6220,0.3458468,1
6220,7621,0.74678904,1
6220,8814,0.3764396,1
8392,6231,0.81556374,1
6233,6423,0.94475394,1
6233,6565,0.6358276,1
6233,6709,0.3963586,1
6863,6233,0.72155106,1
7579,6233,0.97073317,1
6233,7673,0.48185068,1
7857,6233,0.6132599,1
6233,7883,0.6645514,1
6233,7943,0.5610372,1
6233,8078,0.30923605,1
6233,8082,0.53880817,1
6233,9300,0.61592954,1
6245,8065,0.5966964,1
6254,6490,0.91754353,1
6574,6254,0.6040997,1
6718,6254,0.5373463,1
6762,6254,0.8722678,1
8163,6254,0.7855601,1
8737,6254,0.9335974,1
8765,6254,0.42837322,1
6254,8861,0.85313225,1
8896,6254,0.4376842,1
9341,6254,0.8995834,1
6367,6259,0.90036875,1
6259,6764,0.7009951,1
6808,6259,0.8936184,1
6259,7105,0.41659167,1
7112,6259,0.5722962,1
7659,6259,0.8858722,1
7699,6259,0.8452741,1
6259,7710,0.77545935,1
7730,6259,0.66471934,1
6259,7737,0.4232218,1
6259,7761,0.4104213,1
6259,8024,0.47961456,1
6259,8034,0.4190855,1
6259,8577,0.47961456,1
6259,8948,0.8858722,1
9240,6259,0.7236207,1
9264,6259,0.4631456,1
6259,9400,0.32394445,1
8856,6272,0.7508802,1
9077,6272,0.74303806,1
9261,6272,0.49984163,1
9316,6272,0.65901047,1
6272,9566,0.32279855,1
6277,9600,0.9239358,1
6486,6278,0.9555392,1
7173,6278,0.9633938,1
7279,6278,0.5142234,1
7458,6278,0.36662304,1
7466,6278,0.866748,1
6278,7509,0.39637366,1
6278,7594,0.89658433,1
6278,7603,0.37068266,1
6278,7689,0.8769527,1
6278,7765,0.45399627,1
7925,6278,0.798291,1
6278,7973,0.9929652,1
6278,8667,0.7901177,1
6278,8983,0.78821653,1
6278,9603,0.9551909,1
6278,9794,0.3492802,1
7823,6280,0.75779957,1
6296,6299,0.9338267,1
6296,9562,0.31027323,1
9562,6299,0.34723362,1
6307,6333,0.4660575,1
6307,7714,0.40088344,1
6307,7990,0.6228337,1
8027,6307,0.64530337,1
6307,8554,0.4753701,1
8888,6307,0.74126196,1
6623,6315,0.4460524,1
7146,6315,0.4764778,1
7148,6315,0.5547297,1
6315,7664,0.84810466,1
6315,8513,0.5446162,1
6320,6905,0.57967067,1
6320,7166,0.7578624,1
6320,8513,0.56950366,1
6320,9646,0.40976712,1
9756,6320,0.39473766,1
6321,8070,0.80266494,1
9233,6321,0.34612066,1
9368,6324,0.4729069,1
6326,7665,0.5951932,1
6326,9422,0.89349174,1
6333,7714,0.41183987,1
6333,7970,0.37988767,1
6333,7990,0.5697661,1
6333,8027,0.8141061,1
8554,6333,0.84814376,1
6333,8756,0.31952322,1
6333,8888,0.7472244,1
6334,7740,0.800205,1
7776,6334,0.82880926,1
6334,7814,0.87347084,1
7817,6334,0.6522286,1
6334,8111,0.57032096,1
9044,6334,0.70669997,1
7984,6346,0.82230145,1
6346,8243,0.93958783,1
8195,6352,0.77177465,1
6353,6654,0.8065218,1
6353,6772,0.38116124,1
6367,6764,0.8690805,1
7080,6367,0.8690805,1
7105,6367,0.33093616,1
7112,6367,0.46720272,1
6367,7429,0.8690805,1
6367,7624,0.8690805,1
7659,6367,0.8480676,1
6367,7699,0.82049364,1
6367,7710,0.7961393,1
6367,7730,0.62482166,1
7737,6367,0.66820437,1
7761,6367,0.60717726,1
8024,6367,0.46599293,1
6367,8034,0.70666164,1
6367,8577,0.46599293,1
6367,8948,0.8480676,1
6367,9240,0.7838015,1
9264,6367,0.7453618,1
9400,6367,0.40220916,1
6371,9169,0.96501786,1
7613,6373,0.9647508,1
7785,6373,0.8120875,1
7900,6373,0.81677204,1
8259,6377,0.922253,1
6385,9089,0.7734091,1
9139,6386,0.9869206,1
6386,9251,0.9792652,1
6389,7866,0.7507462,1
8356,6389,0.6547517,1
6390,8072,0.7940352,1
6392,9100,0.9456656,1
6468,6402,0.50242615,1
6738,6402,0.35129604,1
6402,6979,0.45123327,1
6407,8802,0.7900019,1
9343,6407,0.98951995,1
8644,6411,0.96773034,1
8798,6411,0.82137096,1
6411,8855,0.35057786,1
6411,9432,0.82137096,1
6423,6565,0.49905977,1
6423,6709,0.87892896,1
6423,6863,0.8105405,1
6423,7579,0.9739005,1
7673,6423,0.7941929,1
6423,7857,0.65456104,1
7883,6423,0.7960523,1
6423,7943,0.6527815,1
6423,8078,0.5398386,1
8082,6423,0.83601385,1
6423,9300,0.6057704,1
6435,6809,0.8977766,1
6435,7565,0.9807632,1
7656,6435,0.7735894,1
6435,7987,0.52037036,1
6435,8117,0.83977795,1
9450,6435,0.9840397,1
9779,6435,0.33902872,1
6436,6779,0.7739725,1
6845,6436,0.4317774,1
7621,6436,0.7402687,1
8814,6436,0.4332769,1
6549,6440,0.72736794,1
6440,6588,0.6251259,1
7055,6440,0.65350825,1
6440,7139,0.9344551,1
6440,7434,0.8471253,1
6440,7849,0.885758,1
7927,6440,0.61677015,1
8069,6440,0.9137953,1
8444,6440,0.6357819,1
8445,6440,0.96138126,1
8853,6440,0.7353647,1
9064,6440,0.8945554,1
6440,9338,0.8489138,1
9429,6440,0.5657123,1
6443,8289,0.9737007,1
6443,8429,0.46306413,1
9055,6443,0.7383339,1
6443,9433,0.9361907,1
6451,9726,0.8888746,1
6459,7945,0.7201391,1
6690,6468,0.88743687,1
6738,6468,0.9817426,1
6468,6979,0.76540923,1
8095,6468,0.4357714,1
9374,6468,0.40802547,1
6940,6471,0.6920971,1
9057,6471,0.52032137,1
6519,6472,0.61386293,1
6472,7670,0.50301695,1
6472,8064,0.802278,1
8354,6472,0.30368483,1
6472,8369,0.38344276,1
6472,8575,0.7950283,1
6472,9039,0.70889264,1
9040,6472,0.31747532,1
6472,9041,0.7739848,1
6477,6475,0.5382381,1
6475,6487,0.35925978,1
6475,6511,0.47929218,1
6475,6602,0.40655693,1
6783,6475,0.33668286,1
6784,6475,0.3924816,1
6475,7392,0.37753516,1
6476,6487,0.3403133,1
6476,6511,0.62724125,1
6476,6538,0.56357056,1
6476,6586,0.4511795,1
6602,6476,0.32285956,1
6476,7007,0.5073721,1
6476,7021,0.80886394,1
6476,7120,0.3417571,1
6476,8206,0.3417571,1
6477,8041,0.46598014,1
6481,6605,0.33734807,1
6481,7122,0.92984396,1
6481,7751,0.78275687,1
7876,6481,0.9074201,1
8021,6481,0.85153174,1
6481,8031,0.5275627,1
8429,6481,0.73813844,1
8843,6481,0.8340892,1
6481,9138,0.8796154,1
9210,6481,0.9710379,1
6481,9211,0.98221374,1
9465,6481,0.73927563,1
9659,6481,0.6677059,1
6483,7580,0.6509179,1
7173,6486,0.609379,1
6486,7466,0.3597193,1
7594,6486,0.89568216,1
7603,6486,0.44482002,1
7689,6486,0.98886687,1
6486,7765,0.8319727,1
7925,6486,0.7442218,1
7973,6486,0.9835265,1
8667,6486,0.3490242,1
8983,6486,0.9451637,1
6486,9603,0.90160733,1
6511,6487,0.81343615,1
6538,6487,0.5891094,1
6487,6586,0.9507025,1
6487,6602,0.743661,1
6783,6487,0.83076143,1
6487,6804,0.73210686,1
7120,6487,0.65860754,1
6487,7320,0.8679972,1
6487,7392,0.3801016,1
7717,6487,0.41977265,1
7861,6487,0.86618614,1
7913,6487,0.904233,1
6487,7999,0.89413697,1
6487,8206,0.65860754,1
6574,6490,0.7396466,1
6718,6490,0.8212188,1
6490,6762,0.84136397,1
6490,8163,0.805314,1
8737,6490,0.992411,1
8765,6490,0.64442205,1
6490,8861,0.8997043,1
6490,8896,0.40070847,1
9341,6490,0.72808117,1
6494,6839,0.974428,1
6963,6494,0.35317218,1
6494,7578,0.48364735,1
6496,6745,0.3253264,1
6496,7240,0.35167995,1
6496,7582,0.87280196,1
7628,6496,0.6415647,1
6496,7695,0.57343614,1
7712,6496,0.40796226,1
7967,6496,0.9125163,1
6496,8449,0.35167995,1
7607,6505,0.5764395,1
7799,6505,0.481646,1
8059,6505,0.51587147,1
6505,8274,0.31690565,1
8538,6505,0.7117559,1
8748,6505,0.3932771,1
6506,6570,0.89751136,1
6506,6851,0.5804521,1
7090,6506,0.41687182,1
8684,6506,0.32543448,1
6510,6607,0.58873975,1
6856,6510,0.49133122,1
6510,7731,0.5075466,1
6510,7793,0.8026196,1
6510,8025,0.44854194,1
6510,8179,0.39439952,1
6511,6538,0.70256025,1
6586,6511,0.7622359,1
6511,6602,0.9743458,1
6511,6783,0.44151935,1
6511,6804,0.4314152,1
7120,6511,0.38233128,1
7320,6511,0.5289694,1
6511,7717,0.738254,1
7861,6511,0.914184,1
6511,7913,0.85753,1
7999,6511,0.38439173,1
6511,8206,0.38233128,1
6512,6752,0.6584776,1
7996,6512,0.90648943,1
6512,8136,0.6001142,1
6512,8671,0.681154,1
8831,6512,0.7342372,1
7670,6519,0.38220438,1
8062,6519,0.7162387,1
8063,6519,0.3373592,1
8064,6519,0.90771043,1
6519,8354,0.6426456,1
8575,6519,0.5961371,1
6519,9039,0.6310969,1
9040,6519,0.3976254,1
6519,9041,0.48769864,1
6521,8571,0.8274539,1
7881,6524,0.35344988,1
6568,6528,0.73664457,1
6528,6569,0.70546854,1
6528,6697,0.77910066,1
6924,6528,0.8531438,1
7364,6528,0.7269542,1
6528,7600,0.93725,1
6528,7727,0.45239693,1
7745,6528,0.85661703,1
7805,6528,0.5193018,1
6528,7904,0.7886464,1
6528,8066,0.78712946,1
6528,8312,0.45718282,1
8313,6528,0.5851349,1
8502,6528,0.3470636,1
6528,8576,0.524608,1
8682,6528,0.818403,1
9489,6528,0.66903365,1
9791,6528,0.69807625,1
6530,6851,0.33690405,1
7090,6530,0.7986641,1
7180,6530,0.4127856,1
6530,7671,0.33972117,1
6530,8684,0.57452786,1
6530,9074,0.74005413,1
6531,7611,0.73148215,1
9331,6531,0.39809602,1
6694,6532,0.5010443,1
6723,6532,0.839505,1
6532,6918,0.8595848,1
6532,7324,0.82256633,1
7768,6532,0.64631903,1
6532,8013,0.56677634,1
8095,6532,0.31498852,1
6532,8330,0.88359624,1
8692,6532,0.868292,1
6532,8694,0.91605204,1
8785,6532,0.6750229,1
6532,8997,0.7647689,1
9307,6532,0.90695685,1
6535,8255,0.46341875,1
9414,6535,0.4638341,1
6538,6586,0.7156238,1
6783,6538,0.65210974,1
6538,7007,0.85507035,1
7120,6538,0.9160168,1
7320,6538,0.692769,1
6538,7392,0.9259444,1
7717,6538,0.850424,1
6538,7861,0.8941786,1
7913,6538,0.8591849,1
6538,7999,0.7902021,1
8098,6538,0.58488226,1
8206,6538,0.9160168,1
6588,6549,0.81817806,1
6549,7055,0.88162917,1
7139,6549,0.951453,1
6549,7434,0.85643023,1
6549,7849,0.8618955,1
6549,7927,0.72944444,1
6549,8069,0.9333266,1
6549,8444,0.8303348,1
8445,6549,0.8249144,1
6549,8853,0.7932833,1
9064,6549,0.8357723,1
6549,9338,0.9406958,1
9429,6549,0.6642314,1
6593,6551,0.7248751,1
6555,7568,0.8557023,1
6555,8284,0.64415413,1
6776,6562,0.5326717,1
6562,8832,0.5988071,1
6563,6775,0.72249603,1
7038,6563,0.592624,1
8301,6563,0.5172562,1
6709,6565,0.8813958,1
6565,6863,0.6930347,1
7579,6565,0.5701585,1
6565,7673,0.38226122,1
7857,6565,0.63316625,1
7883,6565,0.68706286,1
6565,7943,0.6291514,1
8078,6565,0.8225156,1
6565,9300,0.31141812,1
6568,6569,0.78904104,1
6924,6568,0.5412838,1
7364,6568,0.35635638,1
7600,6568,0.6417655,1
7745,6568,0.71052486,1
7904,6568,0.35873884,1
8066,6568,0.65198493,1
6568,8313,0.58590305,1
8576,6568,0.55048925,1
6568,8682,0.91650647,1
9489,6568,0.34030053,1
6568,9791,0.61624795,1
6697,6569,0.8539669,1
6924,6569,0.4248268,1
7364,6569,0.45679733,1
7600,6569,0.6879345,1
7745,6569,0.64163995,1
7805,6569,0.39464757,1
7904,6569,0.7383137,1
8066,6569,0.68773544,1
6569,8313,0.48341492,1
8502,6569,0.6629777,1
8576,6569,0.41728356,1
8682,6569,0.65093225,1
6569,9791,0.5942313,1
6570,6851,0.9523401,1
7090,6570,0.9677336,1
6570,7180,0.74981296,1
7671,6570,0.5484987,1
6570,7910,0.43602344,1
8684,6570,0.91264087,1
6570,9074,0.7995379,1
6574,6718,0.9271897,1
6762,6574,0.549827,1
6574,8163,0.56799567,1
6574,8737,0.59803265,1
8861,6574,0.51490635,1
6574,8896,0.32046172,1
9341,6574,0.40796155,1
6602,6586,0.7334741,1
6586,6783,0.90429556,1
6804,6586,0.9441606,1
7120,6586,0.83579576,1
7320,6586,0.93662256,1
6586,7717,0.39633298,1
7861,6586,0.8577468,1
7913,6586,0.8512487,1
6586,7999,0.8280205,1
8206,6586,0.83579576,1
6990,6587,0.44390613,1
6587,7024,0.81861883,1
6587,7094,0.9547488,1
7113,6587,0.9526332,1
6587,7997,0.3354314,1
6587,8542,0.48920915,1
8890,6587,0.43370655,1
7055,6588,0.54008967,1
7139,6588,0.46686885,1
7434,6588,0.59989345,1
6588,7849,0.7769048,1
6588,7927,0.9222786,1
8069,6588,0.53532654,1
8444,6588,0.8886787,1
8445,6588,0.55842286,1
8853,6588,0.6080803,1
9338,6588,0.3475685,1
6590,7153,0.474971,1
6602,6783,0.69135034,1
6602,6804,0.7149305,1
6602,7120,0.355308,1
7320,6602,0.47072977,1
7717,6602,0.3670716,1
6602,7861,0.4353778,1
6602,7913,0.39520872,1
6602,8206,0.355308,1
7122,6605,0.69298315,1
7751,6605,0.42198408,1
8162,6605,0.6242471,1
6605,8843,0.50916106,1
6605,9138,0.46260056,1
9210,6605,0.44942993,1
9211,6605,0.43061352,1
9465,6605,0.385773,1
6856,6607,0.72565055,1
6607,7731,0.38278306,1
6607,7793,0.6689361,1
7953,6607,0.39773166,1
7870,6609,0.7159421,1
6623,6905,0.5426305,1
6623,7146,0.79795706,1
7148,6623,0.8175219,1
7166,6623,0.5214702,1
7664,6623,0.6069434,1
8513,6623,0.63290423,1
6623,9528,0.38978985,1
6623,9532,0.38978985,1
6634,6712,0.9228898,1
6927,6634,0.6162201,1
7960,6634,0.55908245,1
6634,8587,0.96104485,1
7591,6649,0.60076237,1
6649,9248,0.36090583,1
7592,6652,0.83355737,1
6680,6654,0.7280985,1
6772,6654,0.95938665,1
7557,6654,0.8469134,1
6654,8226,0.89063966,1
6847,6658,0.84086865,1
6658,7674,0.64644134,1
7675,6658,0.68202114,1
7721,6658,0.5599371,1
7732,6658,0.4295813,1
6658,7867,0.79239434,1
7948,6658,0.604902,1
6658,8135,0.7935393,1
8584,6658,0.7867917,1
9467,6658,0.94684786,1
6664,7597,0.79545385,1
6667,7226,0.36834326,1
9708,6667,0.7144777,1
6673,7377,0.39310458,1
6673,8186,0.46760106,1
6673,9235,0.8348215,1
6821,6676,0.8462235,1
6676,7930,0.8462235,1
6772,6680,0.6138328,1
7557,6680,0.96100664,1
8226,6680,0.88109726,1
8914,6682,0.43961424,1
6949,6684,0.94120616,1
7813,6684,0.49647304,1
6684,8717,0.42221668,1
6686,9335,0.543107,1
6687,7741,0.5216711,1
8609,6687,0.42476416,1
6687,8611,0.40550214,1
8744,6687,0.81649226,1
9321,6687,0.8348787,1
6687,9384,0.3643239,1
6690,6738,0.85355455,1
6979,6690,0.94610393,1
6690,9374,0.758279,1
6694,7324,0.4123163,1
8095,6694,0.32298595,1
6694,8330,0.5010443,1
6924,6697,0.6921345,1
7364,6697,0.66446936,1
6697,7600,0.49287173,1
7745,6697,0.74457705,1
6697,7805,0.5873476,1
6697,7904,0.58477926,1
6697,8066,0.5015342,1
8313,6697,0.4472518,1
8502,6697,0.52554446,1
8576,6697,0.3058179,1
8682,6697,0.6011209,1
9489,6697,0.33909404,1
9791,6697,0.4470426,1
7194,6704,0.74594575,1
6704,7837,0.60202354,1
6709,6863,0.7893951,1
6709,7579,0.49556106,1
7673,6709,0.39765462,1
7857,6709,0.796199,1
7883,6709,0.8623267,1
7943,6709,0.6478203,1
6709,8082,0.5796089,1
9300,6709,0.9835706,1
6927,6712,0.5875183,1
7840,6712,0.31169996,1
8587,6712,0.7827063,1
6718,6762,0.87892246,1
6718,8163,0.66264445,1
8737,6718,0.7812629,1
6718,8861,0.5581357,1
6718,8896,0.4018866,1
6718,9341,0.5637343,1
6918,6723,0.7782833,1
7324,6723,0.60782635,1
7768,6723,0.84655184,1
8013,6723,0.9022956,1
6723,8330,0.839505,1
6723,8692,0.77850574,1
8694,6723,0.6916942,1
8785,6723,0.45790055,1
8997,6723,0.47798422,1
9307,6723,0.92466336,1
7788,6727,0.67362505,1
6727,9148,0.90183437,1
6979,6738,0.74679035,1
9374,6738,0.4744069,1
8252,6740,0.9484562,1
9505,6740,0.88504267,1
7240,6745,0.8778268,1
6745,7582,0.7546937,1
6745,7695,0.48584864,1
7712,6745,0.51839036,1
7760,6745,0.43407926,1
7967,6745,0.48675048,1
8449,6745,0.8778268,1
6750,8338,0.39052993,1
6752,7996,0.5703835,1
8671,6752,0.49581596,1
6957,6754,0.9436273,1
6754,9237,0.43013301,1
8163,6762,0.7478147,1
6762,8737,0.8242116,1
6762,8861,0.84116536,1
6762,8896,0.6035878,1
9341,6762,0.6299078,1
8377,6763,0.7058499,1
8799,6763,0.9317159,1
6763,9487,0.8539078,1
6808,6764,0.7702633,1
7080,6764,0.88359624,1
7112,6764,0.80488384,1
7429,6764,0.88359624,1
6764,7624,0.88359624,1
6764,7659,0.95209295,1
7699,6764,0.84923095,1
6764,7710,0.88206625,1
6764,7730,0.84373116,1
7733,6764,0.9009484,1
6764,7737,0.88826644,1
7761,6764,0.9207079,1
6764,8024,0.97627664,1
6764,8034,0.95629334,1
6764,8577,0.97627664,1
6764,8948,0.95209295,1
9240,6764,0.7031305,1
6764,9264,0.78383887,1
9400,6764,0.8118667,1
6772,7557,0.73692024,1
8226,6772,0.7408543,1
7038,6775,0.6856806,1
8301,6775,0.996071,1
6776,8095,0.7461261,1
8505,6776,0.4276467,1
6776,8508,0.3216631,1
6776,8832,0.9094293,1
6779,6845,0.90990156,1
7621,6779,0.56907254,1
7936,6779,0.46705183,1
6779,8359,0.33770406,1
8814,6779,0.4205385,1
6784,6783,0.4194116,1
6783,6804,0.489561,1
6783,7120,0.91618335,1
7320,6783,0.98563254,1
7392,6783,0.89847577,1
6783,7717,0.6017961,1
7861,6783,0.5017892,1
7913,6783,0.44535094,1
6783,7999,0.75760984,1
6783,8098,0.85802233,1
6783,8206,0.91618335,1
6784,6804,0.35515633,1
6784,7320,0.30965275,1
7913,6784,0.47974423,1
6789,7278,0.46324033,1
6789,8057,0.33465725,1
6789,8361,0.64447504,1
8588,6789,0.35422218,1
6789,8876,0.90932477,1
6789,9260,0.5069838,1
6790,8055,0.8888447,1
6809,6791,0.40277895,1
6845,6791,0.48143727,1
7925,6799,0.43169302,1
6799,8238,0.4478644,1
6799,8363,0.359555,1
6799,8505,0.3380842,1
8661,6799,0.35923898,1
6799,9262,0.35545608,1
6804,7120,0.38701382,1
6804,7320,0.72463536,1
6804,7913,0.4160065,1
7999,6804,0.3783704,1
6804,8206,0.38701382,1
6808,7080,0.7702633,1
7112,6808,0.43772623,1
6808,7429,0.7702633,1
6808,7624,0.7702633,1
6809,7565,0.9413664,1
6809,7656,0.59872407,1
6809,7987,0.61941713,1
6809,8117,0.83947897,1
6809,8129,0.41917947,1
9450,6809,0.9508844,1
9779,6809,0.53729904,1
6821,6909,0.6869785,1
6821,7022,0.6854721,1
6821,7864,0.65088516,1
6821,7930,0.88359624,1
6825,8609,0.5274654,1
8611,6825,0.6169545,1
6825,8744,0.4921802,1
6825,9321,0.7941825,1
6825,9384,0.5434912,1
7578,6839,0.32391262,1
6843,6860,0.93906736,1
6843,8411,0.9745857,1
8482,6843,0.3977016,1
9310,6843,0.8954336,1
7621,6845,0.5146382,1
6845,7936,0.48609504,1
8814,6845,0.4921478,1
6847,7674,0.58009,1
7675,6847,0.587624,1
7721,6847,0.71974236,1
7732,6847,0.32925764,1
7858,6847,0.6242929,1
7867,6847,0.8499372,1
6847,7948,0.5357492,1
8135,6847,0.40020335,1
6847,8584,0.8693648,1
6847,9467,0.97370607,1
6851,7090,0.9542812,1
6851,7180,0.88176304,1
6851,7671,0.75272834,1
6851,7910,0.82211,1
8684,6851,0.67300415,1
9074,6851,0.75128645,1
7793,6856,0.50511175,1
7953,6856,0.65037054,1
6856,8025,0.40954784,1
6860,8411,0.8392817,1
8482,6860,0.41589913,1
8514,6860,0.36294115,1
6860,9310,0.958698,1
7579,6863,0.8645053,1
7673,6863,0.47404063,1
7857,6863,0.7432304,1
7883,6863,0.9387482,1
6863,7943,0.9370983,1
6863,8078,0.5991098,1
8082,6863,0.75048935,1
8645,6863,0.35858485,1
9300,6863,0.9329472,1
8131,6866,0.70724136,1
8323,6866,0.8663352,1
8766,6866,0.8898248,1
8910,6866,0.44951752,1
7711,6873,0.33470994,1
7777,6883,0.6434524,1
6892,7098,0.84471154,1
7287,6892,0.86504835,1
6892,7422,0.8517365,1
6892,9315,0.81607217,1
6902,8434,0.38338223,1
6904,7036,0.35543096,1
6904,9593,0.32349357,1
7146,6905,0.5065529,1
7148,6905,0.58362263,1
7166,6905,0.5197683,1
7664,6905,0.4402941,1
6905,8513,0.8795762,1
9270,6905,0.30771133,1
7864,6909,0.32566592,1
7930,6909,0.6869785,1
8041,6909,0.6836717,1
8207,6909,0.35471174,1
6912,7577,0.89654475,1
6912,8242,0.9169874,1
6912,8854,0.98243666,1
7324,6918,0.5995771,1
6918,7768,0.8035517,1
8013,6918,0.52343845,1
8330,6918,0.8595848,1
6918,8692,0.8308103,1
8694,6918,0.6424938,1
8785,6918,0.52171665,1
8997,6918,0.7416506,1
9307,6918,0.8900455,1
7364,6924,0.9342849,1
7600,6924,0.9401441,1
6924,7727,0.34174773,1
6924,7805,0.8292124,1
7904,6924,0.98922145,1
6924,8066,0.5756123,1
6924,8313,0.6215287,1
8576,6924,0.539814,1
8682,6924,0.91191226,1
9489,6924,0.8046192,1
6924,9791,0.9166378,1
7840,6927,0.79839367,1
7960,6927,0.45376125,1
6927,8410,0.85137135,1
6927,8587,0.8040075,1
6933,6934,0.88359624,1
7614,6933,0.30300912,1
7794,6933,0.6386732,1
7614,6934,0.30300912,1
6934,7794,0.6386732,1
6944,7789,0.6637567,1
6944,8159,0.5507468,1
6944,8306,0.946681,1
8479,6944,0.9239579,1
8532,6944,0.6200008,1
6944,8679,0.8615509,1
6944,8950,0.9957838,1
6944,9056,0.9957838,1
6944,9480,0.9357473,1
6949,7597,0.3174651,1
6949,7813,0.66904914,1
9237,6957,0.34168264,1
7935,6967,0.77381295,1
9292,6967,0.39404938,1
6969,8505,0.6968369,1
6969,8732,0.85457295,1
6969,9054,0.57078856,1
9345,6969,0.31020993,1
8037,6972,0.95096505,1
9374,6979,0.61550605,1
7113,6990,0.38033673,1
6990,7997,0.6285768,1
8542,6990,0.4448103,1
6990,8890,0.35358286,1
7120,7007,0.8511675,1
7320,7007,0.8035802,1
7007,7392,0.5156892,1
7717,7007,0.7790313,1
7861,7007,0.7827515,1
7007,7913,0.5423482,1
7999,7007,0.8522941,1
7007,8098,0.88591725,1
8206,7007,0.8511675,1
7021,7041,0.32284737,1
7021,9206,0.52252954,1
7930,7022,0.6854721,1
8041,7022,0.8721032,1
7023,7244,0.8895201,1
7024,7094,0.9726089,1
7113,7024,0.71502036,1
7024,8542,0.51686966,1
9593,7036,0.9146639,1
8125,7038,0.5543863,1
8301,7038,0.676555,1
7055,7141,0.963811,1
7055,7356,0.963811,1
7434,7055,0.8215847,1
7849,7055,0.584406,1
8442,7055,0.9023405,1
8444,7055,0.72171974,1
7055,9338,0.43980613,1
7055,9429,0.9825288,1
7105,7080,0.67370117,1
7112,7080,0.80488384,1
7080,7429,0.88359624,1
7080,7624,0.88359624,1
7659,7080,0.95209295,1
7699,7080,0.84923095,1
7710,7080,0.88206625,1
7080,7730,0.84373116,1
7080,7733,0.9009484,1
7737,7080,0.88826644,1
7761,7080,0.9207079,1
7080,8024,0.97627664,1
8034,7080,0.95629334,1
7080,8577,0.97627664,1
8948,7080,0.95209295,1
9240,7080,0.7031305,1
9264,7080,0.78383887,1
7080,9400,0.8118667,1
7762,7082,0.43886796,1
8614,7082,0.66614085,1
7180,7090,0.93825096,1
7671,7090,0.8862341,1
7090,7910,0.67939,1
7090,8684,0.92097825,1
7090,9074,0.94457465,1
7094,7113,0.90321213,1
7997,7094,0.4372186,1
8542,7094,0.75561047,1
7094,8890,0.7461133,1
7098,7287,0.62051475,1
7098,7422,0.73349476,1
7098,8163,0.47700348,1
7098,9016,0.714417,1
7098,9315,0.7346398,1
7105,7112,0.79805773,1
7105,7429,0.67370117,1
7105,7624,0.67370117,1
7105,7659,0.8440243,1
7105,7699,0.7002314,1
7710,7105,0.598337,1
7730,7105,0.55674636,1
7737,7105,0.4968264,1
7761,7105,0.67938757,1
7105,8034,0.36233515,1
7105,8948,0.8440243,1
7105,9240,0.6325788,1
9264,7105,0.40614864,1
7112,7429,0.80488384,1
7112,7624,0.80488384,1
7112,7659,0.7006018,1
7112,7699,0.7832699,1
7112,7733,0.47178742,1
7112,8948,0.7006018,1
7112,9264,0.4461501,1
7997,7113,0.32354355,1
8542,7113,0.73764914,1
7113,8890,0.7813185,1
7320,7120,0.9727136,1
7120,7392,0.6121982,1
7717,7120,0.74121195,1
7861,7120,0.6861615,1
7913,7120,0.8088107,1
7999,7120,0.9498585,1
7120,8098,0.6711471,1
7120,8206,0.88359624,1
7751,7122,0.741044,1
8021,7122,0.57320315,1
8031,7122,0.3531177,1
9138,7122,0.52589595,1
9210,7122,0.8667061,1
9211,7122,0.9874018,1
7125,9524,0.31473666,1
9526,7125,0.46258327,1
8155,7131,0.33502272,1
7139,7603,0.40527064,1
7139,7849,0.8209281,1
7139,7927,0.635988,1
8069,7139,0.8881455,1
7139,8445,0.6948421,1
8853,7139,0.8182753,1
9064,7139,0.78591645,1
9338,7139,0.84436184,1
7356,7141,0.88359624,1
8442,7141,0.9074148,1
9429,7141,0.85300994,1
7148,7146,0.932822,1
7146,7664,0.77481854,1
7166,7148,0.3578268,1
7664,7148,0.95728827,1
8513,7148,0.7493543,1
9528,7148,0.36854914,1
7148,9532,0.36854914,1
7162,7434,0.50819904,1
7166,7664,0.3842798,1
8513,7166,0.38012356,1
7166,9528,0.4405142,1
7166,9532,0.4405142,1
7173,7279,0.34540105,1
7458,7173,0.7444569,1
7173,7466,0.5538156,1
7173,7509,0.33931017,1
7594,7173,0.86614007,1
7173,7765,0.75843936,1
7173,7925,0.7687155,1
7173,7973,0.9832761,1
8667,7173,0.8512522,1
9603,7173,0.9718062,1
7671,7180,0.6808364,1
7180,7910,0.70781785,1
8684,7180,0.7877958,1
9074,7180,0.90365493,1
7194,7837,0.8092035,1
8489,7194,0.9555171,1
7597,7225,0.7617293,1
7225,8879,0.62015206,1
7225,8961,0.6405092,1
7225,9709,0.37004748,1
7226,9708,0.84031874,1
7229,7230,0.71637803,1
7823,7229,0.76277554,1
9017,7229,0.94501233,1
7230,9017,0.4665612,1
7240,7582,0.97038984,1
7628,7240,0.54577994,1
7695,7240,0.914763,1
7712,7240,0.6606571,1
7760,7240,0.42129385,1
7240,7967,0.7929363,1
8449,7240,0.88359624,1
8057,7278,0.47847944,1
7278,8361,0.6991756,1
8588,7278,0.46343708,1
8876,7278,0.8602769,1
7278,9260,0.83746,1
7458,7279,0.5583565,1
7466,7279,0.93253976,1
7279,7594,0.45806658,1
7279,7765,0.71730953,1
7279,8667,0.41526413,1
9603,7279,0.91962653,1
7284,7882,0.64604086,1
7889,7284,0.64954334,1
7958,7284,0.6194292,1
7284,8379,0.30140316,1
8696,7284,0.98250854,1
8761,7284,0.8962557,1
8769,7284,0.8435403,1
8800,7284,0.9291175,1
9388,7284,0.76772296,1
7287,7422,0.94169927,1
7287,8896,0.30564258,1
9016,7287,0.7948647,1
7287,9258,0.6073654,1
9315,7287,0.9068895,1
7320,7392,0.49752188,1
7320,7717,0.72251177,1
7320,7861,0.54165834,1
7913,7320,0.7994017,1
7999,7320,0.9492629,1
8098,7320,0.9386426,1
8206,7320,0.9727136,1
7768,7324,0.5372292,1
8013,7324,0.5624286,1
8330,7324,0.82256633,1
8692,7324,0.87455636,1
7324,8694,0.8475084,1
8785,7324,0.51559967,1
7324,8997,0.5501576,1
9307,7324,0.8441125,1
7328,7397,0.7377319,1
7815,7328,0.9115404,1
7328,8830,0.8527728,1
7345,7585,0.30019882,1
7345,7632,0.4399458,1
7345,7865,0.46612328,1
7345,8746,0.6425268,1
7356,8442,0.9074148,1
7356,9429,0.85300994,1
7600,7364,0.9586622,1
7364,7727,0.3841172,1
7364,7745,0.43042544,1
7364,7792,0.32229483,1
7364,7904,0.9279753,1
7364,8066,0.43914738,1
7364,8313,0.9592201,1
7364,8576,0.6119773,1
7364,8682,0.77388924,1
9791,7364,0.7021323,1
8186,7377,0.8967839,1
7377,8726,0.9580193,1
9235,7377,0.8001282,1
7392,7717,0.71303856,1
7913,7392,0.32003018,1
7999,7392,0.32392845,1
8098,7392,0.78041714,1
7392,8206,0.6121982,1
7397,7815,0.9527544,1
8830,7397,0.9512862,1
8163,7422,0.38041797,1
9016,7422,0.90787786,1
9315,7422,0.93883574,1
7624,7429,0.88359624,1
7659,7429,0.95209295,1
7429,7699,0.84923095,1
7710,7429,0.88206625,1
7429,7730,0.84373116,1
7733,7429,0.9009484,1
7737,7429,0.88826644,1
7761,7429,0.9207079,1
8024,7429,0.97627664,1
7429,8034,0.95629334,1
7429,8577,0.97627664,1
8948,7429,0.95209295,1
7429,9240,0.7031305,1
7429,9264,0.78383887,1
7429,9400,0.8118667,1
7434,7849,0.39445004,1
7927,7434,0.48690873,1
8444,7434,0.9659889,1
7434,9338,0.6756824,1
7434,9429,0.30687726,1
7771,7439,0.56198895,1
7439,7886,0.44300735,1
7439,8139,0.32797357,1
7439,8842,0.47154614,1
7440,7888,0.7869081,1
7466,7458,0.89118826,1
7458,7594,0.3626758,1
7458,7765,0.55943143,1
7458,8667,0.7401656,1
7458,9603,0.6387347,1
7594,7466,0.33659706,1
7466,7765,0.57419354,1
7973,7466,0.69558495,1
8667,7466,0.6458969,1
7466,9603,0.9434402,1
7509,8198,0.90474176,1
7509,9603,0.5832326,1
7509,9794,0.45392847,1
8226,7557,0.9818604,1
7656,7565,0.5643234,1
7565,8117,0.932247,1
7565,9450,0.7973052,1
9779,7565,0.34199294,1
7568,8284,0.88267606,1
8341,7568,0.38147244,1
9499,7568,0.35702986,1
7608,7569,0.86228335,1
7569,7786,0.59098417,1
7980,7569,0.65852743,1
8298,7569,0.3722037,1
9360,7569,0.9252785,1
8504,7572,0.90978324,1
7754,7575,0.8352039,1
7575,7820,0.73137844,1
8242,7577,0.573089,1
7577,8854,0.9599752,1
7579,7673,0.8426691,1
7579,7857,0.75496596,1
7883,7579,0.6688952,1
7579,7943,0.30985466,1
7579,8082,0.8927185,1
7579,8645,0.510841,1
7579,9300,0.7606712,1
7628,7582,0.32805985,1
7695,7582,0.84951645,1
7712,7582,0.3343002,1
7760,7582,0.5914339,1
7967,7582,0.8777249,1
7582,8449,0.97038984,1
7615,7583,0.5227236,1
8111,7583,0.30392393,1
7632,7585,0.9305259,1
7585,7865,0.80303586,1
7908,7585,0.9598167,1
7615,7587,0.53628814,1
8871,7587,0.41931212,1
9248,7591,0.4417169,1
7594,7603,0.46973908,1
7594,7689,0.9340415,1
7765,7594,0.78081095,1
7594,7925,0.78682137,1
7973,7594,0.9852645,1
7594,8667,0.9296685,1
8983,7594,0.8464462,1
7594,9603,0.95146096,1
7646,7596,0.5727609,1
7596,8451,0.8672322,1
7597,8879,0.45471358,1
8961,7597,0.898834,1
7597,9709,0.7770715,1
7600,7727,0.42537287,1
7600,7745,0.6308921,1
7792,7600,0.52148134,1
7600,7805,0.66473866,1
7904,7600,0.9067501,1
7600,8312,0.5665937,1
8313,7600,0.7240604,1
8682,7600,0.92535126,1
7600,9489,0.76854056,1
7600,9791,0.9329947,1
7689,7603,0.4415598,1
7603,8069,0.5088668,1
7603,8853,0.39342773,1
8983,7603,0.6192467,1
7606,7972,0.9781179,1
8593,7606,0.5582684,1
7606,8823,0.6681533,1
7607,7799,0.584304,1
7607,8059,0.55405,1
8274,7607,0.8590896,1
7607,8538,0.546369,1
7607,8748,0.3959393,1
7609,9330,0.30942434,1
7609,9332,0.30827358,1
9330,7611,0.69400775,1
7611,9331,0.54957867,1
9332,7611,0.7435476,1
7613,7785,0.31324464,1
7900,7613,0.9271994,1
7740,7614,0.3713129,1
8871,7615,0.77980816,1
7811,7623,0.5179372,1
8774,7623,0.7904404,1
7623,9175,0.69717103,1
9232,7623,0.98193306,1
7623,9276,0.51599,1
7624,7659,0.95209295,1
7699,7624,0.84923095,1
7624,7710,0.88206625,1
7730,7624,0.84373116,1
7733,7624,0.9009484,1
7737,7624,0.88826644,1
7761,7624,0.9207079,1
8024,7624,0.97627664,1
7624,8034,0.95629334,1
7624,8577,0.97627664,1
8948,7624,0.95209295,1
9240,7624,0.7031305,1
7624,9264,0.78383887,1
9400,7624,0.8118667,1
7695,7628,0.32733113,1
7712,7628,0.40629748,1
7628,7760,0.41793826,1
7967,7628,0.605337,1
8449,7628,0.54577994,1
7629,8017,0.73896074,1
8358,7629,0.56254774,1
7865,7632,0.64375454,1
7632,7908,0.9204965,1
7632,9169,0.38897339,1
8451,7646,0.7285833,1
8254,7648,0.9736562,1
7656,7987,0.4983956,1
7656,8117,0.88192075,1
7656,9450,0.8694549,1
7656,9779,0.45297736,1
7657,8865,0.7308572,1
7659,7699,0.7570682,1
7659,7710,0.86668646,1
7659,7730,0.8515935,1
7733,7659,0.518079,1
7659,7737,0.9075087,1
7659,7761,0.9112445,1
7659,8024,0.72031695,1
7659,8034,0.9249227,1
7659,8577,0.72031695,1
7659,8948,0.88359624,1
9240,7659,0.78834486,1
7659,9264,0.8437663,1
7659,9400,0.86323804,1
7998,7663,0.94120985,1
8273,7663,0.87029934,1
7663,8482,0.3745476,1
9658,7663,0.8148455,1
8513,7664,0.8522564,1
9528,7664,0.47708827,1
9532,7664,0.47708827,1
9422,7665,0.57661486,1
7665,9636,0.36417297,1
7670,8064,0.60030025,1
7670,8575,0.32489878,1
7670,9039,0.4243474,1
7670,9792,0.87806654,1
7910,7671,0.7952643,1
7671,8443,0.6329744,1
7671,8684,0.38299578,1
7671,9074,0.51863176,1
7857,7673,0.73262155,1
7673,7883,0.6844558,1
7943,7673,0.34351808,1
8082,7673,0.9298923,1
7673,8645,0.437277,1
9300,7673,0.5170825,1
7674,7675,0.83585757,1
7721,7674,0.655909,1
7732,7674,0.8971174,1
7674,7858,0.812515,1
7867,7674,0.9060517,1
7948,7674,0.6571383,1
8584,7674,0.901263,1
9467,7674,0.5961328,1
7675,7721,0.5276647,1
7732,7675,0.5225024,1
7858,7675,0.5156521,1
7867,7675,0.613189,1
7948,7675,0.7722171,1
7675,8584,0.88845384,1
9467,7675,0.6033962,1
8025,7676,0.35405722,1
7680,9413,0.86421984,1
7689,7765,0.6882173,1
7689,7973,0.86390114,1
7689,8337,0.32700896,1
7689,8359,0.81509703,1
7689,8983,0.908664,1
9603,7689,0.78789055,1
7758,7692,0.7130387,1
8661,7692,0.371516,1
8701,7692,0.3194706,1
7712,7695,0.85516375,1
7695,7760,0.6312243,1
7695,7967,0.829791,1
7695,8449,0.914763,1
7699,7710,0.44171065,1
7761,7699,0.5473445,1
7699,8024,0.9255249,1
7699,8034,0.7789792,1
8577,7699,0.9255249,1
8948,7699,0.7570682,1
9240,7699,0.7736084,1
7699,9264,0.65114534,1
9400,7699,0.64923316,1
7710,7730,0.78379214,1
7710,7737,0.42308825,1
7761,7710,0.6710063,1
7710,8024,0.895884,1
8034,7710,0.947175,1
7710,8577,0.895884,1
7710,8948,0.86668646,1
7710,9240,0.81406844,1
9264,7710,0.85890263,1
9400,7710,0.47057536,1
7760,7712,0.4947796,1
7712,7967,0.618775,1
8449,7712,0.6606571,1
7714,7970,0.52123135,1
7714,8027,0.48914638,1
8554,7714,0.67917,1
7714,8888,0.357297,1
7715,7892,0.7309069,1
8337,7715,0.7833418,1
7715,8728,0.57796913,1
7717,7861,0.78050494,1
7913,7717,0.7935941,1
8098,7717,0.82386386,1
8206,7717,0.74121195,1
7732,7721,0.59955245,1
7721,7858,0.38252786,1
7867,7721,0.33834442,1
7948,7721,0.5751721,1
7721,8135,0.69304484,1
8584,7721,0.74962693,1
7721,9467,0.6839706,1
7805,7727,0.39842746,1
7904,7727,0.5066468,1
7727,8682,0.3666589,1
7727,9791,0.8217273,1
7733,7730,0.4546502,1
7730,7737,0.45899212,1
7761,7730,0.47212225,1
8024,7730,0.82292646,1
7730,8034,0.87162083,1
8577,7730,0.82292646,1
8948,7730,0.8515935,1
9240,7730,0.8589393,1
7730,9264,0.7068749,1
7730,9400,0.3286683,1
7793,7731,0.49844754,1
8025,7731,0.63695365,1
7732,7858,0.66897136,1
7867,7732,0.7058041,1
7732,7948,0.39989662,1
7732,8135,0.5758242,1
7732,8584,0.40491164,1
7732,9467,0.392835,1
7737,7733,0.5635428,1
7733,7761,0.4316383,1
7733,8024,0.83469194,1
8034,7733,0.79077,1
7733,8577,0.83469194,1
7733,8948,0.518079,1
7734,7735,0.38763136,1
7737,8024,0.6437469,1
7737,8034,0.7234647,1
8577,7737,0.6437469,1
7737,8948,0.9075087,1
9240,7737,0.8399589,1
9264,7737,0.6848935,1
7737,9400,0.455889,1
7776,7740,0.5235767,1
7814,7740,0.80732214,1
7740,7817,0.5788268,1
7740,9044,0.59847814,1
7741,8611,0.3561615,1
7741,8744,0.38828748,1
7741,9321,0.49145085,1
7741,9384,0.3561615,1
7952,7742,0.46489984,1
7992,7744,0.67021364,1
8868,7744,0.45674878,1
7744,9469,0.5718274,1
7745,7805,0.37011826,1
7745,7904,0.54228985,1
7745,8066,0.37395966,1
8313,7745,0.37698084,1
8502,7745,0.5083379,1
7745,8682,0.53678536,1
9489,7745,0.36943275,1
9791,7745,0.65368104,1
7747,7810,0.43645057,1
7747,8687,0.41617694,1
7751,7876,0.72059464,1
7751,8021,0.6733629,1
7751,8031,0.48014486,1
7751,8162,0.77394927,1
7751,8429,0.84866756,1
7751,8843,0.8249242,1
9138,7751,0.8608578,1
7751,9210,0.74999493,1
7751,9211,0.61334574,1
9465,7751,0.8393122,1
9659,7751,0.84335834,1
7751,9677,0.7171196,1
7820,7754,0.55923957,1
7758,8238,0.3826013,1
8661,7758,0.5492151,1
9262,7758,0.31647828,1
7967,7760,0.4522418,1
8449,7760,0.42129385,1
7761,8024,0.78900194,1
7761,8034,0.8609113,1
7761,8577,0.78900194,1
8948,7761,0.9112445,1
7761,9240,0.832385,1
7761,9264,0.5629709,1
7761,9400,0.7500273,1
7762,8614,0.6272313,1
7973,7765,0.68424344,1
8667,7765,0.48883072,1
8983,7765,0.65117466,1
7765,9603,0.79256517,1
7765,9794,0.37258127,1
7768,8013,0.8394648,1
8330,7768,0.64631903,1
8692,7768,0.8126394,1
8694,7768,0.6587576,1
7768,8997,0.39428154,1
9307,7768,0.5176692,1
7886,7771,0.5281409,1
7771,8139,0.67681736,1
7814,7776,0.8554182,1
7776,7817,0.8479342,1
9044,7776,0.8521243,1
7781,8763,0.49878666,1
7785,7900,0.7873086,1
7785,8153,0.88704574,1
7980,7786,0.5663859,1
9360,7786,0.7125639,1
9148,7788,0.7503943,1
8159,7789,0.59400463,1
7789,8306,0.410458,1
8479,7789,0.7043018,1
7789,8532,0.5140551,1
7789,8679,0.3787312,1
7789,8950,0.7443531,1
9056,7789,0.7443531,1
7789,9480,0.5858606,1
7790,8261,0.6731051,1
9406,7790,0.9134314,1
8950,7791,0.42548713,1
7791,9056,0.42548713,1
7904,7792,0.46964514,1
9791,7792,0.60800713,1
7793,8025,0.5467749,1
7795,8204,0.4103834,1
8376,7795,0.7066274,1
8759,7795,0.6123148,1
7795,9434,0.3700387,1
8274,7799,0.8037965,1
8122,7801,0.81249297,1
7805,7904,0.6239246,1
8057,7805,0.30449888,1
7805,8502,0.7889497,1
8576,7805,0.61744934,1
8682,7805,0.61651057,1
7805,9489,0.8775066,1
9791,7805,0.58206815,1
7809,8540,0.7601473,1
7810,8992,0.40821096,1
7810,9376,0.59479207,1
7810,9486,0.3070062,1
7811,8612,0.55304956,1
8683,7811,0.46151713,1
7811,8774,0.5452372,1
7811,9175,0.55288154,1
9232,7811,0.7337022,1
7811,9276,0.3465823,1
7811,9385,0.33878243,1
7856,7812,0.35224542,1
7860,7812,0.4803179,1
7947,7812,0.73634857,1
7812,8663,0.6711716,1
7813,8717,0.43657124,1
8961,7813,0.41195717,1
7814,7817,0.89164597,1
9044,7814,0.85444033,1
7815,8830,0.5279511,1
9044,7817,0.7639866,1
7827,8779,0.36120564,1
7840,7960,0.35157284,1
7840,8410,0.5942967,1
7849,7927,0.85126555,1
8069,7849,0.8494141,1
7849,8444,0.8544006,1
8445,7849,0.82047397,1
7849,8853,0.77718306,1
9064,7849,0.8644991,1
7849,9338,0.8293502,1
7856,7947,0.76847875,1
7856,8418,0.33661288,1
8663,7856,0.5896564,1
7883,7857,0.88828874,1
7943,7857,0.861754,1
8082,7857,0.6150934,1
7857,9300,0.7917798,1
7867,7858,0.61186767,1
7858,7948,0.377757,1
7858,8135,0.47897017,1
8584,7858,0.8723076,1
7858,9467,0.52367324,1
7861,7913,0.8247121,1
7861,8206,0.6861615,1
7930,7864,0.65088516,1
7865,7908,0.930783,1
7865,8746,0.55634713,1
7865,9169,0.46152246,1
7867,7948,0.7363905,1
7867,8135,0.7719074,1
7867,8584,0.83319455,1
7867,9467,0.91117245,1
7869,7898,0.8435082,1
9785,7870,0.6550408,1
9460,7872,0.34636578,1
7876,8021,0.6538101,1
8031,7876,0.83049464,1
7876,8429,0.8369155,1
7876,8843,0.86170334,1
7876,9138,0.9018085,1
9210,7876,0.7334553,1
9211,7876,0.8841582,1
7876,9465,0.8450032,1
9659,7876,0.71649367,1
7880,8545,0.5831416,1
9502,7881,0.68569535,1
7889,7882,0.7566524,1
7882,7958,0.58343047,1
8060,7882,0.4510726,1
7882,8696,0.8843705,1
8761,7882,0.536234,1
7882,8769,0.33633384,1
7882,8800,0.7609357,1
9388,7882,0.8023746,1
7943,7883,0.9032497,1
8082,7883,0.6478118,1
7883,9300,0.9397699,1
7956,7885,0.7986125,1
7886,8139,0.74319875,1
7886,8842,0.35117733,1
7958,7889,0.69390416,1
8060,7889,0.71734464,1
8061,7889,0.45765564,1
8379,7889,0.58074415,1
8696,7889,0.7036798,1
7889,8761,0.71236306,1
7889,8800,0.68837875,1
7889,9388,0.50526017,1
8683,7890,0.35650823,1
8686,7890,0.9352596,1
7890,9292,0.8921266,1
7890,9376,0.5311506,1
8150,7892,0.8285425,1
7892,8337,0.6712084,1
8728,7892,0.59363294,1
7892,9362,0.47157064,1
7894,8174,0.6885969,1
7894,8286,0.93842506,1
7900,8153,0.42538208,1
8066,7904,0.4856695,1
7904,8165,0.46269053,1
8313,7904,0.5966866,1
7904,8576,0.6726155,1
8682,7904,0.9059544,1
7904,9489,0.5357942,1
9791,7904,0.9600621,1
9288,7906,0.872286,1
7908,9169,0.34735185,1
7909,9286,0.41590914,1
7910,8684,0.38745517,1
7910,9074,0.5037033,1
7913,7999,0.65537304,1
8098,7913,0.7509821,1
7913,8206,0.8088107,1
7917,9625,0.48885858,1
7922,9273,0.6877719,1
7925,7973,0.46413618,1
8198,7925,0.47110474,1
7925,8667,0.8734392,1
7925,9603,0.82216233,1
8069,7927,0.56055576,1
8444,7927,0.7908355,1
8445,7927,0.81187546,1
8853,7927,0.5277461,1
9064,7927,0.41514778,1
7927,9338,0.62165326,1
9292,7935,0.5942666,1
8814,7936,0.4216432,1
8689,7939,0.91616637,1
9327,7939,0.8033583,1
9492,7939,0.68926257,1
8078,7943,0.3902386,1
8082,7943,0.89969134,1
9300,7943,0.655809,1
8418,7947,0.31940955,1
7947,8663,0.6474392,1
8135,7948,0.61309946,1
7948,8584,0.770296,1
9467,7948,0.90613145,1
7958,8060,0.55407494,1
8061,7958,0.30269426,1
8696,7958,0.7355441,1
7958,8761,0.61249954,1
7958,8800,0.67887473,1
7958,9388,0.5336571,1
8587,7960,0.5662939,1
7967,8449,0.7929363,1
7990,7970,0.3609643,1
7970,8027,0.8147129,1
8359,7970,0.48720998,1
7970,8554,0.97110724,1
7970,8888,0.67148733,1
7972,8593,0.8998905,1
7972,8823,0.4713253,1
8359,7973,0.43993175,1
8667,7973,0.89394164,1
7973,8983,0.8961001,1
9603,7973,0.9180604,1
7980,8298,0.54360545,1
9360,7980,0.6472986,1
8243,7984,0.89657664,1
7987,8117,0.467834,1
9779,7987,0.5146354,1
7989,8579,0.4572539,1
7989,9517,0.78229463,1
8554,7990,0.37318403,1
7991,8029,0.77421206,1
7991,8244,0.43369856,1
8868,7992,0.8865208,1
9469,7992,0.56808317,1
8106,7993,0.5687801,1
8108,7993,0.6431162,1
8208,7995,0.86738825,1
7995,8705,0.9401972,1
8671,7996,0.92943084,1
7996,8831,0.8269501,1
8542,7997,0.35053772,1
8273,7998,0.9361155,1
7998,8482,0.4459946,1
7998,9658,0.96645,1
7999,8098,0.80584276,1
7999,8206,0.9498585,1
8004,9237,0.9114227,1
8214,8012,0.64393324,1
8330,8013,0.56677634,1
8692,8013,0.4544925,1
8013,8694,0.5110567,1
8013,8785,0.42143086,1
8997,8013,0.645496,1
9307,8013,0.64812773,1
8017,8358,0.45529065,1
8309,8019,0.8197173,1
8019,8677,0.9067533,1
8021,8031,0.53142065,1
8429,8021,0.8061233,1
8021,8843,0.43679056,1
9138,8021,0.81437004,1
9210,8021,0.8628814,1
9211,8021,0.8905473,1
9465,8021,0.8148219,1
9659,8021,0.64897984,1
8021,9677,0.43603823,1
8022,8368,0.44866228,1
8910,8022,0.37576059,1
8931,8022,0.5305574,1
8024,8034,0.87274134,1
8577,8024,0.88359624,1
8948,8024,0.72031695,1
9240,8024,0.36819202,1
8024,9264,0.43393773,1
8554,8027,0.502965,1
8027,8756,0.30775326,1
8027,8888,0.6357188,1
8029,8244,0.7250785,1
8031,8429,0.5109765,1
8843,8031,0.8890475,1
9138,8031,0.94728225,1
8031,9210,0.67226887,1
9211,8031,0.68280953,1
9465,8031,0.3171182,1
8577,8034,0.87274134,1
8034,8948,0.9249227,1
9264,8034,0.6903625,1
8034,9400,0.33435044,1
8042,9135,0.85511786,1
8361,8057,0.57215357,1
8418,8057,0.4459239,1
8057,8502,0.32920635,1
8057,8588,0.4070137,1
8057,8876,0.5146971,1
8059,8274,0.5664351,1
8538,8059,0.9252166,1
8059,8748,0.93761134,1
8060,8061,0.45980597,1
8379,8060,0.9802977,1
8696,8060,0.6415923,1
9388,8060,0.6830108,1
8379,8061,0.860966,1
8061,8696,0.5931673,1
8761,8061,0.346149,1
8769,8061,0.48098183,1
8800,8061,0.48723844,1
8061,9388,0.35308495,1
8062,8063,0.6986241,1
8064,8062,0.9836901,1
8354,8062,0.47556752,1
8062,8369,0.3011308,1
8575,8062,0.6538917,1
8062,9039,0.86496955,1
8062,9041,0.48459518,1
8062,9792,0.34815153,1
8064,8063,0.78841406,1
8063,8354,0.51100117,1
8063,8575,0.33977774,1
9039,8063,0.49113688,1
8063,9041,0.30084887,1
8354,8064,0.8965053,1
8064,8369,0.35519448,1
8575,8064,0.66236305,1
9039,8064,0.82478833,1
8064,9040,0.76321507,1
8064,9041,0.72171503,1
9792,8064,0.673538,1
8065,8575,0.45522323,1
8165,8066,0.7049149,1
8066,8502,0.72679925,1
8066,8576,0.926775,1
8682,8066,0.30341813,1
8445,8069,0.7015068,1
8069,8853,0.84284973,1
9064,8069,0.6440146,1
9338,8069,0.7822532,1
9233,8070,0.56267226,1
8078,8082,0.40130338,1
8151,8078,0.34858716,1
9300,8078,0.31857973,1
8082,8645,0.42971092,1
9300,8082,0.87718976,1
8087,8085,0.6794972,1
8151,8085,0.7075533,1
8087,8151,0.4418419,1
8095,8330,0.31498852,1
8689,8095,0.55149394,1
9307,8095,0.33088246,1
8095,9327,0.4191409,1
8098,8206,0.6711471,1
8106,8108,0.3488176,1
9450,8117,0.9661262,1
9779,8117,0.38478327,1
8125,8301,0.32686555,1
8135,8129,0.51040447,1
8170,8129,0.82353705,1
8129,8337,0.35127345,1
8129,8359,0.36096522,1
8377,8129,0.36803,1
8131,8323,0.8997663,1
8766,8131,0.9051364,1
8910,8131,0.38391626,1
8584,8135,0.3327966,1
8135,9467,0.94897383,1
8148,9785,0.36278298,1
8150,8170,0.43302953,1
8150,8728,0.5225865,1
9362,8150,0.82609904,1
8151,9373,0.41910374,1
9383,8151,0.3398761,1
8159,8154,0.45499974,1
8174,8154,0.40351155,1
8154,8695,0.82795423,1
8174,8159,0.31207514,1
8306,8159,0.39841747,1
8159,8532,0.32251987,1
8679,8159,0.39423433,1
8809,8159,0.5165302,1
9480,8159,0.5125762,1
8337,8160,0.37230578,1
8160,8359,0.43666482,1
8756,8160,0.5110623,1
8162,9210,0.31413004,1
8162,9211,0.5594371,1
9465,8162,0.64258206,1
9677,8162,0.36546806,1
8737,8163,0.7351237,1
8163,8896,0.8783101,1
8576,8165,0.52419287,1
9294,8165,0.3234151,1
8728,8170,0.32415196,1
9362,8170,0.5263692,1
8170,9366,0.30104125,1
9373,8171,0.43478212,1
8171,9383,0.645201,1
8285,8173,0.59449863,1
8174,8286,0.9644515,1
8179,8295,0.8304934,1
8186,8726,0.9328311,1
9235,8186,0.6313301,1
8198,9794,0.8954457,1
8705,8208,0.99282163,1
8661,8238,0.45666108,1
9262,8238,0.5429504,1
8854,8242,0.34808344,1
9505,8252,0.76950634,1
8500,8253,0.544084,1
8788,8253,0.9079777,1
9141,8253,0.98541254,1
9201,8253,0.6593835,1
8253,9351,0.7316896,1
8253,9353,0.45085663,1
8253,9354,0.9073217,1
9414,8255,0.35393518,1
8255,9785,0.30872145,1
8258,8511,0.7337435,1
9406,8261,0.9564462,1
8482,8273,0.6540757,1
8273,9658,0.8739959,1
8274,8538,0.41678473,1
8274,8748,0.41344303,1
9499,8284,0.81497145,1
9055,8289,0.66543734,1
9433,8289,0.795839,1
8298,9360,0.37247804,1
8306,8479,0.929491,1
8306,8532,0.6720904,1
8306,8679,0.3450137,1
8950,8306,0.93344676,1
8306,9056,0.93344676,1
9480,8306,0.7386387,1
8677,8309,0.6039504,1
8313,8312,0.728295,1
8312,8314,0.31064913,1
8421,8312,0.5220205,1
8682,8312,0.5892839,1
8312,9791,0.4451358,1
8313,8682,0.7850243,1
8313,9489,0.5661713,1
8313,9791,0.7453581,1
8421,8314,0.61992466,1
8742,8315,0.97197163,1
8465,8320,0.986924,1
8320,8508,0.72234124,1
8837,8320,0.6459952,1
9191,8320,0.6789506,1
9305,8320,0.6770476,1
9355,8320,0.5373932,1
8323,8599,0.45698127,1
8323,8766,0.86107665,1
8323,8910,0.30526528,1
8931,8323,0.30846366,1
8330,8692,0.868292,1
8694,8330,0.91605204,1
8785,8330,0.6750229,1
8330,8997,0.7647689,1
9307,8330,0.90695685,1
8338,9373,0.50439364,1
8352,9458,0.61243373,1
8575,8354,0.41248056,1
9039,8354,0.5911034,1
9040,8354,0.33004767,1
8418,8361,0.37317467,1
8588,8361,0.5021833,1
8361,8876,0.95938224,1
8361,9260,0.6128995,1
8599,8368,0.40954626,1
8368,8766,0.4765673,1
8368,8931,0.73462826,1
8369,8575,0.34892094,1
9039,8369,0.3782712,1
8872,8371,0.5813775,1
8940,8371,0.6615226,1
8941,8371,0.57673156,1
9101,8373,0.918845,1
8799,8377,0.31179348,1
9487,8377,0.6184831,1
8379,8769,0.833726,1
8379,8800,0.71418613,1
8381,8383,0.85463864,1
8405,8619,0.7149577,1
8411,8482,0.44304752,1
8411,8514,0.47387,1
9310,8411,0.97008353,1
8418,8663,0.5930385,1
9260,8418,0.5441177,1
8425,8513,0.38400158,1
8429,8843,0.59132594,1
8429,9138,0.43772027,1
8429,9210,0.74040586,1
8429,9211,0.7770118,1
8434,8949,0.49589103,1
9429,8442,0.6670227,1
9338,8444,0.40955457,1
8444,9429,0.5785334,1
8445,8853,0.8651164,1
9064,8445,0.5641391,1
8445,9338,0.84955305,1
8459,9001,0.9221477,1
8459,9641,0.731629,1
8465,8508,0.6838212,1
8465,8837,0.46085104,1
9191,8465,0.5182383,1
8465,9305,0.6744599,1
8465,9355,0.7080381,1
8532,8479,0.88175166,1
8479,8679,0.5294895,1
8950,8479,0.8725258,1
8479,9056,0.8725258,1
9480,8479,0.7939908,1
8482,9658,0.56412077,1
8484,9272,0.96521485,1
8550,8489,0.40581757,1
8500,8788,0.5145234,1
9141,8500,0.49898297,1
9201,8500,0.757435,1
9354,8500,0.9014938,1
8502,8576,0.6446337,1
8732,8505,0.9583836,1
9054,8505,0.3019356,1
8508,8837,0.9427812,1
8508,9305,0.909516,1
9355,8508,0.9418533,1
8513,9528,0.4243369,1
9532,8513,0.4243369,1
9310,8514,0.5175165,1
8789,8516,0.34326285,1
9353,8516,0.9414055,1
8679,8532,0.34360746,1
8950,8532,0.8829654,1
8532,9056,0.8829654,1
8532,9480,0.50268525,1
8748,8538,0.6960598,1
8890,8542,0.82082635,1
8545,8831,0.3301351,1
8554,8756,0.5591145,1
8888,8554,0.88847107,1
8558,8612,0.40895614,1
8558,8683,0.32969686,1
8558,9385,0.32790864,1
8575,9039,0.7865102,1
8575,9041,0.91505307,1
9792,8575,0.49988213,1
8576,8682,0.3847925,1
9489,8576,0.55574626,1
8577,8948,0.72031695,1
9240,8577,0.36819202,1
9264,8577,0.43393773,1
9517,8579,0.3055895,1
9467,8584,0.9799479,1
8586,8795,0.77274096,1
9267,8586,0.87773997,1
8876,8588,0.52124614,1
9260,8588,0.36817008,1
8593,8823,0.41097927,1
8599,8766,0.39073655,1
8599,8768,0.8723604,1
8599,8910,0.96750253,1
8609,8611,0.6252853,1
8609,8742,0.30264986,1
8744,8609,0.5270309,1
8609,9321,0.8724866,1
8609,9384,0.77342355,1
8611,8742,0.6768179,1
8611,8744,0.6201594,1
8611,9321,0.609473,1
8611,9384,0.8200697,1
8612,8683,0.7965554,1
8612,8687,0.33773014,1
8612,8774,0.99526167,1
8612,9175,0.76378983,1
8612,9232,0.35412297,1
8612,9276,0.47437766,1
9292,8612,0.49262843,1
9385,8612,0.91754353,1
8639,8856,0.93953097,1
8798,8644,0.96211857,1
8644,8855,0.40815246,1
9432,8644,0.96211857,1
8645,9300,0.5278657,1
8661,8701,0.7292669,1
8667,9603,0.9554943,1
8671,8831,0.8814836,1
9426,8674,0.9226865,1
8809,8679,0.5230399,1
8679,8950,0.6583412,1
8679,9056,0.6583412,1
9480,8679,0.88614583,1
8682,9489,0.4573228,1
8682,9791,0.93941617,1
8774,8683,0.6675536,1
8683,9175,0.7981836,1
9232,8683,0.5299716,1
8683,9276,0.8130901,1
9292,8683,0.4770421,1
9385,8683,0.5482711,1
9074,8684,0.7313023,1
8687,8686,0.34538248,1
8992,8686,0.5072445,1
9385,8686,0.35053945,1
8686,9486,0.4206278,1
8687,8804,0.503756,1
8992,8687,0.84754515,1
9376,8687,0.3255734,1
9486,8687,0.5885501,1
9327,8689,0.6793099,1
9492,8689,0.8194634,1
9180,8691,0.56307137,1
8692,8694,0.87396455,1
8692,8785,0.5883185,1
8997,8692,0.7174472,1
8692,9307,0.9164331,1
8694,8785,0.4710911,1
8997,8694,0.6533474,1
9307,8694,0.91887444,1
8761,8696,0.98855364,1
8769,8696,0.74779487,1
8800,8696,0.8209572,1
8696,9388,0.9318659,1
9262,8701,0.4624655,1
9235,8726,0.44836035,1
8732,8763,0.30804586,1
9054,8732,0.32598826,1
8732,9345,0.34474874,1
8737,8765,0.33416402,1
8737,8861,0.71052974,1
9341,8737,0.92233104,1
8738,8739,0.9462002,1
8738,8741,0.3429042,1
8741,8739,0.59972143,1
8744,8742,0.3140597,1
8742,9321,0.326595,1
9384,8742,0.6768179,1
9321,8744,0.51113576,1
8744,9384,0.6668321,1
9681,8752,0.44474635,1
8756,8888,0.753024,1
9434,8759,0.9870379,1
8769,8761,0.8917019,1
8761,8800,0.7963196,1
8761,9388,0.9342312,1
8763,9054,0.6805444,1
8763,9345,0.7897973,1
8765,8896,0.4093033,1
8768,8766,0.3100082,1
8768,8910,0.84800345,1
8769,8800,0.8685831,1
8769,9388,0.43715987,1
9175,8774,0.92617786,1
9232,8774,0.6699957,1
8774,9276,0.91850793,1
8774,9292,0.45499772,1
8774,9385,0.944865,1
8779,8795,0.6435475,1
9267,8779,0.7798144,1
8785,8997,0.40353283,1
8785,9307,0.61013377,1
9141,8788,0.6652757,1
8788,9201,0.93218213,1
8788,9351,0.43042508,1
8789,9201,0.32922918,1
8795,9267,0.9664175,1
9432,8798,0.88359624,1
8799,9487,0.9691449,1
9388,8800,0.89656496,1
8802,9343,0.5644505,1
9136,8804,0.7347883,1
9231,8804,0.970363,1
8809,8950,0.40623915,1
8809,9056,0.40623915,1
8809,9480,0.33933336,1
9191,8837,0.49782982,1
8837,9305,0.6237105,1
8837,9355,0.7933062,1
8842,8841,0.31295228,1
9138,8843,0.851869,1
9210,8843,0.7093257,1
9211,8843,0.8749995,1
9465,8843,0.5156596,1
9659,8843,0.4727098,1
9677,8843,0.73965937,1
9064,8853,0.7491825,1
8853,9338,0.662067,1
8856,9077,0.9540152,1
9261,8856,0.3137779,1
8856,9316,0.967716,1
8861,9341,0.8516664,1
8868,9469,0.9500945,1
8872,8884,0.81851256,1
8876,9260,0.6472275,1
8879,8961,0.6004253,1
9709,8879,0.8574335,1
8889,9561,0.53884965,1
9341,8896,0.37629503,1
8910,8931,0.41668501,1
8941,8940,0.8735068,1
9240,8948,0.78834486,1
9264,8948,0.8437663,1
8948,9400,0.86323804,1
8950,9056,0.88359624,1
9480,8950,0.82604975,1
8961,9709,0.92689425,1
8983,9603,0.38331994,1
9376,8992,0.42468882,1
9385,8992,0.36346784,1
8997,9307,0.806494,1
9001,9641,0.98374766,1
9016,9315,0.7717085,1
9306,9020,0.9151544,1
9039,9040,0.519794,1
9041,9039,0.6903628,1
9039,9792,0.31408396,1
9040,9041,0.32057834,1
9792,9041,0.5028262,1
9345,9054,0.43290418,1
9055,9433,0.7944704,1
9480,9056,0.82604975,1
9064,9338,0.8141912,1
9077,9261,0.6681934,1
9316,9077,0.9913663,1
9077,9566,0.3955243,1
9231,9136,0.910868,1
9136,9376,0.3078369,1
9210,9138,0.7754396,1
9211,9138,0.84286577,1
9465,9138,0.85947865,1
9659,9138,0.39107275,1
9677,9138,0.57010174,1
9139,9251,0.7414865,1
9201,9141,0.6848086,1
9141,9351,0.77256954,1
9353,9141,0.35850573,1
9141,9354,0.49169102,1
9175,9232,0.9355576,1
9276,9175,0.9019007,1
9385,9175,0.7922503,1
9191,9355,0.48486418,1
9211,9210,0.970983,1
9659,9210,0.60889864,1
9677,9210,0.6760253,1
9465,9211,0.8828313,1
9659,9211,0.4703825,1
9677,9211,0.5730359,1
9376,9231,0.48696122,1
9276,9232,0.79701066,1
9264,9240,0.5786173,1
9400,9240,0.560352,1
9315,9258,0.34895137,1
9261,9316,0.6135809,1
9566,9261,0.77429175,1
9264,9400,0.41993618,1
9385,9276,0.6091816,1
9385,9292,0.48528504,1
9355,9305,0.93906736,1
9316,9566,0.39685658,1
9384,9321,0.6339529,1
9327,9492,0.92131084,1
9331,9330,0.47757316,1
9332,9330,0.8308554,1
9332,9331,0.89847577,1
9362,9366,0.31015348,1
9373,9383,0.9793203,1
9493,9376,0.3478413,1
9387,9458,0.81434655,1
9445,9404,0.90695685,1
9461,9460,0.82278514,1
9659,9465,0.65888,1
9677,9465,0.54579204,1
9489,9791,0.44007358,1
9495,9493,0.93612045,1
9524,9526,0.75454915,1
9725,9524,0.590042,1
9528,9532,0.88359624,1
9528,9756,0.3636868,1
9756,9532,0.3636868,1
9756,9646,0.5064963,1
9681,9796,0.75303787,1
